player_id,player_name,first_season,last_season,team_count,teams,bbref_url
smithis01,Ish Smith,2010-11,2023-24,13,Houston Rockets | Memphis Grizzlies | Golden State Warriors | Orlando Magic | Milwaukee Bucks | Phoenix Suns | Oklahoma City Thunder | Philadelphia 76ers | New Orleans Pelicans | Detroit Pistons | Washington Wizards | Charlotte Hornets | Denver Nuggets,https://www.basketball-reference.com/players/s/smithis01.html
brownch01,Chucky Brown,1989-90,2001-02,12,Cleveland Cavaliers | Los Angeles Lakers | Brooklyn Nets | Dallas Mavericks | Houston Rockets | Phoenix Suns | Milwaukee Bucks | Atlanta Hawks | Charlotte Hornets | San Antonio Spurs | Golden State Warriors | Sacramento Kings,https://www.basketball-reference.com/players/b/brownch01.html
templga01,Garrett Temple,2009-10,2025-26,12,Houston Rockets | Sacramento Kings | San Antonio Spurs | Milwaukee Bucks | Charlotte Hornets | Washington Wizards | Memphis Grizzlies | LA Clippers | Brooklyn Nets | Chicago Bulls | New Orleans Pelicans | Toronto Raptors,https://www.basketball-reference.com/players/t/templga01.html
jacksji01,Jim Jackson,1992-93,2005-06,12,Dallas Mavericks | Brooklyn Nets | Philadelphia 76ers | Golden State Warriors | Portland Trail Blazers | Atlanta Hawks | Cleveland Cavaliers | Miami Heat | Sacramento Kings | Houston Rockets | Phoenix Suns | Los Angeles Lakers,https://www.basketball-reference.com/players/j/jacksji01.html
smithjo02,Joe Smith,1995-96,2010-11,12,Golden State Warriors | Philadelphia 76ers | Minnesota Timberwolves | Detroit Pistons | Milwaukee Bucks | Denver Nuggets | Chicago Bulls | Cleveland Cavaliers | Oklahoma City Thunder | Atlanta Hawks | Brooklyn Nets | Los Angeles Lakers,https://www.basketball-reference.com/players/s/smithjo02.html
masseto01,Tony Massenburg,1990-91,2004-05,12,San Antonio Spurs | Charlotte Hornets | Boston Celtics | Golden State Warriors | LA Clippers | Toronto Raptors | Philadelphia 76ers | Brooklyn Nets | Memphis Grizzlies | Houston Rockets | Utah Jazz | Sacramento Kings,https://www.basketball-reference.com/players/m/masseto01.html
tollian01,Anthony Tolliver,2008-09,2020-21,11,San Antonio Spurs | Portland Trail Blazers | Golden State Warriors | Minnesota Timberwolves | Atlanta Hawks | Charlotte Hornets | Phoenix Suns | Detroit Pistons | Sacramento Kings | Memphis Grizzlies | Philadelphia 76ers,https://www.basketball-reference.com/players/t/tollian01.html
augusdj01,D.J. Augustin,2008-09,2021-22,11,Charlotte Hornets | Indiana Pacers | Toronto Raptors | Chicago Bulls | Detroit Pistons | Oklahoma City Thunder | Denver Nuggets | Orlando Magic | Milwaukee Bucks | Houston Rockets | Los Angeles Lakers,https://www.basketball-reference.com/players/a/augusdj01.html
schrode01,Dennis Schröder,2013-14,2025-26,11,Atlanta Hawks | Oklahoma City Thunder | Los Angeles Lakers | Boston Celtics | Houston Rockets | Toronto Raptors | Brooklyn Nets | Golden State Warriors | Detroit Pistons | Sacramento Kings | Cleveland Cavaliers,https://www.basketball-reference.com/players/s/schrode01.html
greenje02,Jeff Green,2007-08,2025-26,11,Oklahoma City Thunder | Boston Celtics | Memphis Grizzlies | LA Clippers | Orlando Magic | Cleveland Cavaliers | Washington Wizards | Utah Jazz | Houston Rockets | Brooklyn Nets | Denver Nuggets,https://www.basketball-reference.com/players/g/greenje02.html
ollieke01,Kevin Ollie,1997-98,2009-10,11,Dallas Mavericks | Orlando Magic | Sacramento Kings | Philadelphia 76ers | Brooklyn Nets | Chicago Bulls | Indiana Pacers | Milwaukee Bucks | Oklahoma City Thunder | Cleveland Cavaliers | Minnesota Timberwolves,https://www.basketball-reference.com/players/o/ollieke01.html
jamesmi01,Mike James,2001-02,2013-14,11,Miami Heat | Boston Celtics | Detroit Pistons | Milwaukee Bucks | Houston Rockets | Toronto Raptors | Minnesota Timberwolves | New Orleans Pelicans | Washington Wizards | Chicago Bulls | Dallas Mavericks,https://www.basketball-reference.com/players/j/jamesmi01.html
williaa01,Aaron Williams,1993-94,2007-08,10,Utah Jazz | Milwaukee Bucks | Denver Nuggets | Memphis Grizzlies | Oklahoma City Thunder | Washington Wizards | Brooklyn Nets | Toronto Raptors | New Orleans Pelicans | LA Clippers,https://www.basketball-reference.com/players/w/williaa01.html
jonesda01,Damon Jones,1998-99,2008-09,10,Brooklyn Nets | Boston Celtics | Golden State Warriors | Dallas Mavericks | Memphis Grizzlies | Detroit Pistons | Sacramento Kings | Milwaukee Bucks | Miami Heat | Cleveland Cavaliers,https://www.basketball-reference.com/players/j/jonesda01.html
wrighde01,Delon Wright,2015-16,2024-25,10,Toronto Raptors | Memphis Grizzlies | Dallas Mavericks | Detroit Pistons | Sacramento Kings | Atlanta Hawks | Washington Wizards | Miami Heat | Milwaukee Bucks | New York Knicks,https://www.basketball-reference.com/players/w/wrighde01.html
goodedr01,Drew Gooden,2002-03,2015-16,10,Memphis Grizzlies | Orlando Magic | Cleveland Cavaliers | Chicago Bulls | Sacramento Kings | San Antonio Spurs | Dallas Mavericks | LA Clippers | Milwaukee Bucks | Washington Wizards,https://www.basketball-reference.com/players/g/goodedr01.html
boykiea01,Earl Boykins,1998-99,2011-12,10,Brooklyn Nets | Cleveland Cavaliers | Orlando Magic | LA Clippers | Golden State Warriors | Denver Nuggets | Milwaukee Bucks | Charlotte Hornets | Washington Wizards | Houston Rockets,https://www.basketball-reference.com/players/b/boykiea01.html
thomais02,Isaiah Thomas,2011-12,2023-24,10,Sacramento Kings | Phoenix Suns | Boston Celtics | Cleveland Cavaliers | Los Angeles Lakers | Denver Nuggets | Washington Wizards | New Orleans Pelicans | Dallas Mavericks | Charlotte Hornets,https://www.basketball-reference.com/players/t/thomais02.html
ennisja01,James Ennis III,2014-15,2021-22,10,Miami Heat | Memphis Grizzlies | New Orleans Pelicans | Detroit Pistons | Houston Rockets | Philadelphia 76ers | Orlando Magic | Brooklyn Nets | LA Clippers | Denver Nuggets,https://www.basketball-reference.com/players/e/ennisja01.html
johnsja01,James Johnson,2009-10,2024-25,10,Chicago Bulls | Toronto Raptors | Sacramento Kings | Memphis Grizzlies | Miami Heat | Minnesota Timberwolves | Dallas Mavericks | New Orleans Pelicans | Brooklyn Nets | Indiana Pacers,https://www.basketball-reference.com/players/j/johnsja01.html
holidju01,Justin Holiday,2012-13,2023-24,10,Philadelphia 76ers | Golden State Warriors | Atlanta Hawks | Chicago Bulls | New York Knicks | Memphis Grizzlies | Indiana Pacers | Sacramento Kings | Dallas Mavericks | Denver Nuggets,https://www.basketball-reference.com/players/h/holidju01.html
amundlo01,Lou Amundson,2006-07,2015-16,10,Utah Jazz | Philadelphia 76ers | Phoenix Suns | Golden State Warriors | Indiana Pacers | Minnesota Timberwolves | Chicago Bulls | New Orleans Pelicans | Cleveland Cavaliers | New York Knicks,https://www.basketball-reference.com/players/a/amundlo01.html
bryanma01,Mark Bryant,1988-89,2002-03,10,Portland Trail Blazers | Houston Rockets | Phoenix Suns | Chicago Bulls | Cleveland Cavaliers | Dallas Mavericks | San Antonio Spurs | Philadelphia 76ers | Denver Nuggets | Boston Celtics,https://www.basketball-reference.com/players/b/bryanma01.html
curryse01,Seth Curry,2013-14,2025-26,10,Memphis Grizzlies | Cleveland Cavaliers | Phoenix Suns | Sacramento Kings | Dallas Mavericks | Portland Trail Blazers | Philadelphia 76ers | Brooklyn Nets | Charlotte Hornets | Golden State Warriors,https://www.basketball-reference.com/players/c/curryse01.html
arizatr01,Trevor Ariza,2004-05,2021-22,10,New York Knicks | Orlando Magic | Los Angeles Lakers | Houston Rockets | New Orleans Pelicans | Washington Wizards | Phoenix Suns | Sacramento Kings | Portland Trail Blazers | Miami Heat,https://www.basketball-reference.com/players/a/arizatr01.html
millean02,Andre Miller,1999-00,2015-16,9,Cleveland Cavaliers | LA Clippers | Denver Nuggets | Philadelphia 76ers | Portland Trail Blazers | Washington Wizards | Sacramento Kings | Minnesota Timberwolves | San Antonio Spurs,https://www.basketball-reference.com/players/m/millean02.html
goldwan01,Anthony Goldwire,1995-96,2005-06,9,Charlotte Hornets | Denver Nuggets | San Antonio Spurs | Washington Wizards | Minnesota Timberwolves | Brooklyn Nets | Detroit Pistons | Milwaukee Bucks | LA Clippers,https://www.basketball-reference.com/players/g/goldwan01.html
benjabe01,Benoit Benjamin,1985-86,1999-00,9,LA Clippers | Oklahoma City Thunder | Los Angeles Lakers | Brooklyn Nets | Memphis Grizzlies | Milwaukee Bucks | Toronto Raptors | Philadelphia 76ers | Cleveland Cavaliers,https://www.basketball-reference.com/players/b/benjabe01.html
knighbr01,Brevin Knight,1997-98,2008-09,9,Cleveland Cavaliers | Atlanta Hawks | Memphis Grizzlies | Phoenix Suns | Washington Wizards | Milwaukee Bucks | Charlotte Hornets | LA Clippers | Utah Jazz,https://www.basketball-reference.com/players/k/knighbr01.html
butleca01,Caron Butler,2002-03,2015-16,9,Miami Heat | Los Angeles Lakers | Washington Wizards | Dallas Mavericks | LA Clippers | Milwaukee Bucks | Oklahoma City Thunder | Detroit Pistons | Sacramento Kings,https://www.basketball-reference.com/players/b/butleca01.html
houseed01,Eddie House,2000-01,2010-11,9,Miami Heat | LA Clippers | Charlotte Hornets | Milwaukee Bucks | Sacramento Kings | Phoenix Suns | Brooklyn Nets | Boston Celtics | New York Knicks,https://www.basketball-reference.com/players/h/houseed01.html
fostegr01,Greg Foster,1990-91,2002-03,9,Washington Wizards | Atlanta Hawks | Milwaukee Bucks | Chicago Bulls | Minnesota Timberwolves | Utah Jazz | Oklahoma City Thunder | Los Angeles Lakers | Toronto Raptors,https://www.basketball-reference.com/players/f/fostegr01.html
monrogr01,Greg Monroe,2010-11,2021-22,9,Detroit Pistons | Milwaukee Bucks | Phoenix Suns | Boston Celtics | Toronto Raptors | Philadelphia 76ers | Minnesota Timberwolves | Washington Wizards | Utah Jazz,https://www.basketball-reference.com/players/m/monrogr01.html
mcgeeja01,JaVale McGee,2008-09,2023-24,9,Washington Wizards | Denver Nuggets | Philadelphia 76ers | Dallas Mavericks | Golden State Warriors | Los Angeles Lakers | Cleveland Cavaliers | Phoenix Suns | Sacramento Kings,https://www.basketball-reference.com/players/m/mcgeeja01.html
crowdja01,Jae Crowder,2012-13,2024-25,9,Dallas Mavericks | Boston Celtics | Cleveland Cavaliers | Utah Jazz | Memphis Grizzlies | Miami Heat | Phoenix Suns | Milwaukee Bucks | Sacramento Kings,https://www.basketball-reference.com/players/c/crowdja01.html
crawfja01,Jamal Crawford,2000-01,2019-20,9,Chicago Bulls | New York Knicks | Golden State Warriors | Atlanta Hawks | Portland Trail Blazers | LA Clippers | Minnesota Timberwolves | Phoenix Suns | Brooklyn Nets,https://www.basketball-reference.com/players/c/crawfja01.html
jacksja01,Jaren Jackson,1989-90,2001-02,9,Brooklyn Nets | Golden State Warriors | LA Clippers | Portland Trail Blazers | Philadelphia 76ers | Houston Rockets | Washington Wizards | San Antonio Spurs | Orlando Magic,https://www.basketball-reference.com/players/j/jacksja01.html
hartja01,Jason Hart,2000-01,2009-10,9,Milwaukee Bucks | San Antonio Spurs | Charlotte Hornets | Sacramento Kings | LA Clippers | Utah Jazz | Denver Nuggets | Minnesota Timberwolves | New Orleans Pelicans,https://www.basketball-reference.com/players/h/hartja01.html
anderke01,Kenny Anderson,1991-92,2004-05,9,Brooklyn Nets | Charlotte Hornets | Portland Trail Blazers | Boston Celtics | Oklahoma City Thunder | New Orleans Pelicans | Indiana Pacers | Atlanta Hawks | LA Clippers,https://www.basketball-reference.com/players/a/anderke01.html
thomaku01,Kurt Thomas,1995-96,2012-13,9,Miami Heat | Dallas Mavericks | New York Knicks | Phoenix Suns | Oklahoma City Thunder | San Antonio Spurs | Milwaukee Bucks | Chicago Bulls | Portland Trail Blazers,https://www.basketball-reference.com/players/t/thomaku01.html
belinma01,Marco Belinelli,2007-08,2019-20,9,Golden State Warriors | Toronto Raptors | New Orleans Pelicans | Chicago Bulls | San Antonio Spurs | Sacramento Kings | Charlotte Hornets | Atlanta Hawks | Philadelphia 76ers,https://www.basketball-reference.com/players/b/belinma01.html
barnema02,Matt Barnes,2003-04,2016-17,9,LA Clippers | Sacramento Kings | New York Knicks | Philadelphia 76ers | Golden State Warriors | Phoenix Suns | Orlando Magic | Los Angeles Lakers | Memphis Grizzlies,https://www.basketball-reference.com/players/b/barnema02.html
mooremi01,Mikki Moore,1998-99,2011-12,9,Detroit Pistons | Boston Celtics | Atlanta Hawks | Brooklyn Nets | Utah Jazz | LA Clippers | Oklahoma City Thunder | Sacramento Kings | Golden State Warriors,https://www.basketball-reference.com/players/m/mooremi01.html
rondora01,Rajon Rondo,2006-07,2021-22,9,Boston Celtics | Dallas Mavericks | Sacramento Kings | Chicago Bulls | New Orleans Pelicans | Los Angeles Lakers | Atlanta Hawks | LA Clippers | Cleveland Cavaliers,https://www.basketball-reference.com/players/r/rondora01.html
livinra01,Randy Livingston,1996-97,2006-07,9,Houston Rockets | Atlanta Hawks | Phoenix Suns | Golden State Warriors | Oklahoma City Thunder | New Orleans Pelicans | LA Clippers | Utah Jazz | Chicago Bulls,https://www.basketball-reference.com/players/l/livinra01.html
lopezro01,Robin Lopez,2008-09,2023-24,9,Phoenix Suns | New Orleans Pelicans | Portland Trail Blazers | New York Knicks | Chicago Bulls | Milwaukee Bucks | Washington Wizards | Orlando Magic | Cleveland Cavaliers,https://www.basketball-reference.com/players/l/lopezro01.html
stricro02,Rod Strickland,1988-89,2004-05,9,New York Knicks | San Antonio Spurs | Portland Trail Blazers | Washington Wizards | Miami Heat | Minnesota Timberwolves | Orlando Magic | Toronto Raptors | Houston Rockets,https://www.basketball-reference.com/players/s/stricro02.html
holliry01,Ryan Hollins,2006-07,2015-16,9,Charlotte Hornets | Dallas Mavericks | Minnesota Timberwolves | Cleveland Cavaliers | Boston Celtics | LA Clippers | Sacramento Kings | Washington Wizards | Memphis Grizzlies,https://www.basketball-reference.com/players/h/holliry01.html
livinsh01,Shaun Livingston,2004-05,2018-19,9,LA Clippers | Miami Heat | Oklahoma City Thunder | Washington Wizards | Charlotte Hornets | Milwaukee Bucks | Cleveland Cavaliers | Brooklyn Nets | Golden State Warriors,https://www.basketball-reference.com/players/l/livinsh01.html
novakst01,Steve Novak,2006-07,2016-17,9,Houston Rockets | LA Clippers | Dallas Mavericks | San Antonio Spurs | New York Knicks | Toronto Raptors | Utah Jazz | Oklahoma City Thunder | Milwaukee Bucks,https://www.basketball-reference.com/players/n/novakst01.html
ratlith01,Theo Ratliff,1995-96,2010-11,9,Detroit Pistons | Philadelphia 76ers | Atlanta Hawks | Portland Trail Blazers | Boston Celtics | Minnesota Timberwolves | San Antonio Spurs | Charlotte Hornets | Los Angeles Lakers,https://www.basketball-reference.com/players/r/ratlith01.html
fraziti01,Tim Frazier,2014-15,2021-22,9,Philadelphia 76ers | Portland Trail Blazers | New Orleans Pelicans | Washington Wizards | Milwaukee Bucks | Detroit Pistons | Memphis Grizzlies | Orlando Magic | Cleveland Cavaliers,https://www.basketball-reference.com/players/f/fraziti01.html
kemptti01,Tim Kempton,1986-87,1997-98,9,LA Clippers | Charlotte Hornets | Denver Nuggets | Phoenix Suns | Cleveland Cavaliers | Atlanta Hawks | San Antonio Spurs | Orlando Magic | Toronto Raptors,https://www.basketball-reference.com/players/k/kemptti01.html
brownto01,Tony Brown,1984-85,1991-92,9,Indiana Pacers | Chicago Bulls | Brooklyn Nets | Houston Rockets | Milwaukee Bucks | Los Angeles Lakers | Utah Jazz | LA Clippers | Oklahoma City Thunder,https://www.basketball-reference.com/players/b/brownto01.html
corbity01,Tyrone Corbin,1985-86,2000-01,9,San Antonio Spurs | Cleveland Cavaliers | Phoenix Suns | Minnesota Timberwolves | Utah Jazz | Atlanta Hawks | Sacramento Kings | Miami Heat | Toronto Raptors,https://www.basketball-reference.com/players/c/corbity01.html
ellinwa01,Wayne Ellington,2009-10,2021-22,9,Minnesota Timberwolves | Memphis Grizzlies | Cleveland Cavaliers | Dallas Mavericks | Los Angeles Lakers | Brooklyn Nets | Miami Heat | Detroit Pistons | New York Knicks,https://www.basketball-reference.com/players/e/ellinwa01.html
burksal01,Alec Burks,2011-12,2024-25,8,Utah Jazz | Cleveland Cavaliers | Sacramento Kings | Golden State Warriors | Philadelphia 76ers | New York Knicks | Detroit Pistons | Miami Heat,https://www.basketball-reference.com/players/b/burksal01.html
udrihbe01,Beno Udrih,2004-05,2016-17,8,San Antonio Spurs | Sacramento Kings | Milwaukee Bucks | Orlando Magic | New York Knicks | Memphis Grizzlies | Miami Heat | Detroit Pistons,https://www.basketball-reference.com/players/u/udrihbe01.html
lohaubr01,Brad Lohaus,1987-88,1997-98,8,Boston Celtics | Sacramento Kings | Minnesota Timberwolves | Milwaukee Bucks | Miami Heat | San Antonio Spurs | New York Knicks | Toronto Raptors,https://www.basketball-reference.com/players/l/lohaubr01.html
skinnbr01,Brian Skinner,1998-99,2011-12,8,LA Clippers | Cleveland Cavaliers | Philadelphia 76ers | Milwaukee Bucks | Sacramento Kings | Portland Trail Blazers | Phoenix Suns | Memphis Grizzlies,https://www.basketball-reference.com/players/s/skinnbr01.html
gatlich01,Chris Gatling,1991-92,2001-02,8,Golden State Warriors | Miami Heat | Dallas Mavericks | Brooklyn Nets | Milwaukee Bucks | Orlando Magic | Denver Nuggets | Cleveland Cavaliers,https://www.basketball-reference.com/players/g/gatlich01.html
woodch01,Christian Wood,2015-16,2023-24,8,Philadelphia 76ers | Charlotte Hornets | Milwaukee Bucks | New Orleans Pelicans | Detroit Pistons | Houston Rockets | Dallas Mavericks | Los Angeles Lakers,https://www.basketball-reference.com/players/w/woodch01.html
atkinch01,Chucky Atkins,1999-00,2009-10,8,Orlando Magic | Detroit Pistons | Boston Celtics | Los Angeles Lakers | Washington Wizards | Memphis Grizzlies | Denver Nuggets | Oklahoma City Thunder,https://www.basketball-reference.com/players/a/atkinch01.html
breweco01,Corey Brewer,2007-08,2019-20,8,Minnesota Timberwolves | Dallas Mavericks | Denver Nuggets | Houston Rockets | Los Angeles Lakers | Oklahoma City Thunder | Philadelphia 76ers | Sacramento Kings,https://www.basketball-reference.com/players/b/breweco01.html
leeco01,Courtney Lee,2008-09,2019-20,8,Orlando Magic | Brooklyn Nets | Houston Rockets | Boston Celtics | Memphis Grizzlies | Charlotte Hornets | New York Knicks | Dallas Mavericks,https://www.basketball-reference.com/players/l/leeco01.html
jonesda02,Dahntay Jones,2003-04,2016-17,8,Memphis Grizzlies | Sacramento Kings | Denver Nuggets | Indiana Pacers | Dallas Mavericks | Atlanta Hawks | LA Clippers | Cleveland Cavaliers,https://www.basketball-reference.com/players/j/jonesda02.html
gallida01,Danilo Gallinari,2008-09,2023-24,8,New York Knicks | Denver Nuggets | LA Clippers | Oklahoma City Thunder | Atlanta Hawks | Washington Wizards | Detroit Pistons | Milwaukee Bucks,https://www.basketball-reference.com/players/g/gallida01.html
woodda01,David Wood,1988-89,1996-97,8,Chicago Bulls | Houston Rockets | San Antonio Spurs | Detroit Pistons | Golden State Warriors | Phoenix Suns | Dallas Mavericks | Milwaukee Bucks,https://www.basketball-reference.com/players/w/woodda01.html
jordade01,DeAndre Jordan,2008-09,2025-26,8,LA Clippers | Dallas Mavericks | New York Knicks | Brooklyn Nets | Los Angeles Lakers | Philadelphia 76ers | Denver Nuggets | New Orleans Pelicans,https://www.basketball-reference.com/players/j/jordade01.html
carrode01,DeMarre Carroll,2009-10,2019-20,8,Memphis Grizzlies | Houston Rockets | Denver Nuggets | Utah Jazz | Atlanta Hawks | Toronto Raptors | Brooklyn Nets | San Antonio Spurs,https://www.basketball-reference.com/players/c/carrode01.html
marshdo01,Donyell Marshall,1994-95,2008-09,8,Minnesota Timberwolves | Golden State Warriors | Utah Jazz | Chicago Bulls | Toronto Raptors | Cleveland Cavaliers | Oklahoma City Thunder | Philadelphia 76ers,https://www.basketball-reference.com/players/m/marshdo01.html
overtdo01,Doug Overton,1992-93,2003-04,8,Washington Wizards | Denver Nuggets | Philadelphia 76ers | Orlando Magic | Brooklyn Nets | Boston Celtics | Charlotte Hornets | LA Clippers,https://www.basketball-reference.com/players/o/overtdo01.html
davised01,Ed Davis,2010-11,2021-22,8,Toronto Raptors | Memphis Grizzlies | Los Angeles Lakers | Portland Trail Blazers | Brooklyn Nets | Utah Jazz | Minnesota Timberwolves | Cleveland Cavaliers,https://www.basketball-reference.com/players/d/davised01.html
hillge01,George Hill,2008-09,2022-23,8,San Antonio Spurs | Indiana Pacers | Utah Jazz | Sacramento Kings | Cleveland Cavaliers | Milwaukee Bucks | Oklahoma City Thunder | Philadelphia 76ers,https://www.basketball-reference.com/players/h/hillge01.html
greenge01,Gerald Green,2005-06,2018-19,8,Boston Celtics | Minnesota Timberwolves | Houston Rockets | Dallas Mavericks | Brooklyn Nets | Indiana Pacers | Phoenix Suns | Miami Heat,https://www.basketball-reference.com/players/g/greenge01.html
eisleho01,Howard Eisley,1994-95,2005-06,8,Minnesota Timberwolves | San Antonio Spurs | Utah Jazz | Dallas Mavericks | New York Knicks | Phoenix Suns | LA Clippers | Denver Nuggets,https://www.basketball-reference.com/players/e/eisleho01.html
magloja01,Jamaal Magloire,2000-01,2011-12,8,Charlotte Hornets | New Orleans Pelicans | Milwaukee Bucks | Portland Trail Blazers | Brooklyn Nets | Dallas Mavericks | Miami Heat | Toronto Raptors,https://www.basketball-reference.com/players/m/magloja01.html
edwarja01,James Edwards,1979-80,1995-96,8,Indiana Pacers | Cleveland Cavaliers | Phoenix Suns | Detroit Pistons | LA Clippers | Los Angeles Lakers | Portland Trail Blazers | Chicago Bulls,https://www.basketball-reference.com/players/e/edwarja01.html
jackja01,Jarrett Jack,2005-06,2017-18,8,Portland Trail Blazers | Indiana Pacers | Toronto Raptors | New Orleans Pelicans | Golden State Warriors | Cleveland Cavaliers | Brooklyn Nets | New York Knicks,https://www.basketball-reference.com/players/j/jackja01.html
oldhaja01,Jawann Oldham,1980-81,1990-91,8,Denver Nuggets | Houston Rockets | Chicago Bulls | New York Knicks | Sacramento Kings | Orlando Magic | Los Angeles Lakers | Indiana Pacers,https://www.basketball-reference.com/players/o/oldhaja01.html
linje01,Jeremy Lin,2010-11,2018-19,8,Golden State Warriors | New York Knicks | Houston Rockets | Los Angeles Lakers | Charlotte Hornets | Brooklyn Nets | Atlanta Hawks | Toronto Raptors,https://www.basketball-reference.com/players/l/linje01.html
stackje01,Jerry Stackhouse,1995-96,2012-13,8,Philadelphia 76ers | Detroit Pistons | Washington Wizards | Dallas Mavericks | Milwaukee Bucks | Miami Heat | Atlanta Hawks | Brooklyn Nets,https://www.basketball-reference.com/players/s/stackje01.html
bayleje01,Jerryd Bayless,2008-09,2018-19,8,Portland Trail Blazers | New Orleans Pelicans | Toronto Raptors | Memphis Grizzlies | Boston Celtics | Milwaukee Bucks | Philadelphia 76ers | Minnesota Timberwolves,https://www.basketball-reference.com/players/b/bayleje01.html
barryjo01,Jon Barry,1992-93,2005-06,8,Milwaukee Bucks | Golden State Warriors | Atlanta Hawks | Los Angeles Lakers | Sacramento Kings | Detroit Pistons | Denver Nuggets | Houston Rockets,https://www.basketball-reference.com/players/b/barryjo01.html
howarju01,Juwan Howard,1994-95,2012-13,8,Washington Wizards | Dallas Mavericks | Denver Nuggets | Orlando Magic | Houston Rockets | Charlotte Hornets | Portland Trail Blazers | Miami Heat,https://www.basketball-reference.com/players/h/howarju01.html
boganke01,Keith Bogans,2003-04,2013-14,8,Orlando Magic | Charlotte Hornets | Houston Rockets | Milwaukee Bucks | San Antonio Spurs | Chicago Bulls | Brooklyn Nets | Boston Celtics,https://www.basketball-reference.com/players/b/boganke01.html
olynyke01,Kelly Olynyk,2013-14,2025-26,8,Boston Celtics | Miami Heat | Houston Rockets | Detroit Pistons | Utah Jazz | Toronto Raptors | New Orleans Pelicans | San Antonio Spurs,https://www.basketball-reference.com/players/o/olynyke01.html
willike02,Kevin Willis,1984-85,2006-07,8,Atlanta Hawks | Miami Heat | Golden State Warriors | Houston Rockets | Toronto Raptors | Denver Nuggets | San Antonio Spurs | Dallas Mavericks,https://www.basketball-reference.com/players/w/willike02.html
humphkr01,Kris Humphries,2004-05,2016-17,8,Utah Jazz | Toronto Raptors | Dallas Mavericks | Brooklyn Nets | Boston Celtics | Washington Wizards | Phoenix Suns | Atlanta Hawks,https://www.basketball-reference.com/players/h/humphkr01.html
stephla01,Lance Stephenson,2010-11,2021-22,8,Indiana Pacers | Charlotte Hornets | LA Clippers | Memphis Grizzlies | New Orleans Pelicans | Minnesota Timberwolves | Los Angeles Lakers | Atlanta Hawks,https://www.basketball-reference.com/players/s/stephla01.html
hughela01,Larry Hughes,1998-99,2011-12,8,Philadelphia 76ers | Golden State Warriors | Washington Wizards | Cleveland Cavaliers | Chicago Bulls | New York Knicks | Charlotte Hornets | Orlando Magic,https://www.basketball-reference.com/players/h/hughela01.html
robinla01,Larry Robinson,1990-91,2001-02,8,Golden State Warriors | Washington Wizards | Boston Celtics | Houston Rockets | Memphis Grizzlies | Cleveland Cavaliers | Atlanta Hawks | New York Knicks,https://www.basketball-reference.com/players/r/robinla01.html
allenma01,Malik Allen,2001-02,2010-11,8,Miami Heat | Charlotte Hornets | Chicago Bulls | Brooklyn Nets | Dallas Mavericks | Milwaukee Bucks | Denver Nuggets | Orlando Magic,https://www.basketball-reference.com/players/a/allenma01.html
morrima03,Marcus Morris,2011-12,2023-24,8,Houston Rockets | Phoenix Suns | Detroit Pistons | Boston Celtics | New York Knicks | LA Clippers | Philadelphia 76ers | Cleveland Cavaliers,https://www.basketball-reference.com/players/m/morrima03.html
morrima02,Markieff Morris,2011-12,2024-25,8,Phoenix Suns | Washington Wizards | Oklahoma City Thunder | Detroit Pistons | Los Angeles Lakers | Miami Heat | Brooklyn Nets | Dallas Mavericks,https://www.basketball-reference.com/players/m/morrima02.html
conloma01,Marty Conlon,1991-92,1999-00,8,Oklahoma City Thunder | Sacramento Kings | Charlotte Hornets | Washington Wizards | Milwaukee Bucks | Boston Celtics | Miami Heat | LA Clippers,https://www.basketball-reference.com/players/c/conloma01.html
plumlma01,Mason Plumlee,2013-14,2025-26,8,Brooklyn Nets | Portland Trail Blazers | Denver Nuggets | Detroit Pistons | Charlotte Hornets | LA Clippers | Phoenix Suns | San Antonio Spurs,https://www.basketball-reference.com/players/p/plumlma01.html
wilksmi01,Mike Wilks,2002-03,2009-10,8,Atlanta Hawks | Minnesota Timberwolves | Houston Rockets | San Antonio Spurs | Cleveland Cavaliers | Oklahoma City Thunder | Denver Nuggets | Washington Wizards,https://www.basketball-reference.com/players/w/wilksmi01.html
robinna01,Nate Robinson,2005-06,2015-16,8,New York Knicks | Boston Celtics | Oklahoma City Thunder | Golden State Warriors | Chicago Bulls | Denver Nuggets | LA Clippers | New Orleans Pelicans,https://www.basketball-reference.com/players/r/robinna01.html
mohamna01,Nazr Mohammed,1998-99,2015-16,8,Philadelphia 76ers | Atlanta Hawks | New York Knicks | San Antonio Spurs | Detroit Pistons | Charlotte Hornets | Oklahoma City Thunder | Chicago Bulls,https://www.basketball-reference.com/players/m/mohamna01.html
vonleno01,Noah Vonleh,2014-15,2022-23,8,Charlotte Hornets | Portland Trail Blazers | Chicago Bulls | New York Knicks | Minnesota Timberwolves | Denver Nuggets | Brooklyn Nets | Boston Celtics,https://www.basketball-reference.com/players/v/vonleno01.html
thorpot01,Otis Thorpe,1984-85,2000-01,8,Sacramento Kings | Houston Rockets | Portland Trail Blazers | Detroit Pistons | Memphis Grizzlies | Washington Wizards | Miami Heat | Charlotte Hornets,https://www.basketball-reference.com/players/t/thorpot01.html
tuckepj01,P.J. Tucker,2006-07,2024-25,8,Toronto Raptors | Phoenix Suns | Houston Rockets | Milwaukee Bucks | Miami Heat | Philadelphia 76ers | LA Clippers | New York Knicks,https://www.basketball-reference.com/players/t/tuckepj01.html
sessira01,Ramon Sessions,2007-08,2017-18,8,Milwaukee Bucks | Minnesota Timberwolves | Cleveland Cavaliers | Los Angeles Lakers | Charlotte Hornets | Sacramento Kings | Washington Wizards | New York Knicks,https://www.basketball-reference.com/players/s/sessira01.html
butlera01,Rasual Butler,2002-03,2015-16,8,Miami Heat | New Orleans Pelicans | LA Clippers | Chicago Bulls | Toronto Raptors | Indiana Pacers | Washington Wizards | San Antonio Spurs,https://www.basketball-reference.com/players/b/butlera01.html
jefferi01,Richard Jefferson,2001-02,2017-18,8,Brooklyn Nets | Milwaukee Bucks | San Antonio Spurs | Golden State Warriors | Utah Jazz | Dallas Mavericks | Cleveland Cavaliers | Denver Nuggets,https://www.basketball-reference.com/players/j/jefferi01.html
brunsri01,Rick Brunson,1997-98,2005-06,8,Portland Trail Blazers | New York Knicks | Boston Celtics | Chicago Bulls | Toronto Raptors | LA Clippers | Oklahoma City Thunder | Houston Rockets,https://www.basketball-reference.com/players/b/brunsri01.html
piercri01,Ricky Pierce,1982-83,1997-98,8,Detroit Pistons | LA Clippers | Milwaukee Bucks | Oklahoma City Thunder | Golden State Warriors | Indiana Pacers | Denver Nuggets | Charlotte Hornets,https://www.basketball-reference.com/players/p/piercri01.html
murraro01,Ronald Murray,2002-03,2009-10,8,Milwaukee Bucks | Oklahoma City Thunder | Cleveland Cavaliers | Detroit Pistons | Indiana Pacers | Atlanta Hawks | Charlotte Hornets | Chicago Bulls,https://www.basketball-reference.com/players/m/murraro01.html
cassesa01,Sam Cassell,1993-94,2007-08,8,Houston Rockets | Phoenix Suns | Dallas Mavericks | Brooklyn Nets | Milwaukee Bucks | Minnesota Timberwolves | LA Clippers | Boston Celtics,https://www.basketball-reference.com/players/c/cassesa01.html
telfase01,Sebastian Telfair,2004-05,2014-15,8,Portland Trail Blazers | Boston Celtics | Minnesota Timberwolves | LA Clippers | Cleveland Cavaliers | Phoenix Suns | Toronto Raptors | Oklahoma City Thunder,https://www.basketball-reference.com/players/t/telfase01.html
brownsh01,Shannon Brown,2006-07,2014-15,8,Cleveland Cavaliers | Chicago Bulls | Charlotte Hornets | Los Angeles Lakers | Phoenix Suns | San Antonio Spurs | New York Knicks | Miami Heat,https://www.basketball-reference.com/players/b/brownsh01.html
jacksst02,Stephen Jackson,2000-01,2013-14,8,Brooklyn Nets | San Antonio Spurs | Atlanta Hawks | Indiana Pacers | Golden State Warriors | Charlotte Hornets | Milwaukee Bucks | LA Clippers,https://www.basketball-reference.com/players/j/jacksst02.html
blakest01,Steve Blake,2003-04,2015-16,8,Washington Wizards | Portland Trail Blazers | Milwaukee Bucks | Denver Nuggets | LA Clippers | Los Angeles Lakers | Golden State Warriors | Detroit Pistons,https://www.basketball-reference.com/players/b/blakest01.html
mykhasv01,Svi Mykhailiuk,2018-19,2025-26,8,Los Angeles Lakers | Detroit Pistons | Oklahoma City Thunder | Toronto Raptors | New York Knicks | Charlotte Hornets | Boston Celtics | Utah Jazz,https://www.basketball-reference.com/players/m/mykhasv01.html
gibsota01,Taj Gibson,2009-10,2025-26,8,Chicago Bulls | Oklahoma City Thunder | Minnesota Timberwolves | New York Knicks | Washington Wizards | Detroit Pistons | Charlotte Hornets | Memphis Grizzlies,https://www.basketball-reference.com/players/g/gibsota01.html
youngth01,Thaddeus Young,2007-08,2023-24,8,Philadelphia 76ers | Minnesota Timberwolves | Brooklyn Nets | Indiana Pacers | Chicago Bulls | San Antonio Spurs | Toronto Raptors | Phoenix Suns,https://www.basketball-reference.com/players/y/youngth01.html
delkto01,Tony Delk,1996-97,2005-06,8,Charlotte Hornets | Golden State Warriors | Sacramento Kings | Phoenix Suns | Boston Celtics | Dallas Mavericks | Atlanta Hawks | Detroit Pistons,https://www.basketball-reference.com/players/d/delkto01.html
chandty01,Tyson Chandler,2001-02,2019-20,8,Chicago Bulls | New Orleans Pelicans | Charlotte Hornets | Dallas Mavericks | New York Knicks | Phoenix Suns | Los Angeles Lakers | Houston Rockets,https://www.basketball-reference.com/players/c/chandty01.html
maxweve01,Vernon Maxwell,1988-89,2000-01,8,San Antonio Spurs | Houston Rockets | Philadelphia 76ers | Orlando Magic | Charlotte Hornets | Sacramento Kings | Oklahoma City Thunder | Dallas Mavericks,https://www.basketball-reference.com/players/m/maxweve01.html
cartevi01,Vince Carter,1998-99,2019-20,8,Toronto Raptors | Brooklyn Nets | Orlando Magic | Phoenix Suns | Dallas Mavericks | Memphis Grizzlies | Sacramento Kings | Atlanta Hawks,https://www.basketball-reference.com/players/c/cartevi01.html
askewvi01,Vincent Askew,1987-88,1997-98,8,Philadelphia 76ers | Golden State Warriors | Sacramento Kings | Oklahoma City Thunder | Brooklyn Nets | Indiana Pacers | Denver Nuggets | Portland Trail Blazers,https://www.basketball-reference.com/players/a/askewvi01.html
matthwe02,Wesley Matthews,2009-10,2023-24,8,Utah Jazz | Portland Trail Blazers | Dallas Mavericks | New York Knicks | Indiana Pacers | Milwaukee Bucks | Los Angeles Lakers | Atlanta Hawks,https://www.basketball-reference.com/players/m/matthwe02.html
brookaa01,Aaron Brooks,2007-08,2017-18,7,Houston Rockets | Phoenix Suns | Sacramento Kings | Denver Nuggets | Chicago Bulls | Indiana Pacers | Minnesota Timberwolves,https://www.basketball-reference.com/players/b/brookaa01.html
harrial01,Al Harrington,1998-99,2013-14,7,Indiana Pacers | Atlanta Hawks | Golden State Warriors | New York Knicks | Denver Nuggets | Orlando Magic | Washington Wizards,https://www.basketball-reference.com/players/h/harrial01.html
turnean01,Andre Turner,1986-87,1991-92,7,Boston Celtics | Houston Rockets | Milwaukee Bucks | LA Clippers | Charlotte Hornets | Philadelphia 76ers | Washington Wizards,https://www.basketball-reference.com/players/t/turnean01.html
langan01,Andrew Lang,1988-89,1999-00,7,Phoenix Suns | Philadelphia 76ers | Atlanta Hawks | Minnesota Timberwolves | Milwaukee Bucks | Chicago Bulls | New York Knicks,https://www.basketball-reference.com/players/l/langan01.html
johnsan02,Anthony Johnson,1997-98,2009-10,7,Sacramento Kings | Atlanta Hawks | Orlando Magic | Cleveland Cavaliers | Brooklyn Nets | Indiana Pacers | Dallas Mavericks,https://www.basketball-reference.com/players/j/johnsan02.html
morroan01,Anthony Morrow,2008-09,2016-17,7,Golden State Warriors | Brooklyn Nets | Atlanta Hawks | Dallas Mavericks | New Orleans Pelicans | Oklahoma City Thunder | Chicago Bulls,https://www.basketball-reference.com/players/m/morroan01.html
daniean01,Antonio Daniels,1997-98,2010-11,7,Memphis Grizzlies | San Antonio Spurs | Portland Trail Blazers | Oklahoma City Thunder | Washington Wizards | New Orleans Pelicans | Philadelphia 76ers,https://www.basketball-reference.com/players/d/daniean01.html
riverau01,Austin Rivers,2012-13,2022-23,7,New Orleans Pelicans | LA Clippers | Washington Wizards | Houston Rockets | New York Knicks | Denver Nuggets | Minnesota Timberwolves,https://www.basketball-reference.com/players/r/riverau01.html
bradlav01,Avery Bradley,2010-11,2021-22,7,Boston Celtics | Detroit Pistons | LA Clippers | Memphis Grizzlies | Los Angeles Lakers | Miami Heat | Houston Rockets,https://www.basketball-reference.com/players/b/bradlav01.html
biyombi01,Bismack Biyombo,2011-12,2025-26,7,Charlotte Hornets | Toronto Raptors | Orlando Magic | Phoenix Suns | Memphis Grizzlies | Oklahoma City Thunder | San Antonio Spurs,https://www.basketball-reference.com/players/b/biyombi01.html
wrighbr03,Brandan Wright,2007-08,2017-18,7,Golden State Warriors | Brooklyn Nets | Dallas Mavericks | Boston Celtics | Phoenix Suns | Memphis Grizzlies | Houston Rockets,https://www.basketball-reference.com/players/w/wrighbr03.html
shawbr01,Brian Shaw,1988-89,2002-03,7,Boston Celtics | Miami Heat | Orlando Magic | Golden State Warriors | Philadelphia 76ers | Portland Trail Blazers | Los Angeles Lakers,https://www.basketball-reference.com/players/s/shawbr01.html
milescj01,C.J. Miles,2005-06,2021-22,7,Utah Jazz | Cleveland Cavaliers | Indiana Pacers | Toronto Raptors | Memphis Grizzlies | Washington Wizards | Boston Celtics,https://www.basketball-reference.com/players/m/milescj01.html
boothca01,Calvin Booth,1999-00,2008-09,7,Washington Wizards | Dallas Mavericks | Oklahoma City Thunder | Milwaukee Bucks | Philadelphia 76ers | Minnesota Timberwolves | Sacramento Kings,https://www.basketball-reference.com/players/b/boothca01.html
payneca01,Cameron Payne,2015-16,2025-26,7,Oklahoma City Thunder | Chicago Bulls | Cleveland Cavaliers | Phoenix Suns | Milwaukee Bucks | Philadelphia 76ers | New York Knicks,https://www.basketball-reference.com/players/p/payneca01.html
arroyca01,Carlos Arroyo,2001-02,2010-11,7,Toronto Raptors | Denver Nuggets | Utah Jazz | Detroit Pistons | Orlando Magic | Miami Heat | Boston Celtics,https://www.basketball-reference.com/players/a/arroyca01.html
billuch01,Chauncey Billups,1997-98,2013-14,7,Boston Celtics | Toronto Raptors | Denver Nuggets | Minnesota Timberwolves | Detroit Pistons | New York Knicks | LA Clippers,https://www.basketball-reference.com/players/b/billuch01.html
parksch02,Cherokee Parks,1995-96,2003-04,7,Dallas Mavericks | Minnesota Timberwolves | Memphis Grizzlies | Washington Wizards | LA Clippers | San Antonio Spurs | Golden State Warriors,https://www.basketball-reference.com/players/p/parksch02.html
paulch01,Chris Paul,2005-06,2025-26,7,New Orleans Pelicans | LA Clippers | Houston Rockets | Oklahoma City Thunder | Phoenix Suns | Golden State Warriors | San Antonio Spurs,https://www.basketball-reference.com/players/p/paulch01.html
blounco01,Corie Blount,1993-94,2003-04,7,Chicago Bulls | Los Angeles Lakers | Cleveland Cavaliers | Phoenix Suns | Golden State Warriors | Philadelphia 76ers | Toronto Raptors,https://www.basketball-reference.com/players/b/blounco01.html
josepco01,Cory Joseph,2011-12,2024-25,7,San Antonio Spurs | Toronto Raptors | Indiana Pacers | Sacramento Kings | Detroit Pistons | Golden State Warriors | Orlando Magic,https://www.basketball-reference.com/players/j/josepco01.html
jonesda03,Damian Jones,2016-17,2023-24,7,Golden State Warriors | Atlanta Hawks | Phoenix Suns | Los Angeles Lakers | Sacramento Kings | Utah Jazz | Cleveland Cavaliers,https://www.basketball-reference.com/players/j/jonesda03.html
mannida01,Danny Manning,1988-89,2002-03,7,LA Clippers | Atlanta Hawks | Phoenix Suns | Milwaukee Bucks | Utah Jazz | Dallas Mavericks | Detroit Pistons,https://www.basketball-reference.com/players/m/mannida01.html
schayda01,Danny Schayes,1981-82,1998-99,7,Utah Jazz | Denver Nuggets | Milwaukee Bucks | Los Angeles Lakers | Phoenix Suns | Miami Heat | Orlando Magic,https://www.basketball-reference.com/players/s/schayda01.html
cunnida01,Dante Cunningham,2009-10,2018-19,7,Portland Trail Blazers | Charlotte Hornets | Memphis Grizzlies | Minnesota Timberwolves | New Orleans Pelicans | Brooklyn Nets | San Antonio Spurs,https://www.basketball-reference.com/players/c/cunnida01.html
saricda01,Dario Šarić,2016-17,2025-26,7,Philadelphia 76ers | Minnesota Timberwolves | Phoenix Suns | Oklahoma City Thunder | Golden State Warriors | Denver Nuggets | Sacramento Kings,https://www.basketball-reference.com/players/s/saricda01.html
liggide01,DeAndre Liggins,2011-12,2017-18,7,Orlando Magic | Oklahoma City Thunder | Miami Heat | Cleveland Cavaliers | Dallas Mavericks | Milwaukee Bucks | New Orleans Pelicans,https://www.basketball-reference.com/players/l/liggide01.html
couside01,DeMarcus Cousins,2010-11,2021-22,7,Sacramento Kings | New Orleans Pelicans | Golden State Warriors | Houston Rockets | LA Clippers | Milwaukee Bucks | Denver Nuggets,https://www.basketball-reference.com/players/c/couside01.html
anderde01,Derek Anderson,1997-98,2007-08,7,Cleveland Cavaliers | LA Clippers | San Antonio Spurs | Portland Trail Blazers | Houston Rockets | Miami Heat | Charlotte Hornets,https://www.basketball-reference.com/players/a/anderde01.html
dedmode01,Dewayne Dedmon,2013-14,2022-23,7,Golden State Warriors | Philadelphia 76ers | Orlando Magic | San Antonio Spurs | Atlanta Hawks | Sacramento Kings | Miami Heat,https://www.basketball-reference.com/players/d/dedmode01.html
mcguido01,Dominic McGuire,2007-08,2012-13,7,Washington Wizards | Sacramento Kings | Charlotte Hornets | Golden State Warriors | Toronto Raptors | New Orleans Pelicans | Indiana Pacers,https://www.basketball-reference.com/players/m/mcguido01.html
macledo01,Don MacLean,1992-93,2000-01,7,Washington Wizards | Denver Nuggets | Philadelphia 76ers | Brooklyn Nets | Oklahoma City Thunder | Phoenix Suns | Miami Heat,https://www.basketball-reference.com/players/m/macledo01.html
chrisdo01,Doug Christie,1992-93,2006-07,7,Los Angeles Lakers | New York Knicks | Toronto Raptors | Sacramento Kings | Orlando Magic | Dallas Mavericks | LA Clippers,https://www.basketball-reference.com/players/c/chrisdo01.html
mcderdo01,Doug McDermott,2014-15,2025-26,7,Chicago Bulls | Oklahoma City Thunder | New York Knicks | Dallas Mavericks | Indiana Pacers | San Antonio Spurs | Sacramento Kings,https://www.basketball-reference.com/players/m/mcderdo01.html
bradldu01,Dudley Bradley,1979-80,1988-89,7,Indiana Pacers | Phoenix Suns | Chicago Bulls | Washington Wizards | Milwaukee Bucks | Brooklyn Nets | Atlanta Hawks,https://www.basketball-reference.com/players/b/bradldu01.html
howardw01,Dwight Howard,2004-05,2021-22,7,Orlando Magic | Los Angeles Lakers | Houston Rockets | Atlanta Hawks | Charlotte Hornets | Washington Wizards | Philadelphia 76ers,https://www.basketball-reference.com/players/h/howardw01.html
barroea01,Earl Barron,2005-06,2014-15,7,Miami Heat | New York Knicks | Phoenix Suns | Milwaukee Bucks | Portland Trail Blazers | Golden State Warriors | Washington Wizards,https://www.basketball-reference.com/players/b/barroea01.html
curetea01,Earl Cureton,1980-81,1996-97,7,Philadelphia 76ers | Detroit Pistons | Chicago Bulls | LA Clippers | Charlotte Hornets | Houston Rockets | Toronto Raptors,https://www.basketball-reference.com/players/c/curetea01.html
pincked01,Ed Pinckney,1985-86,1996-97,7,Phoenix Suns | Sacramento Kings | Boston Celtics | Milwaukee Bucks | Toronto Raptors | Philadelphia 76ers | Miami Heat,https://www.basketball-reference.com/players/p/pincked01.html
perryel01,Elliot Perry,1991-92,2001-02,7,LA Clippers | Charlotte Hornets | Phoenix Suns | Milwaukee Bucks | Brooklyn Nets | Orlando Magic | Memphis Grizzlies,https://www.basketball-reference.com/players/p/perryel01.html
whatlen01,Ennis Whatley,1983-84,1996-97,7,Chicago Bulls | Cleveland Cavaliers | Washington Wizards | San Antonio Spurs | Atlanta Hawks | LA Clippers | Portland Trail Blazers,https://www.basketball-reference.com/players/w/whatlen01.html
murdoer01,Eric Murdock,1991-92,1999-00,7,Utah Jazz | Milwaukee Bucks | Memphis Grizzlies | Denver Nuggets | Miami Heat | Brooklyn Nets | LA Clippers,https://www.basketball-reference.com/players/m/murdoer01.html
willier01,Eric Williams,1995-96,2006-07,7,Boston Celtics | Denver Nuggets | Cleveland Cavaliers | Brooklyn Nets | Toronto Raptors | San Antonio Spurs | Charlotte Hornets,https://www.basketball-reference.com/players/w/willier01.html
ilyaser01,Ersan İlyasova,2006-07,2020-21,7,Milwaukee Bucks | Detroit Pistons | Orlando Magic | Oklahoma City Thunder | Philadelphia 76ers | Atlanta Hawks | Utah Jazz,https://www.basketball-reference.com/players/i/ilyaser01.html
roberfr01,Fred Roberts,1983-84,1996-97,7,San Antonio Spurs | Utah Jazz | Boston Celtics | Milwaukee Bucks | Cleveland Cavaliers | Los Angeles Lakers | Dallas Mavericks,https://www.basketball-reference.com/players/r/roberfr01.html
hendege01,Gerald Henderson,1979-80,1991-92,7,Boston Celtics | Oklahoma City Thunder | New York Knicks | Philadelphia 76ers | Milwaukee Bucks | Detroit Pistons | Houston Rockets,https://www.basketball-reference.com/players/h/hendege01.html
dragigo01,Goran Dragić,2008-09,2022-23,7,Phoenix Suns | Houston Rockets | Miami Heat | Toronto Raptors | Brooklyn Nets | Chicago Bulls | Milwaukee Bucks,https://www.basketball-reference.com/players/d/dragigo01.html
kitegr01,Greg Kite,1983-84,1994-95,7,Boston Celtics | LA Clippers | Charlotte Hornets | Sacramento Kings | Orlando Magic | New York Knicks | Indiana Pacers,https://www.basketball-reference.com/players/k/kitegr01.html
austiis01,Isaac Austin,1991-92,2001-02,7,Utah Jazz | Philadelphia 76ers | Miami Heat | LA Clippers | Orlando Magic | Washington Wizards | Memphis Grizzlies,https://www.basketball-reference.com/players/a/austiis01.html
poseyja01,James Posey,1999-00,2010-11,7,Denver Nuggets | Houston Rockets | Memphis Grizzlies | Miami Heat | Boston Celtics | New Orleans Pelicans | Indiana Pacers,https://www.basketball-reference.com/players/p/poseyja01.html
pargoja01,Jannero Pargo,2002-03,2014-15,7,Los Angeles Lakers | Toronto Raptors | Chicago Bulls | New Orleans Pelicans | Atlanta Hawks | Washington Wizards | Charlotte Hornets,https://www.basketball-reference.com/players/p/pargoja01.html
dudleja01,Jared Dudley,2007-08,2020-21,7,Charlotte Hornets | Phoenix Suns | LA Clippers | Milwaukee Bucks | Washington Wizards | Brooklyn Nets | Los Angeles Lakers,https://www.basketball-reference.com/players/d/dudleja01.html
mcinnje01,Jeff McInnis,1996-97,2007-08,7,Denver Nuggets | Washington Wizards | LA Clippers | Portland Trail Blazers | Cleveland Cavaliers | Brooklyn Nets | Charlotte Hornets,https://www.basketball-reference.com/players/m/mcinnje01.html
onealje01,Jermaine O'Neal,1996-97,2013-14,7,Portland Trail Blazers | Indiana Pacers | Toronto Raptors | Miami Heat | Boston Celtics | Phoenix Suns | Golden State Warriors,https://www.basketball-reference.com/players/o/onealje01.html
meeksjo01,Jodie Meeks,2009-10,2018-19,7,Milwaukee Bucks | Philadelphia 76ers | Los Angeles Lakers | Detroit Pistons | Orlando Magic | Washington Wizards | Toronto Raptors,https://www.basketball-reference.com/players/m/meeksjo01.html
courtjo01,Joe Courtney,1992-93,1996-97,7,Chicago Bulls | Golden State Warriors | Phoenix Suns | Milwaukee Bucks | Cleveland Cavaliers | Philadelphia 76ers | San Antonio Spurs,https://www.basketball-reference.com/players/c/courtjo01.html
johnsjo02,Joe Johnson,2001-02,2021-22,7,Boston Celtics | Phoenix Suns | Atlanta Hawks | Brooklyn Nets | Miami Heat | Utah Jazz | Houston Rockets,https://www.basketball-reference.com/players/j/johnsjo02.html
kleinjo01,Joe Kleine,1985-86,1999-00,7,Sacramento Kings | Boston Celtics | Phoenix Suns | Los Angeles Lakers | Brooklyn Nets | Chicago Bulls | Portland Trail Blazers,https://www.basketball-reference.com/players/k/kleinjo01.html
wolfjo01,Joe Wolf,1987-88,1998-99,7,LA Clippers | Denver Nuggets | Boston Celtics | Portland Trail Blazers | Charlotte Hornets | Orlando Magic | Milwaukee Bucks,https://www.basketball-reference.com/players/w/wolfjo01.html
crottjo01,John Crotty,1992-93,2002-03,7,Utah Jazz | Cleveland Cavaliers | Miami Heat | Portland Trail Blazers | Oklahoma City Thunder | Detroit Pistons | Denver Nuggets,https://www.basketball-reference.com/players/c/crottjo01.html
newmajo01,Johnny Newman,1986-87,2001-02,7,Cleveland Cavaliers | New York Knicks | Charlotte Hornets | Brooklyn Nets | Milwaukee Bucks | Denver Nuggets | Dallas Mavericks,https://www.basketball-reference.com/players/n/newmajo01.html
mcrobjo01,Josh McRoberts,2007-08,2017-18,7,Portland Trail Blazers | Indiana Pacers | Los Angeles Lakers | Orlando Magic | Charlotte Hornets | Miami Heat | Dallas Mavericks,https://www.basketball-reference.com/players/m/mcrobjo01.html
poweljo01,Josh Powell,2005-06,2013-14,7,Dallas Mavericks | Indiana Pacers | Golden State Warriors | LA Clippers | Los Angeles Lakers | Atlanta Hawks | Houston Rockets,https://www.basketball-reference.com/players/p/poweljo01.html
caldejo01,José Calderón,2005-06,2018-19,7,Toronto Raptors | Detroit Pistons | Dallas Mavericks | New York Knicks | Los Angeles Lakers | Atlanta Hawks | Cleveland Cavaliers,https://www.basketball-reference.com/players/c/caldejo01.html
buechju01,Jud Buechler,1990-91,2001-02,7,Brooklyn Nets | San Antonio Spurs | Golden State Warriors | Chicago Bulls | Detroit Pistons | Phoenix Suns | Orlando Magic,https://www.basketball-reference.com/players/b/buechju01.html
jacksju01,Justin Jackson,2017-18,2023-24,7,Sacramento Kings | Dallas Mavericks | Oklahoma City Thunder | Milwaukee Bucks | Boston Celtics | Phoenix Suns | Minnesota Timberwolves,https://www.basketball-reference.com/players/j/jacksju01.html
gillke01,Kendall Gill,1990-91,2004-05,7,Charlotte Hornets | Oklahoma City Thunder | Brooklyn Nets | Miami Heat | Minnesota Timberwolves | Chicago Bulls | Milwaukee Bucks,https://www.basketball-reference.com/players/g/gillke01.html
doolike01,Keyon Dooling,2000-01,2012-13,7,LA Clippers | Miami Heat | Orlando Magic | Brooklyn Nets | Milwaukee Bucks | Boston Celtics | Memphis Grizzlies,https://www.basketball-reference.com/players/d/doolike01.html
brownkw01,Kwame Brown,2001-02,2012-13,7,Washington Wizards | Los Angeles Lakers | Memphis Grizzlies | Detroit Pistons | Charlotte Hornets | Golden State Warriors | Philadelphia 76ers,https://www.basketball-reference.com/players/b/brownkw01.html
gallola01,Langston Galloway,2014-15,2021-22,7,New York Knicks | New Orleans Pelicans | Sacramento Kings | Detroit Pistons | Phoenix Suns | Brooklyn Nets | Milwaukee Bucks,https://www.basketball-reference.com/players/g/gallola01.html
nailole01,Lee Nailon,2000-01,2005-06,7,Charlotte Hornets | New York Knicks | Atlanta Hawks | Orlando Magic | Cleveland Cavaliers | New Orleans Pelicans | Philadelphia 76ers,https://www.basketball-reference.com/players/n/nailole01.html
connele01,Lester Conner,1982-83,1994-95,7,Golden State Warriors | Houston Rockets | Brooklyn Nets | Milwaukee Bucks | LA Clippers | Indiana Pacers | Los Angeles Lakers,https://www.basketball-reference.com/players/c/connele01.html
johnsli01,Linton Johnson,2003-04,2008-09,7,Chicago Bulls | San Antonio Spurs | Brooklyn Nets | New Orleans Pelicans | Phoenix Suns | Toronto Raptors | Charlotte Hornets,https://www.basketball-reference.com/players/j/johnsli01.html
thornma01,Marcus Thornton,2009-10,2016-17,7,New Orleans Pelicans | Sacramento Kings | Brooklyn Nets | Boston Celtics | Phoenix Suns | Houston Rockets | Washington Wizards,https://www.basketball-reference.com/players/t/thornma01.html
jacksma01,Mark Jackson,1987-88,2003-04,7,New York Knicks | LA Clippers | Indiana Pacers | Denver Nuggets | Toronto Raptors | Utah Jazz | Houston Rockets,https://www.basketball-reference.com/players/j/jacksma01.html
westma01,Mark West,1983-84,1999-00,7,Dallas Mavericks | Milwaukee Bucks | Cleveland Cavaliers | Phoenix Suns | Detroit Pistons | Indiana Pacers | Atlanta Hawks,https://www.basketball-reference.com/players/w/westma01.html
evansma01,Maurice Evans,2001-02,2011-12,7,Minnesota Timberwolves | Sacramento Kings | Detroit Pistons | Los Angeles Lakers | Orlando Magic | Atlanta Hawks | Washington Wizards,https://www.basketball-reference.com/players/e/evansma01.html
beaslmi01,Michael Beasley,2008-09,2018-19,7,Miami Heat | Minnesota Timberwolves | Phoenix Suns | Houston Rockets | Milwaukee Bucks | New York Knicks | Los Angeles Lakers,https://www.basketball-reference.com/players/b/beaslmi01.html
millemi01,Mike Miller,2000-01,2016-17,7,Orlando Magic | Memphis Grizzlies | Minnesota Timberwolves | Washington Wizards | Miami Heat | Cleveland Cavaliers | Denver Nuggets,https://www.basketball-reference.com/players/m/millemi01.html
muscami01,Mike Muscala,2013-14,2023-24,7,Atlanta Hawks | Philadelphia 76ers | Los Angeles Lakers | Oklahoma City Thunder | Boston Celtics | Washington Wizards | Detroit Pistons,https://www.basketball-reference.com/players/m/muscami01.html
bambamo01,Mo Bamba,2018-19,2025-26,7,Orlando Magic | Los Angeles Lakers | Philadelphia 76ers | LA Clippers | New Orleans Pelicans | Toronto Raptors | Utah Jazz,https://www.basketball-reference.com/players/b/bambamo01.html
willima01,Mo Williams,2003-04,2015-16,7,Utah Jazz | Milwaukee Bucks | Cleveland Cavaliers | LA Clippers | Portland Trail Blazers | Minnesota Timberwolves | Charlotte Hornets,https://www.basketball-reference.com/players/w/willima01.html
brownmo01,Moses Brown,2019-20,2024-25,7,Portland Trail Blazers | Oklahoma City Thunder | Dallas Mavericks | Cleveland Cavaliers | LA Clippers | Brooklyn Nets | Indiana Pacers,https://www.basketball-reference.com/players/b/brownmo01.html
stausni01,Nik Stauskas,2014-15,2021-22,7,Sacramento Kings | Philadelphia 76ers | Brooklyn Nets | Portland Trail Blazers | Cleveland Cavaliers | Miami Heat | Boston Celtics,https://www.basketball-reference.com/players/s/stausni01.html
casspom01,Omri Casspi,2009-10,2018-19,7,Sacramento Kings | Cleveland Cavaliers | Houston Rockets | New Orleans Pelicans | Minnesota Timberwolves | Golden State Warriors | Memphis Grizzlies,https://www.basketball-reference.com/players/c/casspom01.html
woolror01,Orlando Woolridge,1981-82,1993-94,7,Chicago Bulls | Brooklyn Nets | Los Angeles Lakers | Denver Nuggets | Detroit Pistons | Milwaukee Bucks | Philadelphia 76ers,https://www.basketball-reference.com/players/w/woolror01.html
beverpa01,Patrick Beverley,2012-13,2023-24,7,Houston Rockets | LA Clippers | Minnesota Timberwolves | Los Angeles Lakers | Chicago Bulls | Philadelphia 76ers | Milwaukee Bucks,https://www.basketball-reference.com/players/b/beverpa01.html
millspa02,Patty Mills,2009-10,2024-25,7,Portland Trail Blazers | San Antonio Spurs | Brooklyn Nets | Atlanta Hawks | Miami Heat | Utah Jazz | LA Clippers,https://www.basketball-reference.com/players/m/millspa02.html
chilcpe01,Pete Chilcutt,1991-92,1999-00,7,Sacramento Kings | Detroit Pistons | Houston Rockets | Memphis Grizzlies | Utah Jazz | Cleveland Cavaliers | LA Clippers,https://www.basketball-reference.com/players/c/chilcpe01.html
myerspe01,Pete Myers,1986-87,1997-98,7,Chicago Bulls | San Antonio Spurs | Philadelphia 76ers | New York Knicks | Brooklyn Nets | Miami Heat | Charlotte Hornets,https://www.basketball-reference.com/players/m/myerspe01.html
foyera01,Randy Foye,2006-07,2016-17,7,Minnesota Timberwolves | Washington Wizards | LA Clippers | Utah Jazz | Denver Nuggets | Oklahoma City Thunder | Brooklyn Nets,https://www.basketball-reference.com/players/f/foyera01.html
feltora01,Raymond Felton,2005-06,2018-19,7,Charlotte Hornets | New York Knicks | Denver Nuggets | Portland Trail Blazers | Dallas Mavericks | LA Clippers | Oklahoma City Thunder,https://www.basketball-reference.com/players/f/feltora01.html
bullore01,Reggie Bullock,2013-14,2023-24,7,LA Clippers | Phoenix Suns | Detroit Pistons | Los Angeles Lakers | New York Knicks | Dallas Mavericks | Houston Rockets,https://www.basketball-reference.com/players/b/bullore01.html
evansre01,Reggie Evans,2002-03,2014-15,7,Oklahoma City Thunder | Denver Nuggets | Philadelphia 76ers | Toronto Raptors | LA Clippers | Brooklyn Nets | Sacramento Kings,https://www.basketball-reference.com/players/e/evansre01.html
slatere01,Reggie Slater,1994-95,2002-03,7,Denver Nuggets | Portland Trail Blazers | Dallas Mavericks | Toronto Raptors | Minnesota Timberwolves | Brooklyn Nets | Atlanta Hawks,https://www.basketball-reference.com/players/s/slatere01.html
packro01,Robert Pack,1991-92,2003-04,7,Portland Trail Blazers | Denver Nuggets | Washington Wizards | Brooklyn Nets | Dallas Mavericks | Minnesota Timberwolves | New Orleans Pelicans,https://www.basketball-reference.com/players/p/packro01.html
higgiro01,Rod Higgins,1982-83,1994-95,7,Chicago Bulls | Oklahoma City Thunder | San Antonio Spurs | Brooklyn Nets | Golden State Warriors | Sacramento Kings | Cleveland Cavaliers,https://www.basketball-reference.com/players/h/higgiro01.html
rogerro01,Rodney Rogers,1993-94,2004-05,7,Denver Nuggets | LA Clippers | Phoenix Suns | Boston Celtics | Brooklyn Nets | New Orleans Pelicans | Philadelphia 76ers,https://www.basketball-reference.com/players/r/rogerro01.html
masonro01,Roger Mason,2002-03,2013-14,7,Chicago Bulls | Toronto Raptors | Washington Wizards | San Antonio Spurs | New York Knicks | New Orleans Pelicans | Miami Heat,https://www.basketball-reference.com/players/m/masonro01.html
mercero01,Ron Mercer,1997-98,2004-05,7,Boston Celtics | Denver Nuggets | Orlando Magic | Chicago Bulls | Indiana Pacers | San Antonio Spurs | Brooklyn Nets,https://www.basketball-reference.com/players/m/mercero01.html
turiaro01,Ronny Turiaf,2005-06,2014-15,7,Los Angeles Lakers | Golden State Warriors | New York Knicks | Washington Wizards | Miami Heat | LA Clippers | Minnesota Timberwolves,https://www.basketball-reference.com/players/t/turiaro01.html
sparrro01,Rory Sparrow,1980-81,1991-92,7,Brooklyn Nets | Atlanta Hawks | New York Knicks | Chicago Bulls | Miami Heat | Sacramento Kings | Los Angeles Lakers,https://www.basketball-reference.com/players/s/sparrro01.html
westbru01,Russell Westbrook,2008-09,2025-26,7,Oklahoma City Thunder | Houston Rockets | Washington Wizards | Los Angeles Lakers | LA Clippers | Denver Nuggets | Sacramento Kings,https://www.basketball-reference.com/players/w/westbru01.html
pavloal01,Sasha Pavlović,2003-04,2012-13,7,Utah Jazz | Cleveland Cavaliers | Minnesota Timberwolves | Dallas Mavericks | New Orleans Pelicans | Boston Celtics | Portland Trail Blazers,https://www.basketball-reference.com/players/p/pavloal01.html
willisc01,Scott Williams,1990-91,2004-05,7,Chicago Bulls | Philadelphia 76ers | Milwaukee Bucks | Denver Nuggets | Phoenix Suns | Dallas Mavericks | Cleveland Cavaliers,https://www.basketball-reference.com/players/w/willisc01.html
rooksse01,Sean Rooks,1992-93,2003-04,7,Dallas Mavericks | Minnesota Timberwolves | Atlanta Hawks | Los Angeles Lakers | LA Clippers | New Orleans Pelicans | Orlando Magic,https://www.basketball-reference.com/players/r/rooksse01.html
willish01,Shammond Williams,1998-99,2006-07,7,Atlanta Hawks | Oklahoma City Thunder | Boston Celtics | Denver Nuggets | Orlando Magic | New Orleans Pelicans | Los Angeles Lakers,https://www.basketball-reference.com/players/w/willish01.html
harrish01,Shaquille Harrison,2017-18,2023-24,7,Phoenix Suns | Chicago Bulls | Utah Jazz | Denver Nuggets | Brooklyn Nets | Portland Trail Blazers | Memphis Grizzlies,https://www.basketball-reference.com/players/h/harrish01.html
willish03,Shawne Williams,2006-07,2014-15,7,Indiana Pacers | Dallas Mavericks | New York Knicks | Brooklyn Nets | Los Angeles Lakers | Miami Heat | Detroit Pistons,https://www.basketball-reference.com/players/w/willish03.html
willish02,Shelden Williams,2006-07,2011-12,7,Atlanta Hawks | Sacramento Kings | Minnesota Timberwolves | Boston Celtics | Denver Nuggets | New York Knicks | Brooklyn Nets,https://www.basketball-reference.com/players/w/willish02.html
macksh01,Shelvin Mack,2011-12,2018-19,7,Washington Wizards | Philadelphia 76ers | Atlanta Hawks | Utah Jazz | Orlando Magic | Memphis Grizzlies | Charlotte Hornets,https://www.basketball-reference.com/players/m/macksh01.html
grahast01,Stephen Graham,2005-06,2010-11,7,Houston Rockets | Chicago Bulls | Cleveland Cavaliers | Portland Trail Blazers | Indiana Pacers | Charlotte Hornets | Brooklyn Nets,https://www.basketball-reference.com/players/g/grahast01.html
johnsst03,Steve Johnson,1981-82,1990-91,7,Sacramento Kings | Chicago Bulls | San Antonio Spurs | Portland Trail Blazers | Minnesota Timberwolves | Oklahoma City Thunder | Golden State Warriors,https://www.basketball-reference.com/players/j/johnsst03.html
cummite01,Terry Cummings,1982-83,1999-00,7,LA Clippers | Milwaukee Bucks | San Antonio Spurs | Oklahoma City Thunder | Philadelphia 76ers | New York Knicks | Golden State Warriors,https://www.basketball-reference.com/players/c/cummite01.html
thomati01,Tim Thomas,1997-98,2009-10,7,Philadelphia 76ers | Milwaukee Bucks | New York Knicks | Chicago Bulls | Phoenix Suns | LA Clippers | Dallas Mavericks,https://www.basketball-reference.com/players/t/thomati01.html
guglito01,Tom Gugliotta,1992-93,2004-05,7,Washington Wizards | Golden State Warriors | Minnesota Timberwolves | Phoenix Suns | Utah Jazz | Boston Celtics | Atlanta Hawks,https://www.basketball-reference.com/players/g/guglito01.html
douglto01,Toney Douglas,2009-10,2016-17,7,New York Knicks | Houston Rockets | Sacramento Kings | Golden State Warriors | Miami Heat | New Orleans Pelicans | Memphis Grizzlies,https://www.basketball-reference.com/players/d/douglto01.html
danietr01,Troy Daniels,2013-14,2019-20,7,Houston Rockets | Minnesota Timberwolves | Charlotte Hornets | Memphis Grizzlies | Phoenix Suns | Los Angeles Lakers | Denver Nuggets,https://www.basketball-reference.com/players/d/danietr01.html
zellety01,Tyler Zeller,2012-13,2019-20,7,Cleveland Cavaliers | Boston Celtics | Brooklyn Nets | Milwaukee Bucks | Atlanta Hawks | Memphis Grizzlies | San Antonio Spurs,https://www.basketball-reference.com/players/z/zellety01.html
luety01,Tyronn Lue,1998-99,2008-09,7,Los Angeles Lakers | Washington Wizards | Orlando Magic | Houston Rockets | Atlanta Hawks | Dallas Mavericks | Milwaukee Bucks,https://www.basketball-reference.com/players/l/luety01.html
jonesty01,Tyus Jones,2015-16,2025-26,7,Minnesota Timberwolves | Memphis Grizzlies | Washington Wizards | Phoenix Suns | Orlando Magic | Dallas Mavericks | Denver Nuggets,https://www.basketball-reference.com/players/j/jonesty01.html
radmavl01,Vladimir Radmanović,2001-02,2012-13,7,Oklahoma City Thunder | LA Clippers | Los Angeles Lakers | Charlotte Hornets | Golden State Warriors | Atlanta Hawks | Chicago Bulls,https://www.basketball-reference.com/players/r/radmavl01.html
wafervo01,Von Wafer,2005-06,2011-12,7,Los Angeles Lakers | LA Clippers | Denver Nuggets | Portland Trail Blazers | Houston Rockets | Boston Celtics | Orlando Magic,https://www.basketball-reference.com/players/w/wafervo01.html
gabriwe01,Wenyen Gabriel,2019-20,2023-24,7,Sacramento Kings | Portland Trail Blazers | New Orleans Pelicans | Brooklyn Nets | LA Clippers | Los Angeles Lakers | Memphis Grizzlies,https://www.basketball-reference.com/players/g/gabriwe01.html
persowe01,Wesley Person,1994-95,2004-05,7,Phoenix Suns | Cleveland Cavaliers | Memphis Grizzlies | Portland Trail Blazers | Atlanta Hawks | Miami Heat | Denver Nuggets,https://www.basketball-reference.com/players/p/persowe01.html
aminual01,Al-Farouq Aminu,2010-11,2020-21,6,LA Clippers | New Orleans Pelicans | Dallas Mavericks | Portland Trail Blazers | Orlando Magic | Chicago Bulls,https://www.basketball-reference.com/players/a/aminual01.html
lenal01,Alex Len,2013-14,2024-25,6,Phoenix Suns | Atlanta Hawks | Sacramento Kings | Toronto Raptors | Washington Wizards | Los Angeles Lakers,https://www.basketball-reference.com/players/l/lenal01.html
johnsal02,Alize Johnson,2018-19,2022-23,6,Indiana Pacers | Brooklyn Nets | Chicago Bulls | Washington Wizards | New Orleans Pelicans | San Antonio Spurs,https://www.basketball-reference.com/players/j/johnsal02.html
geeal01,Alonzo Gee,2009-10,2016-17,6,Washington Wizards | San Antonio Spurs | Cleveland Cavaliers | Denver Nuggets | Portland Trail Blazers | New Orleans Pelicans,https://www.basketball-reference.com/players/g/geeal01.html
barrean01,Andre Barrett,2004-05,2007-08,6,Houston Rockets | Orlando Magic | Phoenix Suns | Toronto Raptors | Chicago Bulls | LA Clippers,https://www.basketball-reference.com/players/b/barrean01.html
drumman01,Andre Drummond,2012-13,2025-26,6,Detroit Pistons | Cleveland Cavaliers | Los Angeles Lakers | Philadelphia 76ers | Brooklyn Nets | Chicago Bulls,https://www.basketball-reference.com/players/d/drumman01.html
jamisan01,Antawn Jamison,1998-99,2013-14,6,Golden State Warriors | Dallas Mavericks | Washington Wizards | Cleveland Cavaliers | Los Angeles Lakers | LA Clippers,https://www.basketball-reference.com/players/j/jamisan01.html
cartean01,Anthony Carter,1999-00,2011-12,6,Miami Heat | San Antonio Spurs | Minnesota Timberwolves | Denver Nuggets | New York Knicks | Toronto Raptors,https://www.basketball-reference.com/players/c/cartean01.html
masonan01,Anthony Mason,1989-90,2002-03,6,Brooklyn Nets | Denver Nuggets | New York Knicks | Charlotte Hornets | Miami Heat | Milwaukee Bucks,https://www.basketball-reference.com/players/m/masonan01.html
carran01,Antoine Carr,1984-85,1999-00,6,Atlanta Hawks | Sacramento Kings | San Antonio Spurs | Utah Jazz | Houston Rockets | Memphis Grizzlies,https://www.basketball-reference.com/players/c/carran01.html
harvean01,Antonio Harvey,1993-94,2002-03,6,Los Angeles Lakers | Memphis Grizzlies | LA Clippers | Oklahoma City Thunder | Portland Trail Blazers | Atlanta Hawks,https://www.basketball-reference.com/players/h/harvean01.html
gilliar01,Armen Gilliam,1987-88,1999-00,6,Phoenix Suns | Charlotte Hornets | Philadelphia 76ers | Brooklyn Nets | Milwaukee Bucks | Utah Jazz,https://www.basketball-reference.com/players/g/gilliar01.html
afflaar01,Arron Afflalo,2007-08,2017-18,6,Detroit Pistons | Denver Nuggets | Orlando Magic | Portland Trail Blazers | New York Knicks | Sacramento Kings,https://www.basketball-reference.com/players/a/afflaar01.html
johnsav01,Avery Johnson,1988-89,2003-04,6,Oklahoma City Thunder | Denver Nuggets | San Antonio Spurs | Houston Rockets | Golden State Warriors | Dallas Mavericks,https://www.basketball-reference.com/players/j/johnsav01.html
davisba01,Baron Davis,1999-00,2011-12,6,Charlotte Hornets | New Orleans Pelicans | Golden State Warriors | LA Clippers | Cleveland Cavaliers | New York Knicks,https://www.basketball-reference.com/players/d/davisba01.html
owensbi01,Billy Owens,1991-92,2000-01,6,Golden State Warriors | Miami Heat | Sacramento Kings | Oklahoma City Thunder | Philadelphia 76ers | Detroit Pistons,https://www.basketball-reference.com/players/o/owensbi01.html
marjabo01,Boban Marjanović,2015-16,2023-24,6,San Antonio Spurs | Detroit Pistons | LA Clippers | Philadelphia 76ers | Dallas Mavericks | Houston Rockets,https://www.basketball-reference.com/players/m/marjabo01.html
jacksbo01,Bobby Jackson,1997-98,2008-09,6,Denver Nuggets | Minnesota Timberwolves | Sacramento Kings | Memphis Grizzlies | New Orleans Pelicans | Houston Rockets,https://www.basketball-reference.com/players/j/jacksbo01.html
jonesbo02,Bobby Jones,2006-07,2007-08,6,Philadelphia 76ers | Denver Nuggets | Memphis Grizzlies | Houston Rockets | Miami Heat | San Antonio Spurs,https://www.basketball-reference.com/players/j/jonesbo02.html
bogdabo02,Bojan Bogdanović,2014-15,2023-24,6,Brooklyn Nets | Washington Wizards | Indiana Pacers | Utah Jazz | Detroit Pistons | New York Knicks,https://www.basketball-reference.com/players/b/bogdabo02.html
millebr01,Brad Miller,1998-99,2011-12,6,Charlotte Hornets | Chicago Bulls | Indiana Pacers | Sacramento Kings | Houston Rockets | Minnesota Timberwolves,https://www.basketball-reference.com/players/m/millebr01.html
bassbr01,Brandon Bass,2005-06,2016-17,6,New Orleans Pelicans | Dallas Mavericks | Orlando Magic | Boston Celtics | Los Angeles Lakers | LA Clippers,https://www.basketball-reference.com/players/b/bassbr01.html
knighbr03,Brandon Knight,2011-12,2021-22,6,Detroit Pistons | Milwaukee Bucks | Phoenix Suns | Houston Rockets | Cleveland Cavaliers | Dallas Mavericks,https://www.basketball-reference.com/players/k/knighbr03.html
barrybr01,Brent Barry,1995-96,2008-09,6,LA Clippers | Miami Heat | Chicago Bulls | Oklahoma City Thunder | San Antonio Spurs | Houston Rockets,https://www.basketball-reference.com/players/b/barrybr01.html
cardibr01,Brian Cardinal,2000-01,2011-12,6,Detroit Pistons | Washington Wizards | Golden State Warriors | Memphis Grizzlies | Minnesota Timberwolves | Dallas Mavericks,https://www.basketball-reference.com/players/c/cardibr01.html
brownbr01,Bruce Brown,2018-19,2025-26,6,Detroit Pistons | Brooklyn Nets | Denver Nuggets | Indiana Pacers | Toronto Raptors | New Orleans Pelicans,https://www.basketball-reference.com/players/b/brownbr01.html
hieldbu01,Buddy Hield,2016-17,2025-26,6,New Orleans Pelicans | Sacramento Kings | Indiana Pacers | Philadelphia 76ers | Golden State Warriors | Atlanta Hawks,https://www.basketball-reference.com/players/h/hieldbu01.html
anthoca01,Carmelo Anthony,2003-04,2021-22,6,Denver Nuggets | New York Knicks | Oklahoma City Thunder | Houston Rockets | Portland Trail Blazers | Los Angeles Lakers,https://www.basketball-reference.com/players/a/anthoca01.html
martica01,Cartier Martin,2008-09,2014-15,6,Charlotte Hornets | Golden State Warriors | Washington Wizards | Atlanta Hawks | Chicago Bulls | Detroit Pistons,https://www.basketball-reference.com/players/m/martica01.html
fryech01,Channing Frye,2005-06,2018-19,6,New York Knicks | Portland Trail Blazers | Phoenix Suns | Orlando Magic | Cleveland Cavaliers | Los Angeles Lakers,https://www.basketball-reference.com/players/f/fryech01.html
carrch01,Chris Carr,1995-96,2000-01,6,Phoenix Suns | Minnesota Timberwolves | Brooklyn Nets | Golden State Warriors | Chicago Bulls | Boston Celtics,https://www.basketball-reference.com/players/c/carrch01.html
laettch01,Christian Laettner,1992-93,2004-05,6,Minnesota Timberwolves | Atlanta Hawks | Detroit Pistons | Dallas Mavericks | Washington Wizards | Miami Heat,https://www.basketball-reference.com/players/l/laettch01.html
weathcl01,Clarence Weatherspoon,1992-93,2004-05,6,Philadelphia 76ers | Golden State Warriors | Miami Heat | Cleveland Cavaliers | New York Knicks | Houston Rockets,https://www.basketball-reference.com/players/w/weathcl01.html
robincl01,Cliff Robinson,1979-80,1991-92,6,Brooklyn Nets | Sacramento Kings | Cleveland Cavaliers | Washington Wizards | Philadelphia 76ers | Los Angeles Lakers,https://www.basketball-reference.com/players/r/robincl01.html
aldrico01,Cole Aldrich,2010-11,2017-18,6,Oklahoma City Thunder | Houston Rockets | Sacramento Kings | New York Knicks | LA Clippers | Minnesota Timberwolves,https://www.basketball-reference.com/players/a/aldrico01.html
maggeco01,Corey Maggette,1999-00,2012-13,6,Orlando Magic | LA Clippers | Golden State Warriors | Milwaukee Bucks | Charlotte Hornets | Detroit Pistons,https://www.basketball-reference.com/players/m/maggeco01.html
ellisda01,Dale Ellis,1983-84,1999-00,6,Dallas Mavericks | Oklahoma City Thunder | Milwaukee Bucks | San Antonio Spurs | Denver Nuggets | Charlotte Hornets,https://www.basketball-reference.com/players/e/ellisda01.html
wilkida02,Damien Wilkins,2004-05,2017-18,6,Oklahoma City Thunder | Minnesota Timberwolves | Atlanta Hawks | Detroit Pistons | Philadelphia 76ers | Indiana Pacers,https://www.basketball-reference.com/players/w/wilkida02.html
dickada01,Dan Dickau,2002-03,2007-08,6,Atlanta Hawks | Portland Trail Blazers | Dallas Mavericks | New Orleans Pelicans | Boston Celtics | LA Clippers,https://www.basketball-reference.com/players/d/dickada01.html
theisda01,Daniel Theis,2017-18,2024-25,6,Boston Celtics | Chicago Bulls | Houston Rockets | Indiana Pacers | LA Clippers | New Orleans Pelicans,https://www.basketball-reference.com/players/t/theisda01.html
greenda02,Danny Green,2009-10,2023-24,6,Cleveland Cavaliers | San Antonio Spurs | Toronto Raptors | Los Angeles Lakers | Philadelphia 76ers | Memphis Grizzlies,https://www.basketball-reference.com/players/g/greenda02.html
houseda01,Danuel House Jr.,2016-17,2023-24,6,Washington Wizards | Phoenix Suns | Houston Rockets | New York Knicks | Utah Jazz | Philadelphia 76ers,https://www.basketball-reference.com/players/h/houseda01.html
milicda01,Darko Miličić,2003-04,2012-13,6,Detroit Pistons | Orlando Magic | Memphis Grizzlies | New York Knicks | Minnesota Timberwolves | Boston Celtics,https://www.basketball-reference.com/players/m/milicda01.html
collida01,Darren Collison,2009-10,2021-22,6,New Orleans Pelicans | Indiana Pacers | Dallas Mavericks | LA Clippers | Sacramento Kings | Los Angeles Lakers,https://www.basketball-reference.com/players/c/collida01.html
martida01,Darrick Martin,1994-95,2007-08,6,Minnesota Timberwolves | Memphis Grizzlies | LA Clippers | Sacramento Kings | Dallas Mavericks | Toronto Raptors,https://www.basketball-reference.com/players/m/martida01.html
hamda01,Darvin Ham,1996-97,2004-05,6,Denver Nuggets | Indiana Pacers | Washington Wizards | Milwaukee Bucks | Atlanta Hawks | Detroit Pistons,https://www.basketball-reference.com/players/h/hamda01.html
roddyda01,David Roddy,2022-23,2025-26,6,Memphis Grizzlies | Phoenix Suns | Atlanta Hawks | Philadelphia 76ers | Houston Rockets | Denver Nuggets,https://www.basketball-reference.com/players/r/roddyda01.html
wesleda01,David Wesley,1993-94,2006-07,6,Brooklyn Nets | Boston Celtics | Charlotte Hornets | New Orleans Pelicans | Houston Rockets | Cleveland Cavaliers,https://www.basketball-reference.com/players/w/wesleda01.html
wingada01,David Wingate,1986-87,2000-01,6,Philadelphia 76ers | San Antonio Spurs | Washington Wizards | Charlotte Hornets | Oklahoma City Thunder | New York Knicks,https://www.basketball-reference.com/players/w/wingada01.html
stevede01,DeShawn Stevenson,2000-01,2012-13,6,Utah Jazz | Orlando Magic | Washington Wizards | Dallas Mavericks | Brooklyn Nets | Atlanta Hawks,https://www.basketball-reference.com/players/s/stevede01.html
scottde01,Dennis Scott,1990-91,1999-00,6,Orlando Magic | Dallas Mavericks | Phoenix Suns | New York Knicks | Minnesota Timberwolves | Memphis Grizzlies,https://www.basketball-reference.com/players/s/scottde01.html
smithde03,Dennis Smith Jr.,2017-18,2023-24,6,Dallas Mavericks | New York Knicks | Detroit Pistons | Portland Trail Blazers | Charlotte Hornets | Brooklyn Nets,https://www.basketball-reference.com/players/s/smithde03.html
stronde01,Derek Strong,1991-92,2000-01,6,Washington Wizards | Milwaukee Bucks | Boston Celtics | Los Angeles Lakers | Orlando Magic | LA Clippers,https://www.basketball-reference.com/players/s/stronde01.html
jonesde02,Derrick Jones Jr.,2016-17,2025-26,6,Phoenix Suns | Miami Heat | Portland Trail Blazers | Chicago Bulls | Dallas Mavericks | LA Clippers,https://www.basketball-reference.com/players/j/jonesde02.html
rosede01,Derrick Rose,2008-09,2023-24,6,Chicago Bulls | New York Knicks | Cleveland Cavaliers | Minnesota Timberwolves | Detroit Pistons | Memphis Grizzlies,https://www.basketball-reference.com/players/r/rosede01.html
willide02,Derrick Williams,2011-12,2017-18,6,Minnesota Timberwolves | Sacramento Kings | New York Knicks | Miami Heat | Cleveland Cavaliers | Los Angeles Lakers,https://www.basketball-reference.com/players/w/willide02.html
brownde02,Devin Brown,2002-03,2009-10,6,San Antonio Spurs | Denver Nuggets | Utah Jazz | New Orleans Pelicans | Cleveland Cavaliers | Chicago Bulls,https://www.basketball-reference.com/players/b/brownde02.html
mutomdi01,Dikembe Mutombo,1991-92,2008-09,6,Denver Nuggets | Atlanta Hawks | Philadelphia 76ers | Brooklyn Nets | New York Knicks | Houston Rockets,https://www.basketball-reference.com/players/m/mutomdi01.html
eubandr01,Drew Eubanks,2018-19,2025-26,6,San Antonio Spurs | Portland Trail Blazers | Phoenix Suns | Utah Jazz | LA Clippers | Sacramento Kings,https://www.basketball-reference.com/players/e/eubandr01.html
schindw01,Dwayne Schintzius,1990-91,1998-99,6,San Antonio Spurs | Sacramento Kings | Brooklyn Nets | Indiana Pacers | LA Clippers | Boston Celtics,https://www.basketball-reference.com/players/s/schindw01.html
clarkea01,Earl Clark,2009-10,2014-15,6,Phoenix Suns | Orlando Magic | Los Angeles Lakers | Cleveland Cavaliers | New York Knicks | Brooklyn Nets,https://www.basketball-reference.com/players/c/clarkea01.html
watsoea01,Earl Watson,2001-02,2013-14,6,Oklahoma City Thunder | Memphis Grizzlies | Denver Nuggets | Indiana Pacers | Utah Jazz | Portland Trail Blazers,https://www.basketball-reference.com/players/w/watsoea01.html
gilled01,Eddie Gill,2000-01,2008-09,6,Brooklyn Nets | Memphis Grizzlies | Portland Trail Blazers | Indiana Pacers | Oklahoma City Thunder | Milwaukee Bucks,https://www.basketball-reference.com/players/g/gilled01.html
johnsed03,Eddie Johnson,1981-82,1998-99,6,Sacramento Kings | Phoenix Suns | Oklahoma City Thunder | Charlotte Hornets | Indiana Pacers | Houston Rockets,https://www.basketball-reference.com/players/j/johnsed03.html
campbel01,Elden Campbell,1990-91,2004-05,6,Los Angeles Lakers | Charlotte Hornets | New Orleans Pelicans | Oklahoma City Thunder | Detroit Pistons | Brooklyn Nets,https://www.basketball-reference.com/players/c/campbel01.html
leckner01,Eric Leckner,1988-89,1996-97,6,Utah Jazz | Sacramento Kings | Charlotte Hornets | Philadelphia 76ers | Detroit Pistons | Memphis Grizzlies,https://www.basketball-reference.com/players/l/leckner01.html
montrer01,Eric Montross,1994-95,2001-02,6,Boston Celtics | Dallas Mavericks | Brooklyn Nets | Philadelphia 76ers | Detroit Pistons | Toronto Raptors,https://www.basketball-reference.com/players/m/montrer01.html
stricer01,Erick Strickland,1996-97,2004-05,6,Dallas Mavericks | New York Knicks | Memphis Grizzlies | Boston Celtics | Indiana Pacers | Milwaukee Bucks,https://www.basketball-reference.com/players/s/stricer01.html
spencfe01,Felton Spencer,1990-91,2001-02,6,Minnesota Timberwolves | Utah Jazz | Orlando Magic | Golden State Warriors | San Antonio Spurs | New York Knicks,https://www.basketball-reference.com/players/s/spencfe01.html
elsonfr01,Francisco Elson,2003-04,2011-12,6,Denver Nuggets | San Antonio Spurs | Oklahoma City Thunder | Milwaukee Bucks | Philadelphia 76ers | Utah Jazz,https://www.basketball-reference.com/players/e/elsonfr01.html
brickfr01,Frank Brickowski,1984-85,1996-97,6,Oklahoma City Thunder | Los Angeles Lakers | San Antonio Spurs | Milwaukee Bucks | Charlotte Hornets | Boston Celtics,https://www.basketball-reference.com/players/b/brickfr01.html
nealga01,Gary Neal,2010-11,2016-17,6,San Antonio Spurs | Milwaukee Bucks | Charlotte Hornets | Minnesota Timberwolves | Washington Wizards | Atlanta Hawks,https://www.basketball-reference.com/players/n/nealga01.html
ricegl01,Glen Rice,1989-90,2003-04,6,Miami Heat | Charlotte Hornets | Los Angeles Lakers | New York Knicks | Houston Rockets | LA Clippers,https://www.basketball-reference.com/players/r/ricegl01.html
robingl02,Glenn Robinson III,2014-15,2020-21,6,Minnesota Timberwolves | Philadelphia 76ers | Indiana Pacers | Detroit Pistons | Golden State Warriors | Sacramento Kings,https://www.basketball-reference.com/players/r/robingl02.html
andergr01,Greg Anderson,1987-88,1997-98,6,San Antonio Spurs | Milwaukee Bucks | Brooklyn Nets | Denver Nuggets | Detroit Pistons | Atlanta Hawks,https://www.basketball-reference.com/players/a/andergr01.html
anthogr01,Greg Anthony,1991-92,2001-02,6,New York Knicks | Memphis Grizzlies | Oklahoma City Thunder | Portland Trail Blazers | Chicago Bulls | Milwaukee Bucks,https://www.basketball-reference.com/players/a/anthogr01.html
grantgr01,Greg Grant,1989-90,1995-96,6,Phoenix Suns | New York Knicks | Charlotte Hornets | Philadelphia 76ers | Denver Nuggets | Washington Wizards,https://www.basketball-reference.com/players/g/grantgr01.html
vasqugr01,Greivis Vásquez,2010-11,2016-17,6,Memphis Grizzlies | New Orleans Pelicans | Sacramento Kings | Toronto Raptors | Milwaukee Bucks | Brooklyn Nets,https://www.basketball-reference.com/players/v/vasqugr01.html
warriha01,Hakim Warrick,2005-06,2012-13,6,Memphis Grizzlies | Milwaukee Bucks | Chicago Bulls | Phoenix Suns | New Orleans Pelicans | Charlotte Hornets,https://www.basketball-reference.com/players/w/warriha01.html
turkohe01,Hedo Türkoğlu,2000-01,2014-15,6,Sacramento Kings | San Antonio Spurs | Orlando Magic | Toronto Raptors | Phoenix Suns | LA Clippers,https://www.basketball-reference.com/players/t/turkohe01.html
jameshe01,Henry James,1990-91,1997-98,6,Cleveland Cavaliers | Sacramento Kings | Utah Jazz | LA Clippers | Houston Rockets | Atlanta Hawks,https://www.basketball-reference.com/players/j/jameshe01.html
armsthi01,Hilton Armstrong,2006-07,2013-14,6,New Orleans Pelicans | Sacramento Kings | Houston Rockets | Washington Wizards | Atlanta Hawks | Golden State Warriors,https://www.basketball-reference.com/players/a/armsthi01.html
davishu01,Hubert Davis,1992-93,2003-04,6,New York Knicks | Toronto Raptors | Dallas Mavericks | Washington Wizards | Detroit Pistons | Brooklyn Nets,https://www.basketball-reference.com/players/d/davishu01.html
dioguik01,Ike Diogu,2005-06,2011-12,6,Golden State Warriors | Indiana Pacers | Portland Trail Blazers | Sacramento Kings | LA Clippers | San Antonio Spurs,https://www.basketball-reference.com/players/d/dioguik01.html
canaais01,Isaiah Canaan,2013-14,2018-19,6,Houston Rockets | Philadelphia 76ers | Chicago Bulls | Phoenix Suns | Minnesota Timberwolves | Milwaukee Bucks,https://www.basketball-reference.com/players/c/canaais01.html
harteis01,Isaiah Hartenstein,2018-19,2025-26,6,Houston Rockets | Denver Nuggets | Cleveland Cavaliers | LA Clippers | New York Knicks | Oklahoma City Thunder,https://www.basketball-reference.com/players/h/harteis01.html
reidjr01,J.R. Reid,1989-90,2000-01,6,Charlotte Hornets | San Antonio Spurs | New York Knicks | Los Angeles Lakers | Milwaukee Bucks | Cleveland Cavaliers,https://www.basketball-reference.com/players/r/reidjr01.html
redicjj01,JJ Redick,2006-07,2020-21,6,Orlando Magic | Milwaukee Bucks | LA Clippers | Philadelphia 76ers | New Orleans Pelicans | Dallas Mavericks,https://www.basketball-reference.com/players/r/redicjj01.html
parkeja01,Jabari Parker,2014-15,2021-22,6,Milwaukee Bucks | Chicago Bulls | Washington Wizards | Atlanta Hawks | Sacramento Kings | Boston Celtics,https://www.basketball-reference.com/players/p/parkeja01.html
roseja01,Jalen Rose,1994-95,2006-07,6,Denver Nuggets | Indiana Pacers | Chicago Bulls | Toronto Raptors | New York Knicks | Phoenix Suns,https://www.basketball-reference.com/players/r/roseja01.html
bouyeja01,Jamaree Bouyea,2022-23,2025-26,6,Miami Heat | Washington Wizards | Portland Trail Blazers | San Antonio Spurs | Milwaukee Bucks | Phoenix Suns,https://www.basketball-reference.com/players/b/bouyeja01.html
nelsoja01,Jameer Nelson,2004-05,2017-18,6,Orlando Magic | Dallas Mavericks | Boston Celtics | Denver Nuggets | New Orleans Pelicans | Detroit Pistons,https://www.basketball-reference.com/players/n/nelsoja01.html
hardeja01,James Harden,2009-10,2025-26,6,Oklahoma City Thunder | Houston Rockets | Brooklyn Nets | Philadelphia 76ers | LA Clippers | Cleveland Cavaliers,https://www.basketball-reference.com/players/h/hardeja01.html
cunnija01,Jared Cunningham,2012-13,2015-16,6,Dallas Mavericks | Atlanta Hawks | Sacramento Kings | LA Clippers | Cleveland Cavaliers | Milwaukee Bucks,https://www.basketball-reference.com/players/c/cunnija01.html
collija04,Jason Collins,2001-02,2013-14,6,Brooklyn Nets | Memphis Grizzlies | Minnesota Timberwolves | Atlanta Hawks | Boston Celtics | Washington Wizards,https://www.basketball-reference.com/players/c/collija04.html
kaponja01,Jason Kapono,2003-04,2011-12,6,Cleveland Cavaliers | Charlotte Hornets | Miami Heat | Toronto Raptors | Philadelphia 76ers | Los Angeles Lakers,https://www.basketball-reference.com/players/k/kaponja01.html
smithja02,Jason Smith,2007-08,2018-19,6,Philadelphia 76ers | New Orleans Pelicans | New York Knicks | Orlando Magic | Washington Wizards | Milwaukee Bucks,https://www.basketball-reference.com/players/s/smithja02.html
terryja01,Jason Terry,1999-00,2017-18,6,Atlanta Hawks | Dallas Mavericks | Boston Celtics | Brooklyn Nets | Houston Rockets | Milwaukee Bucks,https://www.basketball-reference.com/players/t/terryja01.html
vinceja01,Jay Vincent,1981-82,1989-90,6,Dallas Mavericks | Washington Wizards | Denver Nuggets | San Antonio Spurs | Philadelphia 76ers | Los Angeles Lakers,https://www.basketball-reference.com/players/v/vinceja01.html
mccoyje01,Jelani McCoy,1998-99,2007-08,6,Oklahoma City Thunder | Los Angeles Lakers | Toronto Raptors | Cleveland Cavaliers | Atlanta Hawks | Denver Nuggets,https://www.basketball-reference.com/players/m/mccoyje01.html
kerseje01,Jerome Kersey,1984-85,2000-01,6,Portland Trail Blazers | Golden State Warriors | Los Angeles Lakers | Oklahoma City Thunder | San Antonio Spurs | Milwaukee Bucks,https://www.basketball-reference.com/players/k/kerseje01.html
whiteje01,Jerome Whitehead,1979-80,1988-89,6,LA Clippers | Utah Jazz | Dallas Mavericks | Cleveland Cavaliers | Golden State Warriors | San Antonio Spurs,https://www.basketball-reference.com/players/w/whiteje01.html
carteje01,Jevon Carter,2018-19,2025-26,6,Memphis Grizzlies | Phoenix Suns | Brooklyn Nets | Milwaukee Bucks | Chicago Bulls | Orlando Magic,https://www.basketball-reference.com/players/c/carteje01.html
lucasjo01,John Lucas,1979-80,1989-90,6,Golden State Warriors | Washington Wizards | San Antonio Spurs | Houston Rockets | Milwaukee Bucks | Oklahoma City Thunder,https://www.basketball-reference.com/players/l/lucasjo01.html
lucasjo02,John Lucas III,2005-06,2016-17,6,Houston Rockets | Chicago Bulls | Toronto Raptors | Utah Jazz | Detroit Pistons | Minnesota Timberwolves,https://www.basketball-reference.com/players/l/lucasjo02.html
salmojo01,John Salmons,2002-03,2014-15,6,Philadelphia 76ers | Sacramento Kings | Chicago Bulls | Milwaukee Bucks | Toronto Raptors | New Orleans Pelicans,https://www.basketball-reference.com/players/s/salmojo01.html
thomajo02,John Thomas,1997-98,2005-06,6,Boston Celtics | Toronto Raptors | Minnesota Timberwolves | Memphis Grizzlies | Atlanta Hawks | Brooklyn Nets,https://www.basketball-reference.com/players/t/thomajo02.html
valanjo01,Jonas Valančiūnas,2012-13,2025-26,6,Toronto Raptors | Memphis Grizzlies | New Orleans Pelicans | Washington Wizards | Sacramento Kings | Denver Nuggets,https://www.basketball-reference.com/players/v/valanjo01.html
davisjo02,Josh Davis,2003-04,2011-12,6,Atlanta Hawks | Philadelphia 76ers | Milwaukee Bucks | Houston Rockets | Phoenix Suns | Memphis Grizzlies,https://www.basketball-reference.com/players/d/davisjo02.html
richajo01,Josh Richardson,2015-16,2024-25,6,Miami Heat | Philadelphia 76ers | Dallas Mavericks | Boston Celtics | San Antonio Spurs | New Orleans Pelicans,https://www.basketball-reference.com/players/r/richajo01.html
hernaju01,Juancho Hernangómez,2016-17,2022-23,6,Denver Nuggets | Minnesota Timberwolves | Boston Celtics | San Antonio Spurs | Utah Jazz | Toronto Raptors,https://www.basketball-reference.com/players/h/hernaju01.html
jonesju01,Jumaine Jones,1999-00,2006-07,6,Philadelphia 76ers | Cleveland Cavaliers | Boston Celtics | Los Angeles Lakers | Charlotte Hornets | Phoenix Suns,https://www.basketball-reference.com/players/j/jonesju01.html
anderju01,Justin Anderson,2015-16,2021-22,6,Dallas Mavericks | Philadelphia 76ers | Atlanta Hawks | Brooklyn Nets | Cleveland Cavaliers | Indiana Pacers,https://www.basketball-reference.com/players/a/anderju01.html
moisoje01,Jérôme Moïso,2000-01,2004-05,6,Boston Celtics | Charlotte Hornets | New Orleans Pelicans | Toronto Raptors | Brooklyn Nets | Cleveland Cavaliers,https://www.basketball-reference.com/players/m/moisoje01.html
smithke01,Kenny Smith,1987-88,1996-97,6,Sacramento Kings | Atlanta Hawks | Houston Rockets | Detroit Pistons | Orlando Magic | Denver Nuggets,https://www.basketball-reference.com/players/s/smithke01.html
caldwke01,Kentavious Caldwell-Pope,2013-14,2025-26,6,Detroit Pistons | Los Angeles Lakers | Washington Wizards | Denver Nuggets | Orlando Magic | Memphis Grizzlies,https://www.basketball-reference.com/players/c/caldwke01.html
reevekh01,Khalid Reeves,1994-95,1999-00,6,Miami Heat | Charlotte Hornets | Brooklyn Nets | Dallas Mavericks | Detroit Pistons | Chicago Bulls,https://www.basketball-reference.com/players/r/reevekh01.html
dunnkr01,Kris Dunn,2016-17,2025-26,6,Minnesota Timberwolves | Chicago Bulls | Atlanta Hawks | Portland Trail Blazers | Utah Jazz | LA Clippers,https://www.basketball-reference.com/players/d/dunnkr01.html
porzikr01,Kristaps Porziņģis,2015-16,2025-26,6,New York Knicks | Dallas Mavericks | Washington Wizards | Boston Celtics | Atlanta Hawks | Golden State Warriors,https://www.basketball-reference.com/players/p/porzikr01.html
anderky01,Kyle Anderson,2014-15,2025-26,6,San Antonio Spurs | Memphis Grizzlies | Minnesota Timberwolves | Golden State Warriors | Miami Heat | Utah Jazz,https://www.basketball-reference.com/players/a/anderky01.html
korveky01,Kyle Korver,2003-04,2019-20,6,Philadelphia 76ers | Utah Jazz | Chicago Bulls | Atlanta Hawks | Cleveland Cavaliers | Milwaukee Bucks,https://www.basketball-reference.com/players/k/korveky01.html
shamela01,Landry Shamet,2018-19,2025-26,6,Philadelphia 76ers | LA Clippers | Brooklyn Nets | Phoenix Suns | Washington Wizards | New York Knicks,https://www.basketball-reference.com/players/s/shamela01.html
krystla01,Larry Krystkowiak,1986-87,1996-97,6,San Antonio Spurs | Milwaukee Bucks | Utah Jazz | Orlando Magic | Chicago Bulls | Los Angeles Lakers,https://www.basketball-reference.com/players/k/krystla01.html
woodle01,Leon Wood,1984-85,1990-91,6,Philadelphia 76ers | Washington Wizards | Brooklyn Nets | San Antonio Spurs | Atlanta Hawks | Sacramento Kings,https://www.basketball-reference.com/players/w/woodle01.html
daniell01,Lloyd Daniels,1992-93,1997-98,6,San Antonio Spurs | Philadelphia 76ers | Los Angeles Lakers | Sacramento Kings | Brooklyn Nets | Toronto Raptors,https://www.basketball-reference.com/players/d/daniell01.html
baxtelo01,Lonny Baxter,2002-03,2005-06,6,Chicago Bulls | Toronto Raptors | Washington Wizards | New Orleans Pelicans | Houston Rockets | Charlotte Hornets,https://www.basketball-reference.com/players/b/baxtelo01.html
willilo02,Lou Williams,2005-06,2021-22,6,Philadelphia 76ers | Atlanta Hawks | Toronto Raptors | Los Angeles Lakers | Houston Rockets | LA Clippers,https://www.basketball-reference.com/players/w/willilo02.html
mbahalu01,Luc Mbah a Moute,2008-09,2019-20,6,Milwaukee Bucks | Sacramento Kings | Minnesota Timberwolves | Philadelphia 76ers | LA Clippers | Houston Rockets,https://www.basketball-reference.com/players/m/mbahalu01.html
kornelu01,Luke Kornet,2017-18,2025-26,6,New York Knicks | Chicago Bulls | Boston Celtics | Cleveland Cavaliers | Milwaukee Bucks | San Antonio Spurs,https://www.basketball-reference.com/players/k/kornelu01.html
beaslma01,Malik Beasley,2016-17,2024-25,6,Denver Nuggets | Minnesota Timberwolves | Utah Jazz | Los Angeles Lakers | Milwaukee Bucks | Detroit Pistons,https://www.basketball-reference.com/players/b/beaslma01.html
cambyma01,Marcus Camby,1996-97,2012-13,6,Toronto Raptors | New York Knicks | Denver Nuggets | LA Clippers | Portland Trail Blazers | Houston Rockets,https://www.basketball-reference.com/players/c/cambyma01.html
eliema01,Mario Elie,1990-91,2000-01,6,Philadelphia 76ers | Golden State Warriors | Portland Trail Blazers | Houston Rockets | San Antonio Spurs | Phoenix Suns,https://www.basketball-reference.com/players/e/eliema01.html
stricma01,Mark Strickland,1994-95,2002-03,6,Indiana Pacers | Miami Heat | Denver Nuggets | Brooklyn Nets | Atlanta Hawks | Dallas Mavericks,https://www.basketball-reference.com/players/s/stricma01.html
speigma01,Marreese Speights,2008-09,2017-18,6,Philadelphia 76ers | Memphis Grizzlies | Cleveland Cavaliers | Golden State Warriors | LA Clippers | Orlando Magic,https://www.basketball-reference.com/players/s/speigma01.html
harklma01,Maurice Harkless,2012-13,2021-22,6,Orlando Magic | Portland Trail Blazers | LA Clippers | New York Knicks | Miami Heat | Sacramento Kings,https://www.basketball-reference.com/players/h/harklma01.html
lucasma01,Maurice Lucas,1979-80,1987-88,6,Portland Trail Blazers | Brooklyn Nets | New York Knicks | Phoenix Suns | Los Angeles Lakers | Oklahoma City Thunder,https://www.basketball-reference.com/players/l/lucasma01.html
artesro01,Metta World Peace,1999-00,2016-17,6,Chicago Bulls | Indiana Pacers | Sacramento Kings | Houston Rockets | Los Angeles Lakers | New York Knicks,https://www.basketball-reference.com/players/a/artesro01.html
cartemi01,Michael Carter-Williams,2013-14,2022-23,6,Philadelphia 76ers | Milwaukee Bucks | Chicago Bulls | Charlotte Hornets | Houston Rockets | Orlando Magic,https://www.basketball-reference.com/players/c/cartemi01.html
currymi01,Michael Curry,1993-94,2004-05,6,Philadelphia 76ers | Washington Wizards | Detroit Pistons | Milwaukee Bucks | Toronto Raptors | Indiana Pacers,https://www.basketball-reference.com/players/c/currymi01.html
doleami01,Michael Doleac,1998-99,2007-08,6,Orlando Magic | Cleveland Cavaliers | New York Knicks | Denver Nuggets | Miami Heat | Minnesota Timberwolves,https://www.basketball-reference.com/players/d/doleami01.html
ruffimi01,Michael Ruffin,1999-00,2008-09,6,Chicago Bulls | Philadelphia 76ers | Utah Jazz | Washington Wizards | Milwaukee Bucks | Portland Trail Blazers,https://www.basketball-reference.com/players/r/ruffimi01.html
willimi02,Micheal Williams,1988-89,1998-99,6,Detroit Pistons | Phoenix Suns | Charlotte Hornets | Indiana Pacers | Minnesota Timberwolves | Toronto Raptors,https://www.basketball-reference.com/players/w/willimi02.html
bibbymi01,Mike Bibby,1998-99,2011-12,6,Memphis Grizzlies | Sacramento Kings | Atlanta Hawks | Washington Wizards | Miami Heat | New York Knicks,https://www.basketball-reference.com/players/b/bibbymi01.html
bratzmi01,Mike Bratz,1979-80,1985-86,6,Phoenix Suns | Cleveland Cavaliers | San Antonio Spurs | Chicago Bulls | Golden State Warriors | Sacramento Kings,https://www.basketball-reference.com/players/b/bratzmi01.html
dunlemi02,Mike Dunleavy,2002-03,2016-17,6,Golden State Warriors | Indiana Pacers | Milwaukee Bucks | Chicago Bulls | Cleveland Cavaliers | Atlanta Hawks,https://www.basketball-reference.com/players/d/dunlemi02.html
woodsmi01,Mike Woodson,1980-81,1990-91,6,New York Knicks | Brooklyn Nets | Sacramento Kings | LA Clippers | Houston Rockets | Cleveland Cavaliers,https://www.basketball-reference.com/players/w/woodsmi01.html
palacmi01,Milt Palacio,1999-00,2005-06,6,Memphis Grizzlies | Boston Celtics | Phoenix Suns | Cleveland Cavaliers | Toronto Raptors | Utah Jazz,https://www.basketball-reference.com/players/p/palacmi01.html
morrimo01,Monte Morris,2017-18,2025-26,6,Denver Nuggets | Washington Wizards | Detroit Pistons | Minnesota Timberwolves | Phoenix Suns | Indiana Pacers,https://www.basketball-reference.com/players/m/morrimo01.html
harremo01,Montrezl Harrell,2015-16,2022-23,6,Houston Rockets | LA Clippers | Los Angeles Lakers | Washington Wizards | Charlotte Hornets | Philadelphia 76ers,https://www.basketball-reference.com/players/h/harremo01.html
malonmo01,Moses Malone,1979-80,1994-95,6,Houston Rockets | Philadelphia 76ers | Washington Wizards | Atlanta Hawks | Milwaukee Bucks | San Antonio Spurs,https://www.basketball-reference.com/players/m/malonmo01.html
noelne01,Nerlens Noel,2014-15,2022-23,6,Philadelphia 76ers | Dallas Mavericks | Oklahoma City Thunder | New York Knicks | Detroit Pistons | Brooklyn Nets,https://www.basketball-reference.com/players/n/noelne01.html
vanexni01,Nick Van Exel,1993-94,2005-06,6,Los Angeles Lakers | Denver Nuggets | Dallas Mavericks | Golden State Warriors | Portland Trail Blazers | San Antonio Spurs,https://www.basketball-reference.com/players/v/vanexni01.html
youngni01,Nick Young,2007-08,2018-19,6,Washington Wizards | LA Clippers | Philadelphia 76ers | Los Angeles Lakers | Golden State Warriors | Denver Nuggets,https://www.basketball-reference.com/players/y/youngni01.html
milleol01,Oliver Miller,1992-93,2003-04,6,Phoenix Suns | Detroit Pistons | Toronto Raptors | Dallas Mavericks | Sacramento Kings | Minnesota Timberwolves,https://www.basketball-reference.com/players/m/milleol01.html
brownpj01,P.J. Brown,1993-94,2007-08,6,Brooklyn Nets | Miami Heat | Charlotte Hornets | New Orleans Pelicans | Chicago Bulls | Boston Celtics,https://www.basketball-reference.com/players/b/brownpj01.html
mannipa01,Pace Mannion,1983-84,1988-89,6,Golden State Warriors | Utah Jazz | Brooklyn Nets | Milwaukee Bucks | Detroit Pistons | Atlanta Hawks,https://www.basketball-reference.com/players/m/mannipa01.html
jonespo01,Popeye Jones,1993-94,2003-04,6,Dallas Mavericks | Toronto Raptors | Boston Celtics | Denver Nuggets | Washington Wizards | Golden State Warriors,https://www.basketball-reference.com/players/j/jonespo01.html
brezepr01,Primož Brezec,2001-02,2009-10,6,Indiana Pacers | Charlotte Hornets | Detroit Pistons | Toronto Raptors | Philadelphia 76ers | Milwaukee Bucks,https://www.basketball-reference.com/players/b/brezepr01.html
acyqu01,Quincy Acy,2012-13,2018-19,6,Toronto Raptors | Sacramento Kings | New York Knicks | Dallas Mavericks | Brooklyn Nets | Phoenix Suns,https://www.basketball-reference.com/players/a/acyqu01.html
alstora01,Rafer Alston,1999-00,2009-10,6,Milwaukee Bucks | Toronto Raptors | Miami Heat | Houston Rockets | Orlando Magic | Brooklyn Nets,https://www.basketball-reference.com/players/a/alstora01.html
bellra01,Raja Bell,2000-01,2011-12,6,Philadelphia 76ers | Dallas Mavericks | Utah Jazz | Phoenix Suns | Charlotte Hornets | Golden State Warriors,https://www.basketball-reference.com/players/b/bellra01.html
wallara01,Rasheed Wallace,1995-96,2012-13,6,Washington Wizards | Portland Trail Blazers | Atlanta Hawks | Detroit Pistons | Boston Celtics | New York Knicks,https://www.basketball-reference.com/players/w/wallara01.html
tolbera01,Ray Tolbert,1981-82,1988-89,6,Brooklyn Nets | Oklahoma City Thunder | Detroit Pistons | New York Knicks | Los Angeles Lakers | Atlanta Hawks,https://www.basketball-reference.com/players/t/tolbera01.html
willira01,Ray Williams,1979-80,1986-87,6,New York Knicks | Brooklyn Nets | Sacramento Kings | Boston Celtics | Atlanta Hawks | San Antonio Spurs,https://www.basketball-reference.com/players/w/willira01.html
willire01,Reggie Williams,1987-88,1996-97,6,LA Clippers | Cleveland Cavaliers | San Antonio Spurs | Denver Nuggets | Indiana Pacers | Brooklyn Nets,https://www.basketball-reference.com/players/w/willire01.html
greenri01,Rickey Green,1980-81,1991-92,6,Utah Jazz | Charlotte Hornets | Milwaukee Bucks | Indiana Pacers | Philadelphia 76ers | Boston Celtics,https://www.basketball-reference.com/players/g/greenri01.html
davisri01,Ricky Davis,1998-99,2009-10,6,Charlotte Hornets | Miami Heat | Cleveland Cavaliers | Boston Celtics | Minnesota Timberwolves | LA Clippers,https://www.basketball-reference.com/players/d/davisri01.html
smithro01,Robert Smith,1979-80,1984-85,6,Utah Jazz | Brooklyn Nets | Cleveland Cavaliers | Milwaukee Bucks | LA Clippers | San Antonio Spurs,https://www.basketball-reference.com/players/s/smithro01.html
hoodro01,Rodney Hood,2014-15,2021-22,6,Utah Jazz | Cleveland Cavaliers | Portland Trail Blazers | Toronto Raptors | Milwaukee Bucks | LA Clippers,https://www.basketball-reference.com/players/h/hoodro01.html
brewero01,Ron Brewer,1979-80,1985-86,6,Portland Trail Blazers | San Antonio Spurs | Cleveland Cavaliers | Golden State Warriors | Brooklyn Nets | Chicago Bulls,https://www.basketball-reference.com/players/b/brewero01.html
brewero02,Ronnie Brewer,2006-07,2013-14,6,Utah Jazz | Memphis Grizzlies | Chicago Bulls | New York Knicks | Oklahoma City Thunder | Houston Rockets,https://www.basketball-reference.com/players/b/brewero02.html
pricero01,Ronnie Price,2005-06,2016-17,6,Sacramento Kings | Utah Jazz | Phoenix Suns | Portland Trail Blazers | Orlando Magic | Los Angeles Lakers,https://www.basketball-reference.com/players/p/pricero01.html
patteru01,Ruben Patterson,1998-99,2007-08,6,Los Angeles Lakers | Oklahoma City Thunder | Portland Trail Blazers | Denver Nuggets | Milwaukee Bucks | LA Clippers,https://www.basketball-reference.com/players/p/patteru01.html
robinru01,Rumeal Robinson,1990-91,1996-97,6,Atlanta Hawks | Brooklyn Nets | Charlotte Hornets | Portland Trail Blazers | Los Angeles Lakers | Phoenix Suns,https://www.basketball-reference.com/players/r/robinru01.html
anderry01,Ryan Anderson,2008-09,2019-20,6,Brooklyn Nets | Orlando Magic | New Orleans Pelicans | Houston Rockets | Phoenix Suns | Miami Heat,https://www.basketball-reference.com/players/a/anderry01.html
walkesa01,Samaki Walker,1996-97,2005-06,6,Dallas Mavericks | San Antonio Spurs | Los Angeles Lakers | Miami Heat | Washington Wizards | Indiana Pacers,https://www.basketball-reference.com/players/w/walkesa01.html
dalemsa01,Samuel Dalembert,2001-02,2014-15,6,Philadelphia 76ers | Sacramento Kings | Houston Rockets | Milwaukee Bucks | Dallas Mavericks | New York Knicks,https://www.basketball-reference.com/players/d/dalemsa01.html
brooksc01,Scott Brooks,1988-89,1997-98,6,Philadelphia 76ers | Minnesota Timberwolves | Houston Rockets | Dallas Mavericks | New York Knicks | Cleveland Cavaliers,https://www.basketball-reference.com/players/b/brooksc01.html
higgise01,Sean Higgins,1990-91,1997-98,6,San Antonio Spurs | Orlando Magic | Golden State Warriors | Brooklyn Nets | Philadelphia 76ers | Portland Trail Blazers,https://www.basketball-reference.com/players/h/higgise01.html
kilpase01,Sean Kilpatrick,2014-15,2017-18,6,Minnesota Timberwolves | Denver Nuggets | Brooklyn Nets | Milwaukee Bucks | LA Clippers | Chicago Bulls,https://www.basketball-reference.com/players/k/kilpase01.html
marksse01,Sean Marks,1998-99,2010-11,6,Toronto Raptors | Miami Heat | San Antonio Spurs | Phoenix Suns | New Orleans Pelicans | Portland Trail Blazers,https://www.basketball-reference.com/players/m/marksse01.html
toneyse01,Sedric Toney,1985-86,1993-94,6,Atlanta Hawks | Phoenix Suns | New York Knicks | Indiana Pacers | Sacramento Kings | Cleveland Cavaliers,https://www.basketball-reference.com/players/t/toneyse01.html
napiesh01,Shabazz Napier,2014-15,2019-20,6,Miami Heat | Orlando Magic | Portland Trail Blazers | Brooklyn Nets | Minnesota Timberwolves | Washington Wizards,https://www.basketball-reference.com/players/n/napiesh01.html
miltosh01,Shake Milton,2018-19,2024-25,6,Philadelphia 76ers | Minnesota Timberwolves | Detroit Pistons | New York Knicks | Brooklyn Nets | Los Angeles Lakers,https://www.basketball-reference.com/players/m/miltosh01.html
onealsh01,Shaquille O'Neal,1992-93,2010-11,6,Orlando Magic | Los Angeles Lakers | Miami Heat | Phoenix Suns | Cleveland Cavaliers | Boston Celtics,https://www.basketball-reference.com/players/o/onealsh01.html
greensi02,Sidney Green,1983-84,1992-93,6,Chicago Bulls | Detroit Pistons | New York Knicks | Orlando Magic | San Antonio Spurs | Charlotte Hornets,https://www.basketball-reference.com/players/g/greensi02.html
parkesm01,Smush Parker,2002-03,2007-08,6,Cleveland Cavaliers | Detroit Pistons | Phoenix Suns | Los Angeles Lakers | Miami Heat | LA Clippers,https://www.basketball-reference.com/players/p/parkesm01.html
jonesso01,Solomon Jones,2006-07,2013-14,6,Atlanta Hawks | Indiana Pacers | LA Clippers | New Orleans Pelicans | New York Knicks | Orlando Magic,https://www.basketball-reference.com/players/j/jonesso01.html
hawessp01,Spencer Hawes,2007-08,2016-17,6,Sacramento Kings | Philadelphia 76ers | Cleveland Cavaliers | LA Clippers | Charlotte Hornets | Milwaukee Bucks,https://www.basketball-reference.com/players/h/hawessp01.html
augmost01,Stacey Augmon,1991-92,2005-06,6,Atlanta Hawks | Detroit Pistons | Portland Trail Blazers | Charlotte Hornets | New Orleans Pelicans | Orlando Magic,https://www.basketball-reference.com/players/a/augmost01.html
coltest01,Steve Colter,1984-85,1994-95,6,Portland Trail Blazers | Chicago Bulls | Philadelphia 76ers | Washington Wizards | Sacramento Kings | Cleveland Cavaliers,https://www.basketball-reference.com/players/c/coltest01.html
hayesst01,Steve Hayes,1981-82,1985-86,6,San Antonio Spurs | Detroit Pistons | Cleveland Cavaliers | Oklahoma City Thunder | Philadelphia 76ers | Utah Jazz,https://www.basketball-reference.com/players/h/hayesst01.html
kerrst01,Steve Kerr,1988-89,2002-03,6,Phoenix Suns | Cleveland Cavaliers | Orlando Magic | Chicago Bulls | San Antonio Spurs | Portland Trail Blazers,https://www.basketball-reference.com/players/k/kerrst01.html
smithst01,Steve Smith,1991-92,2004-05,6,Miami Heat | Atlanta Hawks | Portland Trail Blazers | San Antonio Spurs | New Orleans Pelicans | Charlotte Hornets,https://www.basketball-reference.com/players/s/smithst01.html
princta02,Taurean Prince,2016-17,2025-26,6,Atlanta Hawks | Brooklyn Nets | Cleveland Cavaliers | Minnesota Timberwolves | Los Angeles Lakers | Milwaukee Bucks,https://www.basketball-reference.com/players/p/princta02.html
bryanth01,Thomas Bryant,2017-18,2025-26,6,Los Angeles Lakers | Washington Wizards | Denver Nuggets | Miami Heat | Indiana Pacers | Cleveland Cavaliers,https://www.basketball-reference.com/players/b/bryanth01.html
robinth01,Thomas Robinson,2012-13,2016-17,6,Sacramento Kings | Houston Rockets | Portland Trail Blazers | Philadelphia 76ers | Brooklyn Nets | Los Angeles Lakers,https://www.basketball-reference.com/players/r/robinth01.html
legleti01,Tim Legler,1989-90,1999-00,6,Phoenix Suns | Denver Nuggets | Utah Jazz | Dallas Mavericks | Golden State Warriors | Washington Wizards,https://www.basketball-reference.com/players/l/legleti01.html
mccorti01,Tim McCormick,1984-85,1991-92,6,Oklahoma City Thunder | Philadelphia 76ers | Brooklyn Nets | Houston Rockets | Atlanta Hawks | New York Knicks,https://www.basketball-reference.com/players/m/mccorti01.html
chambto01,Tom Chambers,1981-82,1997-98,6,LA Clippers | Oklahoma City Thunder | Phoenix Suns | Utah Jazz | Charlotte Hornets | Philadelphia 76ers,https://www.basketball-reference.com/players/c/chambto01.html
battito01,Tony Battie,1997-98,2011-12,6,Denver Nuggets | Boston Celtics | Cleveland Cavaliers | Orlando Magic | Brooklyn Nets | Philadelphia 76ers,https://www.basketball-reference.com/players/b/battito01.html
bradlto01,Tony Bradley,2017-18,2025-26,6,Utah Jazz | Philadelphia 76ers | Oklahoma City Thunder | Chicago Bulls | Indiana Pacers | Atlanta Hawks,https://www.basketball-reference.com/players/b/bradlto01.html
campbto01,Tony Campbell,1984-85,1994-95,6,Detroit Pistons | Los Angeles Lakers | Minnesota Timberwolves | New York Knicks | Dallas Mavericks | Cleveland Cavaliers,https://www.basketball-reference.com/players/c/campbto01.html
smithto02,Tony Smith,1990-91,2000-01,6,Los Angeles Lakers | Phoenix Suns | Miami Heat | Charlotte Hornets | Milwaukee Bucks | Atlanta Hawks,https://www.basketball-reference.com/players/s/smithto02.html
snellto01,Tony Snell,2013-14,2021-22,6,Chicago Bulls | Milwaukee Bucks | Detroit Pistons | Atlanta Hawks | Portland Trail Blazers | New Orleans Pelicans,https://www.basketball-reference.com/players/s/snellto01.html
craigto01,Torrey Craig,2017-18,2024-25,6,Denver Nuggets | Milwaukee Bucks | Phoenix Suns | Indiana Pacers | Chicago Bulls | Boston Celtics,https://www.basketball-reference.com/players/c/craigto01.html
mcgratr01,Tracy McGrady,1997-98,2011-12,6,Toronto Raptors | Orlando Magic | Houston Rockets | New York Knicks | Detroit Pistons | Atlanta Hawks,https://www.basketball-reference.com/players/m/mcgratr01.html
murratr01,Tracy Murray,1992-93,2003-04,6,Portland Trail Blazers | Houston Rockets | Toronto Raptors | Washington Wizards | Denver Nuggets | Los Angeles Lakers,https://www.basketball-reference.com/players/m/murratr01.html
murphtr01,Troy Murphy,2001-02,2012-13,6,Golden State Warriors | Indiana Pacers | Brooklyn Nets | Boston Celtics | Los Angeles Lakers | Dallas Mavericks,https://www.basketball-reference.com/players/m/murphtr01.html
bakervi01,Vin Baker,1993-94,2005-06,6,Milwaukee Bucks | Oklahoma City Thunder | Boston Celtics | New York Knicks | Houston Rockets | LA Clippers,https://www.basketball-reference.com/players/b/bakervi01.html
williwa02,Walt Williams,1992-93,2002-03,6,Sacramento Kings | Miami Heat | Toronto Raptors | Portland Trail Blazers | Houston Rockets | Dallas Mavericks,https://www.basketball-reference.com/players/w/williwa02.html
matthwe01,Wes Matthews,1980-81,1989-90,6,Washington Wizards | Atlanta Hawks | Philadelphia 76ers | Chicago Bulls | San Antonio Spurs | Los Angeles Lakers,https://www.basketball-reference.com/players/m/matthwe01.html
johnswe01,Wesley Johnson,2010-11,2018-19,6,Minnesota Timberwolves | Phoenix Suns | Los Angeles Lakers | LA Clippers | New Orleans Pelicans | Washington Wizards,https://www.basketball-reference.com/players/j/johnswe01.html
pachuza01,Zaza Pachulia,2003-04,2018-19,6,Orlando Magic | Milwaukee Bucks | Atlanta Hawks | Dallas Mavericks | Golden State Warriors | Detroit Pistons,https://www.basketball-reference.com/players/p/pachuza01.html
hamilze01,Zendon Hamilton,2000-01,2005-06,6,LA Clippers | Denver Nuggets | Toronto Raptors | Philadelphia 76ers | Milwaukee Bucks | Cleveland Cavaliers,https://www.basketball-reference.com/players/h/hamilze01.html
priceaj01,A.J. Price,2009-10,2014-15,5,Indiana Pacers | Washington Wizards | Minnesota Timberwolves | Cleveland Cavaliers | Phoenix Suns,https://www.basketball-reference.com/players/p/priceaj01.html
holidaa01,Aaron Holiday,2018-19,2025-26,5,Indiana Pacers | Washington Wizards | Phoenix Suns | Atlanta Hawks | Houston Rockets,https://www.basketball-reference.com/players/h/holidaa01.html
lawac01,Acie Law,2007-08,2010-11,5,Atlanta Hawks | Golden State Warriors | Charlotte Hornets | Chicago Bulls | Memphis Grizzlies,https://www.basketball-reference.com/players/l/lawac01.html
caldwad01,Adrian Caldwell,1989-90,1997-98,5,Houston Rockets | Indiana Pacers | Brooklyn Nets | Philadelphia 76ers | Dallas Mavericks,https://www.basketball-reference.com/players/c/caldwad01.html
griffad01,Adrian Griffin,1999-00,2007-08,5,Boston Celtics | Dallas Mavericks | Houston Rockets | Chicago Bulls | Oklahoma City Thunder,https://www.basketball-reference.com/players/g/griffad01.html
horfoal01,Al Horford,2007-08,2025-26,5,Atlanta Hawks | Boston Celtics | Philadelphia 76ers | Oklahoma City Thunder | Golden State Warriors,https://www.basketball-reference.com/players/h/horfoal01.html
jeffeal01,Al Jefferson,2004-05,2017-18,5,Boston Celtics | Minnesota Timberwolves | Utah Jazz | Charlotte Hornets | Indiana Pacers,https://www.basketball-reference.com/players/j/jeffeal01.html
abdelal01,Alaa Abdelnaby,1990-91,1994-95,5,Portland Trail Blazers | Milwaukee Bucks | Boston Celtics | Sacramento Kings | Philadelphia 76ers,https://www.basketball-reference.com/players/a/abdelal01.html
anderal01,Alan Anderson,2005-06,2016-17,5,Charlotte Hornets | Toronto Raptors | Brooklyn Nets | Washington Wizards | LA Clippers,https://www.basketball-reference.com/players/a/anderal01.html
stivral01,Alex Stivrins,1985-86,1992-93,5,Oklahoma City Thunder | Phoenix Suns | LA Clippers | Milwaukee Bucks | Atlanta Hawks,https://www.basketball-reference.com/players/s/stivral01.html
mckinal01,Alfonzo McKinnie,2017-18,2021-22,5,Toronto Raptors | Golden State Warriors | Cleveland Cavaliers | Los Angeles Lakers | Chicago Bulls,https://www.basketball-reference.com/players/m/mckinal01.html
listeal01,Alton Lister,1981-82,1997-98,5,Milwaukee Bucks | Oklahoma City Thunder | Golden State Warriors | Boston Celtics | Portland Trail Blazers,https://www.basketball-reference.com/players/l/listeal01.html
bogutan01,Andrew Bogut,2005-06,2018-19,5,Milwaukee Bucks | Golden State Warriors | Dallas Mavericks | Cleveland Cavaliers | Los Angeles Lakers,https://www.basketball-reference.com/players/b/bogutan01.html
aventan01,Anthony Avent,1992-93,1999-00,5,Milwaukee Bucks | Orlando Magic | Memphis Grizzlies | Utah Jazz | LA Clippers,https://www.basketball-reference.com/players/a/aventan01.html
peelean01,Anthony Peeler,1992-93,2004-05,5,Los Angeles Lakers | Memphis Grizzlies | Minnesota Timberwolves | Sacramento Kings | Washington Wizards,https://www.basketball-reference.com/players/p/peelean01.html
walkean02,Antoine Walker,1996-97,2007-08,5,Boston Celtics | Dallas Mavericks | Atlanta Hawks | Miami Heat | Minnesota Timberwolves,https://www.basketball-reference.com/players/w/walkean02.html
langan02,Antonio Lang,1994-95,1999-00,5,Phoenix Suns | Cleveland Cavaliers | Miami Heat | Toronto Raptors | Philadelphia 76ers,https://www.basketball-reference.com/players/l/langan02.html
mcdyean01,Antonio McDyess,1995-96,2010-11,5,Denver Nuggets | Phoenix Suns | New York Knicks | Detroit Pistons | San Antonio Spurs,https://www.basketball-reference.com/players/m/mcdyean01.html
baynear01,Aron Baynes,2012-13,2020-21,5,San Antonio Spurs | Detroit Pistons | Boston Celtics | Phoenix Suns | Toronto Raptors,https://www.basketball-reference.com/players/b/baynear01.html
croshau01,Austin Croshere,1997-98,2008-09,5,Indiana Pacers | Dallas Mavericks | Golden State Warriors | Milwaukee Bucks | San Antonio Spurs,https://www.basketball-reference.com/players/c/croshau01.html
dayeau01,Austin Daye,2009-10,2014-15,5,Detroit Pistons | Memphis Grizzlies | Toronto Raptors | San Antonio Spurs | Atlanta Hawks,https://www.basketball-reference.com/players/d/dayeau01.html
mclembe01,Ben McLemore,2013-14,2021-22,5,Sacramento Kings | Memphis Grizzlies | Houston Rockets | Los Angeles Lakers | Portland Trail Blazers,https://www.basketball-reference.com/players/m/mclembe01.html
wallabe01,Ben Wallace,1996-97,2011-12,5,Washington Wizards | Orlando Magic | Detroit Pistons | Chicago Bulls | Cleveland Cavaliers,https://www.basketball-reference.com/players/w/wallabe01.html
kingbe01,Bernard King,1979-80,1992-93,5,Utah Jazz | Golden State Warriors | New York Knicks | Washington Wizards | Brooklyn Nets,https://www.basketball-reference.com/players/k/kingbe01.html
curlebi01,Bill Curley,1994-95,2000-01,5,Detroit Pistons | Minnesota Timberwolves | Houston Rockets | Golden State Warriors | Dallas Mavericks,https://www.basketball-reference.com/players/c/curlebi01.html
mckinbi01,Billy McKinney,1979-80,1985-86,5,Sacramento Kings | Utah Jazz | Denver Nuggets | LA Clippers | Chicago Bulls,https://www.basketball-reference.com/players/m/mckinbi01.html
colesbi01,Bimbo Coles,1990-91,2003-04,5,Miami Heat | Golden State Warriors | Atlanta Hawks | Cleveland Cavaliers | Boston Celtics,https://www.basketball-reference.com/players/c/colesbi01.html
delebi01,Bison Dele,1991-92,1998-99,5,Orlando Magic | Denver Nuggets | LA Clippers | Chicago Bulls | Detroit Pistons,https://www.basketball-reference.com/players/d/delebi01.html
edwarbl01,Blue Edwards,1989-90,1998-99,5,Utah Jazz | Milwaukee Bucks | Boston Celtics | Memphis Grizzlies | Miami Heat,https://www.basketball-reference.com/players/e/edwarbl01.html
mccanbo01,Bob McCann,1989-90,1997-98,5,Dallas Mavericks | Detroit Pistons | Minnesota Timberwolves | Washington Wizards | Toronto Raptors,https://www.basketball-reference.com/players/m/mccanbo01.html
surabo01,Bob Sura,1995-96,2004-05,5,Cleveland Cavaliers | Golden State Warriors | Detroit Pistons | Atlanta Hawks | Houston Rockets,https://www.basketball-reference.com/players/s/surabo01.html
thornbo01,Bob Thornton,1985-86,1995-96,5,New York Knicks | Philadelphia 76ers | Minnesota Timberwolves | Utah Jazz | Washington Wizards,https://www.basketball-reference.com/players/t/thornbo01.html
brownbo02,Bobby Brown,2008-09,2017-18,5,Sacramento Kings | Minnesota Timberwolves | New Orleans Pelicans | LA Clippers | Houston Rockets,https://www.basketball-reference.com/players/b/brownbo02.html
simmobo01,Bobby Simmons,2001-02,2011-12,5,Washington Wizards | LA Clippers | Milwaukee Bucks | Brooklyn Nets | San Antonio Spurs,https://www.basketball-reference.com/players/s/simmobo01.html
wellsbo01,Bonzi Wells,1998-99,2007-08,5,Portland Trail Blazers | Memphis Grizzlies | Sacramento Kings | Houston Rockets | New Orleans Pelicans,https://www.basketball-reference.com/players/w/wellsbo01.html
diawbo01,Boris Diaw,2003-04,2016-17,5,Atlanta Hawks | Phoenix Suns | Charlotte Hornets | San Antonio Spurs | Utah Jazz,https://www.basketball-reference.com/players/d/diawbo01.html
wanambr01,Brad Wanamaker,2018-19,2021-22,5,Boston Celtics | Golden State Warriors | Charlotte Hornets | Indiana Pacers | Washington Wizards,https://www.basketball-reference.com/players/w/wanambr01.html
jennibr01,Brandon Jennings,2009-10,2017-18,5,Milwaukee Bucks | Detroit Pistons | Orlando Magic | New York Knicks | Washington Wizards,https://www.basketball-reference.com/players/j/jennibr01.html
cookbr01,Brian Cook,2003-04,2011-12,5,Los Angeles Lakers | Orlando Magic | Houston Rockets | LA Clippers | Washington Wizards,https://www.basketball-reference.com/players/c/cookbr01.html
grantbr01,Brian Grant,1994-95,2005-06,5,Sacramento Kings | Portland Trail Blazers | Miami Heat | Los Angeles Lakers | Phoenix Suns,https://www.basketball-reference.com/players/g/grantbr01.html
weberbr01,Briante Weber,2015-16,2017-18,5,Memphis Grizzlies | Miami Heat | Golden State Warriors | Charlotte Hornets | Houston Rockets,https://www.basketball-reference.com/players/w/weberbr01.html
thompbr01,Brooks Thompson,1994-95,1997-98,5,Orlando Magic | Utah Jazz | Denver Nuggets | Phoenix Suns | New York Knicks,https://www.basketball-reference.com/players/t/thompbr01.html
sundobr01,Bruno Šundov,1998-99,2004-05,5,Dallas Mavericks | Indiana Pacers | Boston Celtics | Cleveland Cavaliers | New York Knicks,https://www.basketball-reference.com/players/s/sundobr01.html
watsocj01,C.J. Watson,2007-08,2016-17,5,Golden State Warriors | Chicago Bulls | Brooklyn Nets | Indiana Pacers | Orlando Magic,https://www.basketball-reference.com/players/w/watsocj01.html
cheanca01,Calbert Cheaney,1993-94,2005-06,5,Washington Wizards | Boston Celtics | Denver Nuggets | Utah Jazz | Golden State Warriors,https://www.basketball-reference.com/players/c/cheanca01.html
jonesca01,Caldwell Jones,1979-80,1989-90,5,Philadelphia 76ers | Houston Rockets | Chicago Bulls | Portland Trail Blazers | San Antonio Spurs,https://www.basketball-reference.com/players/j/jonesca01.html
nattca01,Calvin Natt,1979-80,1989-90,5,Brooklyn Nets | Portland Trail Blazers | Denver Nuggets | San Antonio Spurs | Indiana Pacers,https://www.basketball-reference.com/players/n/nattca01.html
leverca01,Caris LeVert,2016-17,2025-26,5,Brooklyn Nets | Indiana Pacers | Cleveland Cavaliers | Atlanta Hawks | Detroit Pistons,https://www.basketball-reference.com/players/l/leverca01.html
landrca01,Carl Landry,2007-08,2015-16,5,Houston Rockets | Sacramento Kings | New Orleans Pelicans | Golden State Warriors | Philadelphia 76ers,https://www.basketball-reference.com/players/l/landrca01.html
rogerca01,Carlos Rogers,1994-95,2001-02,5,Golden State Warriors | Toronto Raptors | Portland Trail Blazers | Houston Rockets | Indiana Pacers,https://www.basketball-reference.com/players/r/rogerca01.html
cebalce01,Cedric Ceballos,1990-91,2000-01,5,Phoenix Suns | Los Angeles Lakers | Dallas Mavericks | Detroit Pistons | Miami Heat,https://www.basketball-reference.com/players/c/cebalce01.html
bassech01,Charles Bassey,2021-22,2025-26,5,Philadelphia 76ers | San Antonio Spurs | Memphis Grizzlies | Boston Celtics | Golden State Warriors,https://www.basketball-reference.com/players/b/bassech01.html
jonesch01,Charles Jones,1983-84,1997-98,5,Philadelphia 76ers | Chicago Bulls | Washington Wizards | Detroit Pistons | Houston Rockets,https://www.basketball-reference.com/players/j/jonesch01.html
oaklech01,Charles Oakley,1985-86,2003-04,5,Chicago Bulls | New York Knicks | Toronto Raptors | Washington Wizards | Houston Rockets,https://www.basketball-reference.com/players/o/oaklech01.html
smithch04,Charles Smith,1997-98,2005-06,5,Miami Heat | LA Clippers | San Antonio Spurs | Portland Trail Blazers | Denver Nuggets,https://www.basketball-reference.com/players/s/smithch04.html
brownch02,Charlie Brown Jr.,2019-20,2023-24,5,Atlanta Hawks | Oklahoma City Thunder | Dallas Mavericks | Philadelphia 76ers | New York Knicks,https://www.basketball-reference.com/players/b/brownch02.html
randlch01,Chasson Randle,2016-17,2020-21,5,Philadelphia 76ers | New York Knicks | Washington Wizards | Golden State Warriors | Orlando Magic,https://www.basketball-reference.com/players/r/randlch01.html
anderch01,Chris Andersen,2001-02,2016-17,5,Denver Nuggets | New Orleans Pelicans | Miami Heat | Memphis Grizzlies | Cleveland Cavaliers,https://www.basketball-reference.com/players/a/anderch01.html
douglch01,Chris Douglas-Roberts,2008-09,2014-15,5,Brooklyn Nets | Milwaukee Bucks | Dallas Mavericks | Charlotte Hornets | LA Clippers,https://www.basketball-reference.com/players/d/douglch01.html
dudlech02,Chris Dudley,1987-88,2002-03,5,Cleveland Cavaliers | Brooklyn Nets | Portland Trail Blazers | New York Knicks | Phoenix Suns,https://www.basketball-reference.com/players/d/dudlech02.html
englech01,Chris Engler,1982-83,1987-88,5,Golden State Warriors | Brooklyn Nets | Chicago Bulls | Milwaukee Bucks | Portland Trail Blazers,https://www.basketball-reference.com/players/e/englech01.html
johnsch04,Chris Johnson,2012-13,2015-16,5,Memphis Grizzlies | Boston Celtics | Philadelphia 76ers | Utah Jazz | Milwaukee Bucks,https://www.basketball-reference.com/players/j/johnsch04.html
kamanch01,Chris Kaman,2003-04,2015-16,5,LA Clippers | New Orleans Pelicans | Dallas Mavericks | Los Angeles Lakers | Portland Trail Blazers,https://www.basketball-reference.com/players/k/kamanch01.html
webbech01,Chris Webber,1993-94,2007-08,5,Golden State Warriors | Washington Wizards | Sacramento Kings | Philadelphia 76ers | Detroit Pistons,https://www.basketball-reference.com/players/w/webbech01.html
wilcoch01,Chris Wilcox,2002-03,2012-13,5,LA Clippers | Oklahoma City Thunder | New York Knicks | Detroit Pistons | Boston Celtics,https://www.basketball-reference.com/players/w/wilcoch01.html
nevitch01,Chuck Nevitt,1982-83,1993-94,5,Houston Rockets | Los Angeles Lakers | Detroit Pistons | Chicago Bulls | San Antonio Spurs,https://www.basketball-reference.com/players/n/nevitch01.html
persoch01,Chuck Person,1986-87,1999-00,5,Indiana Pacers | Minnesota Timberwolves | San Antonio Spurs | Charlotte Hornets | Oklahoma City Thunder,https://www.basketball-reference.com/players/p/persoch01.html
robincl02,Clifford Robinson,1989-90,2006-07,5,Portland Trail Blazers | Phoenix Suns | Detroit Pistons | Golden State Warriors | Brooklyn Nets,https://www.basketball-reference.com/players/r/robincl02.html
castlco01,Colin Castleton,2023-24,2025-26,5,Los Angeles Lakers | Memphis Grizzlies | Toronto Raptors | Philadelphia 76ers | Orlando Magic,https://www.basketball-reference.com/players/c/castlco01.html
russeda01,D'Angelo Russell,2015-16,2025-26,5,Los Angeles Lakers | Brooklyn Nets | Golden State Warriors | Minnesota Timberwolves | Dallas Mavericks,https://www.basketball-reference.com/players/r/russeda01.html
jeffrda01,DaQuan Jeffries,2019-20,2025-26,5,Sacramento Kings | Houston Rockets | Memphis Grizzlies | New York Knicks | Charlotte Hornets,https://www.basketball-reference.com/players/j/jeffrda01.html
osullda01,Dan O'Sullivan,1990-91,1995-96,5,Utah Jazz | Brooklyn Nets | Milwaukee Bucks | Detroit Pistons | Toronto Raptors,https://www.basketball-reference.com/players/o/osullda01.html
fortsda01,Danny Fortson,1997-98,2006-07,5,Denver Nuggets | Boston Celtics | Golden State Warriors | Dallas Mavericks | Oklahoma City Thunder,https://www.basketball-reference.com/players/f/fortsda01.html
youngda01,Danny Young,1984-85,1994-95,5,Oklahoma City Thunder | Portland Trail Blazers | LA Clippers | Detroit Pistons | Milwaukee Bucks,https://www.basketball-reference.com/players/y/youngda01.html
morrida01,Darius Morris,2011-12,2014-15,5,Los Angeles Lakers | Philadelphia 76ers | LA Clippers | Memphis Grizzlies | Brooklyn Nets,https://www.basketball-reference.com/players/m/morrida01.html
songada01,Darius Songaila,2003-04,2010-11,5,Sacramento Kings | Chicago Bulls | Washington Wizards | New Orleans Pelicans | Philadelphia 76ers,https://www.basketball-reference.com/players/s/songada01.html
armstda01,Darrell Armstrong,1994-95,2007-08,5,Orlando Magic | New Orleans Pelicans | Dallas Mavericks | Indiana Pacers | Brooklyn Nets,https://www.basketball-reference.com/players/a/armstda01.html
walkeda01,Darrell Walker,1983-84,1992-93,5,New York Knicks | Denver Nuggets | Washington Wizards | Detroit Pistons | Chicago Bulls,https://www.basketball-reference.com/players/w/walkeda01.html
corzida01,Dave Corzine,1979-80,1990-91,5,Washington Wizards | San Antonio Spurs | Chicago Bulls | Orlando Magic | Oklahoma City Thunder,https://www.basketball-reference.com/players/c/corzida01.html
hoppeda01,Dave Hoppen,1987-88,1992-93,5,Milwaukee Bucks | Golden State Warriors | Charlotte Hornets | Philadelphia 76ers | Brooklyn Nets,https://www.basketball-reference.com/players/h/hoppeda01.html
leeda02,David Lee,2005-06,2016-17,5,New York Knicks | Golden State Warriors | Boston Celtics | Dallas Mavericks | San Antonio Spurs,https://www.basketball-reference.com/players/l/leeda02.html
nwabada01,David Nwaba,2016-17,2021-22,5,Los Angeles Lakers | Chicago Bulls | Cleveland Cavaliers | Brooklyn Nets | Houston Rockets,https://www.basketball-reference.com/players/n/nwabada01.html
thirdda01,David Thirdkill,1982-83,1986-87,5,Phoenix Suns | Detroit Pistons | Milwaukee Bucks | San Antonio Spurs | Boston Celtics,https://www.basketball-reference.com/players/t/thirdda01.html
curryde01,Dell Curry,1986-87,2001-02,5,Utah Jazz | Cleveland Cavaliers | Charlotte Hornets | Milwaukee Bucks | Toronto Raptors,https://www.basketball-reference.com/players/c/curryde01.html
rodmade01,Dennis Rodman,1986-87,1999-00,5,Detroit Pistons | San Antonio Spurs | Chicago Bulls | Los Angeles Lakers | Dallas Mavericks,https://www.basketball-reference.com/players/r/rodmade01.html
fishede01,Derek Fisher,1996-97,2013-14,5,Los Angeles Lakers | Golden State Warriors | Utah Jazz | Oklahoma City Thunder | Dallas Mavericks,https://www.basketball-reference.com/players/f/fishede01.html
smithde02,Derek Smith,1982-83,1990-91,5,Golden State Warriors | LA Clippers | Sacramento Kings | Philadelphia 76ers | Boston Celtics,https://www.basketball-reference.com/players/s/smithde02.html
harride01,Devin Harris,2004-05,2018-19,5,Dallas Mavericks | Brooklyn Nets | Utah Jazz | Atlanta Hawks | Denver Nuggets,https://www.basketball-reference.com/players/h/harride01.html
wilkido01,Dominique Wilkins,1982-83,1998-99,5,Atlanta Hawks | LA Clippers | Boston Celtics | San Antonio Spurs | Orlando Magic,https://www.basketball-reference.com/players/w/wilkido01.html
royaldo01,Donald Royal,1989-90,1997-98,5,Minnesota Timberwolves | San Antonio Spurs | Orlando Magic | Golden State Warriors | Charlotte Hornets,https://www.basketball-reference.com/players/r/royaldo01.html
sloando01,Donald Sloan,2011-12,2015-16,5,Atlanta Hawks | New Orleans Pelicans | Cleveland Cavaliers | Indiana Pacers | Brooklyn Nets,https://www.basketball-reference.com/players/s/sloando01.html
harvedo01,Donnell Harvey,2000-01,2004-05,5,Dallas Mavericks | Denver Nuggets | Orlando Magic | Phoenix Suns | Brooklyn Nets,https://www.basketball-reference.com/players/h/harvedo01.html
divindo01,Donte DiVincenzo,2018-19,2025-26,5,Milwaukee Bucks | Sacramento Kings | Golden State Warriors | New York Knicks | Minnesota Timberwolves,https://www.basketball-reference.com/players/d/divindo01.html
bertada01,Dāvis Bertāns,2016-17,2023-24,5,San Antonio Spurs | Washington Wizards | Dallas Mavericks | Oklahoma City Thunder | Charlotte Hornets,https://www.basketball-reference.com/players/b/bertada01.html
mooreet01,E'Twaun Moore,2011-12,2020-21,5,Boston Celtics | Orlando Magic | Chicago Bulls | New Orleans Pelicans | Phoenix Suns,https://www.basketball-reference.com/players/m/mooreet01.html
nealyed01,Ed Nealy,1982-83,1992-93,5,Sacramento Kings | San Antonio Spurs | Chicago Bulls | Phoenix Suns | Golden State Warriors,https://www.basketball-reference.com/players/n/nealyed01.html
jonesed02,Eddie Jones,1994-95,2007-08,5,Los Angeles Lakers | Charlotte Hornets | Miami Heat | Memphis Grizzlies | Dallas Mavericks,https://www.basketball-reference.com/players/j/jonesed02.html
najered01,Eduardo Nájera,2000-01,2011-12,5,Dallas Mavericks | Golden State Warriors | Denver Nuggets | Brooklyn Nets | Charlotte Hornets,https://www.basketball-reference.com/players/n/najered01.html
recasel01,Eldridge Recasner,1994-95,2001-02,5,Denver Nuggets | Houston Rockets | Atlanta Hawks | Charlotte Hornets | LA Clippers,https://www.basketball-reference.com/players/r/recasel01.html
paytoel01,Elfrid Payton,2014-15,2024-25,5,Orlando Magic | Phoenix Suns | New Orleans Pelicans | New York Knicks | Charlotte Hornets,https://www.basketball-reference.com/players/p/paytoel01.html
williel01,Elliot Williams,2011-12,2015-16,5,Portland Trail Blazers | Philadelphia 76ers | Utah Jazz | New Orleans Pelicans | Memphis Grizzlies,https://www.basketball-reference.com/players/w/williel01.html
brandel01,Elton Brand,1999-00,2015-16,5,Chicago Bulls | LA Clippers | Philadelphia 76ers | Dallas Mavericks | Atlanta Hawks,https://www.basketball-reference.com/players/b/brandel01.html
kanteen01,Enes Freedom,2011-12,2021-22,5,Utah Jazz | Oklahoma City Thunder | New York Knicks | Portland Trail Blazers | Boston Celtics,https://www.basketball-reference.com/players/k/kanteen01.html
gordoer01,Eric Gordon,2008-09,2025-26,5,LA Clippers | New Orleans Pelicans | Houston Rockets | Phoenix Suns | Philadelphia 76ers,https://www.basketball-reference.com/players/g/gordoer01.html
maynoer01,Eric Maynor,2009-10,2013-14,5,Utah Jazz | Oklahoma City Thunder | Portland Trail Blazers | Washington Wizards | Philadelphia 76ers,https://www.basketball-reference.com/players/m/maynoer01.html
rileyer01,Eric Riley,1993-94,1998-99,5,Houston Rockets | LA Clippers | Minnesota Timberwolves | Dallas Mavericks | Boston Celtics,https://www.basketball-reference.com/players/r/rileyer01.html
dampier01,Erick Dampier,1996-97,2011-12,5,Indiana Pacers | Golden State Warriors | Dallas Mavericks | Miami Heat | Atlanta Hawks,https://www.basketball-reference.com/players/d/dampier01.html
bohanet01,Etdrick Bohannon,1997-98,2000-01,5,Indiana Pacers | Washington Wizards | New York Knicks | LA Clippers | Cleveland Cavaliers,https://www.basketball-reference.com/players/b/bohanet01.html
fournev01,Evan Fournier,2012-13,2023-24,5,Denver Nuggets | Orlando Magic | Boston Celtics | New York Knicks | Detroit Pistons,https://www.basketball-reference.com/players/f/fournev01.html
turneev01,Evan Turner,2010-11,2019-20,5,Philadelphia 76ers | Indiana Pacers | Boston Celtics | Portland Trail Blazers | Atlanta Hawks,https://www.basketball-reference.com/players/t/turneev01.html
jonesfr01,Fred Jones,2002-03,2008-09,5,Indiana Pacers | Toronto Raptors | Portland Trail Blazers | New York Knicks | LA Clippers,https://www.basketball-reference.com/players/j/jonesfr01.html
clarkga01,Gary Clark,2018-19,2021-22,5,Houston Rockets | Orlando Magic | Denver Nuggets | Philadelphia 76ers | New Orleans Pelicans,https://www.basketball-reference.com/players/c/clarkga01.html
paytoga01,Gary Payton,1990-91,2006-07,5,Oklahoma City Thunder | Milwaukee Bucks | Los Angeles Lakers | Boston Celtics | Miami Heat,https://www.basketball-reference.com/players/p/paytoga01.html
paytoga02,Gary Payton II,2016-17,2025-26,5,Milwaukee Bucks | Los Angeles Lakers | Washington Wizards | Golden State Warriors | Portland Trail Blazers,https://www.basketball-reference.com/players/p/paytoga02.html
hustoge01,Geoff Huston,1979-80,1986-87,5,New York Knicks | Dallas Mavericks | Cleveland Cavaliers | Golden State Warriors | LA Clippers,https://www.basketball-reference.com/players/h/hustoge01.html
lynchge01,George Lynch,1993-94,2004-05,5,Los Angeles Lakers | Memphis Grizzlies | Philadelphia 76ers | Charlotte Hornets | New Orleans Pelicans,https://www.basketball-reference.com/players/l/lynchge01.html
mccloge01,George McCloud,1989-90,2001-02,5,Indiana Pacers | Dallas Mavericks | Los Angeles Lakers | Phoenix Suns | Denver Nuggets,https://www.basketball-reference.com/players/m/mccloge01.html
niangge01,Georges Niang,2016-17,2024-25,5,Indiana Pacers | Utah Jazz | Philadelphia 76ers | Cleveland Cavaliers | Atlanta Hawks,https://www.basketball-reference.com/players/n/niangge01.html
paddige01,Gerald Paddio,1990-91,1993-94,5,Cleveland Cavaliers | Oklahoma City Thunder | Indiana Pacers | New York Knicks | Washington Wizards,https://www.basketball-reference.com/players/p/paddige01.html
wallage01,Gerald Wallace,2001-02,2014-15,5,Sacramento Kings | Charlotte Hornets | Portland Trail Blazers | Brooklyn Nets | Boston Celtics,https://www.basketball-reference.com/players/w/wallage01.html
giricgo01,Gordan Giriček,2002-03,2007-08,5,Memphis Grizzlies | Orlando Magic | Utah Jazz | Philadelphia 76ers | Phoenix Suns,https://www.basketball-reference.com/players/g/giricgo01.html
longgr01,Grant Long,1988-89,2002-03,5,Miami Heat | Atlanta Hawks | Detroit Pistons | Memphis Grizzlies | Boston Celtics,https://www.basketball-reference.com/players/l/longgr01.html
buckngr01,Greg Buckner,1999-00,2008-09,5,Dallas Mavericks | Philadelphia 76ers | Denver Nuggets | Minnesota Timberwolves | Memphis Grizzlies,https://www.basketball-reference.com/players/b/buckngr01.html
mcdowha01,Hank McDowell,1981-82,1986-87,5,Golden State Warriors | Portland Trail Blazers | LA Clippers | Houston Rockets | Milwaukee Bucks,https://www.basketball-reference.com/players/m/mcdowha01.html
workmha01,Haywoode Workman,1989-90,1999-00,5,Atlanta Hawks | Washington Wizards | Indiana Pacers | Milwaukee Bucks | Toronto Raptors,https://www.basketball-reference.com/players/w/workmha01.html
shumpim01,Iman Shumpert,2011-12,2020-21,5,New York Knicks | Cleveland Cavaliers | Sacramento Kings | Houston Rockets | Brooklyn Nets,https://www.basketball-reference.com/players/s/shumpim01.html
udokaim01,Ime Udoka,2003-04,2010-11,5,Los Angeles Lakers | New York Knicks | Portland Trail Blazers | San Antonio Spurs | Sacramento Kings,https://www.basketball-reference.com/players/u/udokaim01.html
newblir01,Ira Newble,2000-01,2007-08,5,San Antonio Spurs | Atlanta Hawks | Cleveland Cavaliers | Oklahoma City Thunder | Los Angeles Lakers,https://www.basketball-reference.com/players/n/newblir01.html
rideris01,Isaiah Rider,1993-94,2001-02,5,Minnesota Timberwolves | Portland Trail Blazers | Atlanta Hawks | Los Angeles Lakers | Denver Nuggets,https://www.basketball-reference.com/players/r/rideris01.html
hicksjj01,J.J. Hickson,2008-09,2015-16,5,Cleveland Cavaliers | Sacramento Kings | Portland Trail Blazers | Denver Nuggets | Washington Wizards,https://www.basketball-reference.com/players/h/hicksjj01.html
smithjr01,J.R. Smith,2004-05,2019-20,5,New Orleans Pelicans | Denver Nuggets | New York Knicks | Cleveland Cavaliers | Los Angeles Lakers,https://www.basketball-reference.com/players/s/smithjr01.html
sampsja02,JaKarr Sampson,2014-15,2020-21,5,Philadelphia 76ers | Denver Nuggets | Sacramento Kings | Chicago Bulls | Indiana Pacers,https://www.basketball-reference.com/players/s/sampsja02.html
greenja01,JaMychal Green,2014-15,2022-23,5,San Antonio Spurs | Memphis Grizzlies | LA Clippers | Denver Nuggets | Golden State Warriors,https://www.basketball-reference.com/players/g/greenja01.html
vaughja01,Jacque Vaughn,1997-98,2008-09,5,Utah Jazz | Atlanta Hawks | Orlando Magic | Brooklyn Nets | San Antonio Spurs,https://www.basketball-reference.com/players/v/vaughja01.html
okafoja01,Jahlil Okafor,2015-16,2024-25,5,Philadelphia 76ers | Brooklyn Nets | New Orleans Pelicans | Detroit Pistons | Indiana Pacers,https://www.basketball-reference.com/players/o/okafoja01.html
voskuja01,Jake Voskuhl,2000-01,2008-09,5,Chicago Bulls | Phoenix Suns | Charlotte Hornets | Milwaukee Bucks | Toronto Raptors,https://www.basketball-reference.com/players/v/voskuja01.html
sampsja01,Jamal Sampson,2002-03,2006-07,5,Milwaukee Bucks | Los Angeles Lakers | Charlotte Hornets | Sacramento Kings | Denver Nuggets,https://www.basketball-reference.com/players/s/sampsja01.html
moonja01,Jamario Moon,2007-08,2011-12,5,Toronto Raptors | Miami Heat | Cleveland Cavaliers | LA Clippers | Charlotte Hornets,https://www.basketball-reference.com/players/m/moonja01.html
baileja01,James Bailey,1979-80,1987-88,5,Oklahoma City Thunder | Brooklyn Nets | Houston Rockets | New York Knicks | Phoenix Suns,https://www.basketball-reference.com/players/b/baileja01.html
donalja01,James Donaldson,1980-81,1994-95,5,Oklahoma City Thunder | LA Clippers | Dallas Mavericks | New York Knicks | Utah Jazz,https://www.basketball-reference.com/players/d/donalja01.html
jonesja02,James Jones,2003-04,2016-17,5,Indiana Pacers | Phoenix Suns | Portland Trail Blazers | Miami Heat | Cleveland Cavaliers,https://www.basketball-reference.com/players/j/jonesja02.html
nunnaja01,James Nunnally,2013-14,2020-21,5,Atlanta Hawks | Philadelphia 76ers | Minnesota Timberwolves | Houston Rockets | New Orleans Pelicans,https://www.basketball-reference.com/players/n/nunnaja01.html
richaja01,Jason Richardson,2001-02,2014-15,5,Golden State Warriors | Charlotte Hornets | Phoenix Suns | Orlando Magic | Philadelphia 76ers,https://www.basketball-reference.com/players/r/richaja01.html
greenja02,Javonte Green,2019-20,2025-26,5,Boston Celtics | Chicago Bulls | New Orleans Pelicans | Cleveland Cavaliers | Detroit Pistons,https://www.basketball-reference.com/players/g/greenja02.html
huffja01,Jay Huff,2021-22,2025-26,5,Los Angeles Lakers | Washington Wizards | Denver Nuggets | Memphis Grizzlies | Indiana Pacers,https://www.basketball-reference.com/players/h/huffja01.html
adrieje01,Jeff Adrien,2010-11,2014-15,5,Golden State Warriors | Houston Rockets | Charlotte Hornets | Milwaukee Bucks | Minnesota Timberwolves,https://www.basketball-reference.com/players/a/adrieje01.html
dowtije01,Jeff Dowtin Jr.,2021-22,2024-25,5,Golden State Warriors | Milwaukee Bucks | Orlando Magic | Toronto Raptors | Philadelphia 76ers,https://www.basketball-reference.com/players/d/dowtije01.html
grayeje01,Jeff Grayer,1988-89,1997-98,5,Milwaukee Bucks | Golden State Warriors | Philadelphia 76ers | Sacramento Kings | Charlotte Hornets,https://www.basketball-reference.com/players/g/grayeje01.html
teaguje01,Jeff Teague,2009-10,2020-21,5,Atlanta Hawks | Indiana Pacers | Minnesota Timberwolves | Boston Celtics | Milwaukee Bucks,https://www.basketball-reference.com/players/t/teaguje01.html
grantje01,Jerami Grant,2014-15,2025-26,5,Philadelphia 76ers | Oklahoma City Thunder | Denver Nuggets | Detroit Pistons | Portland Trail Blazers,https://www.basketball-reference.com/players/g/grantje01.html
richaje01,Jeremy Richardson,2006-07,2008-09,5,Atlanta Hawks | Portland Trail Blazers | Memphis Grizzlies | San Antonio Spurs | Orlando Magic,https://www.basketball-reference.com/players/r/richaje01.html
jacksje01,Jermaine Jackson,1999-00,2005-06,5,Detroit Pistons | Toronto Raptors | Atlanta Hawks | New York Knicks | Milwaukee Bucks,https://www.basketball-reference.com/players/j/jacksje01.html
sichtje01,Jerry Sichting,1980-81,1989-90,5,Indiana Pacers | Boston Celtics | Portland Trail Blazers | Charlotte Hornets | Milwaukee Bucks,https://www.basketball-reference.com/players/s/sichtje01.html
farmeji01,Jim Farmer,1987-88,1993-94,5,Dallas Mavericks | Utah Jazz | Oklahoma City Thunder | Philadelphia 76ers | Denver Nuggets,https://www.basketball-reference.com/players/f/farmeji01.html
fredeji01,Jimmer Fredette,2011-12,2018-19,5,Sacramento Kings | Chicago Bulls | New Orleans Pelicans | New York Knicks | Phoenix Suns,https://www.basketball-reference.com/players/f/fredeji01.html
butleji01,Jimmy Butler,2011-12,2025-26,5,Chicago Bulls | Minnesota Timberwolves | Philadelphia 76ers | Miami Heat | Golden State Warriors,https://www.basketball-reference.com/players/b/butleji01.html
oliveji01,Jimmy Oliver,1991-92,1998-99,5,Cleveland Cavaliers | Boston Celtics | Toronto Raptors | Washington Wizards | Phoenix Suns,https://www.basketball-reference.com/players/o/oliveji01.html
landajo01,Jock Landale,2021-22,2025-26,5,San Antonio Spurs | Phoenix Suns | Houston Rockets | Memphis Grizzlies | Atlanta Hawks,https://www.basketball-reference.com/players/l/landajo01.html
carrojo01,Joe Barry Carroll,1980-81,1990-91,5,Golden State Warriors | Houston Rockets | Brooklyn Nets | Denver Nuggets | Phoenix Suns,https://www.basketball-reference.com/players/c/carrojo01.html
coopejo01,Joe Cooper,1981-82,1984-85,5,Brooklyn Nets | Los Angeles Lakers | Washington Wizards | LA Clippers | Oklahoma City Thunder,https://www.basketball-reference.com/players/c/coopejo01.html
jenkijo01,John Jenkins,2012-13,2018-19,5,Atlanta Hawks | Dallas Mavericks | Phoenix Suns | Washington Wizards | New York Knicks,https://www.basketball-reference.com/players/j/jenkijo01.html
sallejo01,John Salley,1986-87,1999-00,5,Detroit Pistons | Miami Heat | Toronto Raptors | Chicago Bulls | Los Angeles Lakers,https://www.basketball-reference.com/players/s/sallejo01.html
wallajo01,John Wallace,1996-97,2003-04,5,New York Knicks | Toronto Raptors | Detroit Pistons | Phoenix Suns | Miami Heat,https://www.basketball-reference.com/players/w/wallajo01.html
leuerjo01,Jon Leuer,2011-12,2018-19,5,Milwaukee Bucks | Cleveland Cavaliers | Memphis Grizzlies | Phoenix Suns | Detroit Pistons,https://www.basketball-reference.com/players/l/leuerjo01.html
belljo01,Jordan Bell,2017-18,2021-22,5,Golden State Warriors | Minnesota Timberwolves | Memphis Grizzlies | Washington Wizards | Chicago Bulls,https://www.basketball-reference.com/players/b/belljo01.html
crawfjo02,Jordan Crawford,2010-11,2017-18,5,Atlanta Hawks | Washington Wizards | Boston Celtics | Golden State Warriors | New Orleans Pelicans,https://www.basketball-reference.com/players/c/crawfjo02.html
farmajo01,Jordan Farmar,2006-07,2016-17,5,Los Angeles Lakers | Brooklyn Nets | LA Clippers | Memphis Grizzlies | Sacramento Kings,https://www.basketball-reference.com/players/f/farmajo01.html
hilljo01,Jordan Hill,2009-10,2016-17,5,New York Knicks | Houston Rockets | Los Angeles Lakers | Indiana Pacers | Minnesota Timberwolves,https://www.basketball-reference.com/players/h/hilljo01.html
mcraejo01,Jordan McRae,2015-16,2019-20,5,Phoenix Suns | Cleveland Cavaliers | Washington Wizards | Denver Nuggets | Detroit Pistons,https://www.basketball-reference.com/players/m/mcraejo01.html
smithjo03,Josh Smith,2004-05,2017-18,5,Atlanta Hawks | Detroit Pistons | Houston Rockets | LA Clippers | New Orleans Pelicans,https://www.basketball-reference.com/players/s/smithjo03.html
holidjr01,Jrue Holiday,2009-10,2025-26,5,Philadelphia 76ers | New Orleans Pelicans | Milwaukee Bucks | Boston Celtics | Portland Trail Blazers,https://www.basketball-reference.com/players/h/holidjr01.html
robinju01,Justin Robinson,2019-20,2021-22,5,Washington Wizards | Oklahoma City Thunder | Milwaukee Bucks | Sacramento Kings | Detroit Pistons,https://www.basketball-reference.com/players/r/robinju01.html
nurkiju01,Jusuf Nurkić,2014-15,2025-26,5,Denver Nuggets | Portland Trail Blazers | Phoenix Suns | Charlotte Hornets | Utah Jazz,https://www.basketball-reference.com/players/n/nurkiju01.html
rushka01,Kareem Rush,2002-03,2009-10,5,Los Angeles Lakers | Charlotte Hornets | Indiana Pacers | Philadelphia 76ers | LA Clippers,https://www.basketball-reference.com/players/r/rushka01.html
bateske01,Keita Bates-Diop,2018-19,2023-24,5,Minnesota Timberwolves | Denver Nuggets | San Antonio Spurs | Phoenix Suns | Brooklyn Nets,https://www.basketball-reference.com/players/b/bateske01.html
vanhoke01,Keith Van Horn,1997-98,2005-06,5,Brooklyn Nets | Philadelphia 76ers | New York Knicks | Milwaukee Bucks | Dallas Mavericks,https://www.basketball-reference.com/players/v/vanhoke01.html
oubreke01,Kelly Oubre Jr.,2015-16,2025-26,5,Washington Wizards | Phoenix Suns | Golden State Warriors | Charlotte Hornets | Philadelphia 76ers,https://www.basketball-reference.com/players/o/oubreke01.html
catoke01,Kelvin Cato,1997-98,2006-07,5,Portland Trail Blazers | Houston Rockets | Orlando Magic | Detroit Pistons | New York Knicks,https://www.basketball-reference.com/players/c/catoke01.html
bazemke01,Kent Bazemore,2012-13,2021-22,5,Golden State Warriors | Los Angeles Lakers | Atlanta Hawks | Portland Trail Blazers | Sacramento Kings,https://www.basketball-reference.com/players/b/bazemke01.html
martike01,Kenyon Martin,2000-01,2014-15,5,Brooklyn Nets | Denver Nuggets | LA Clippers | New York Knicks | Milwaukee Bucks,https://www.basketball-reference.com/players/m/martike01.html
duckwke01,Kevin Duckworth,1986-87,1996-97,5,San Antonio Spurs | Portland Trail Blazers | Washington Wizards | Milwaukee Bucks | LA Clippers,https://www.basketball-reference.com/players/d/duckwke01.html
duranke01,Kevin Durant,2007-08,2025-26,5,Oklahoma City Thunder | Golden State Warriors | Brooklyn Nets | Phoenix Suns | Houston Rockets,https://www.basketball-reference.com/players/d/duranke01.html
knoxke01,Kevin Knox,2018-19,2024-25,5,New York Knicks | Atlanta Hawks | Detroit Pistons | Portland Trail Blazers | Golden State Warriors,https://www.basketball-reference.com/players/k/knoxke01.html
martike02,Kevin Martin,2004-05,2015-16,5,Sacramento Kings | Houston Rockets | Oklahoma City Thunder | Minnesota Timberwolves | San Antonio Spurs,https://www.basketball-reference.com/players/m/martike02.html
pritcke01,Kevin Pritchard,1990-91,1995-96,5,Golden State Warriors | Boston Celtics | Philadelphia 76ers | Miami Heat | Washington Wizards,https://www.basketball-reference.com/players/p/pritcke01.html
willike01,Kevin Williams,1983-84,1988-89,5,San Antonio Spurs | Cleveland Cavaliers | Oklahoma City Thunder | Brooklyn Nets | LA Clippers,https://www.basketball-reference.com/players/w/willike01.html
koufoko01,Kosta Koufos,2008-09,2018-19,5,Utah Jazz | Minnesota Timberwolves | Denver Nuggets | Memphis Grizzlies | Sacramento Kings,https://www.basketball-reference.com/players/k/koufoko01.html
nimphku01,Kurt Nimphius,1981-82,1989-90,5,Dallas Mavericks | LA Clippers | Detroit Pistons | San Antonio Spurs | Philadelphia 76ers,https://www.basketball-reference.com/players/n/nimphku01.html
lowryky01,Kyle Lowry,2006-07,2025-26,5,Memphis Grizzlies | Houston Rockets | Toronto Raptors | Miami Heat | Philadelphia 76ers,https://www.basketball-reference.com/players/l/lowryky01.html
nancela02,Larry Nance Jr.,2015-16,2025-26,5,Los Angeles Lakers | Cleveland Cavaliers | Portland Trail Blazers | New Orleans Pelicans | Atlanta Hawks,https://www.basketball-reference.com/players/n/nancela02.html
barbole01,Leandro Barbosa,2003-04,2016-17,5,Phoenix Suns | Toronto Raptors | Indiana Pacers | Boston Celtics | Golden State Warriors,https://www.basketball-reference.com/players/b/barbole01.html
hudsole01,Lester Hudson,2009-10,2014-15,5,Boston Celtics | Memphis Grizzlies | Washington Wizards | Cleveland Cavaliers | LA Clippers,https://www.basketball-reference.com/players/h/hudsole01.html
hunteli01,Lindsey Hunter,1993-94,2009-10,5,Detroit Pistons | Milwaukee Bucks | Los Angeles Lakers | Toronto Raptors | Chicago Bulls,https://www.basketball-reference.com/players/h/hunteli01.html
hollili01,Lionel Hollins,1979-80,1984-85,5,Portland Trail Blazers | Philadelphia 76ers | LA Clippers | Detroit Pistons | Houston Rockets,https://www.basketball-reference.com/players/h/hollili01.html
wrighlo02,Lorenzen Wright,1996-97,2008-09,5,LA Clippers | Atlanta Hawks | Memphis Grizzlies | Sacramento Kings | Cleveland Cavaliers,https://www.basketball-reference.com/players/w/wrighlo02.html
willilo01,Lorenzo Williams,1992-93,1999-00,5,Charlotte Hornets | Orlando Magic | Boston Celtics | Dallas Mavericks | Washington Wizards,https://www.basketball-reference.com/players/w/willilo01.html
scolalu01,Luis Scola,2007-08,2016-17,5,Houston Rockets | Phoenix Suns | Indiana Pacers | Toronto Raptors | Brooklyn Nets,https://www.basketball-reference.com/players/s/scolalu01.html
kennalu01,Luke Kennard,2017-18,2025-26,5,Detroit Pistons | LA Clippers | Memphis Grizzlies | Atlanta Hawks | Los Angeles Lakers,https://www.basketball-reference.com/players/k/kennalu01.html
ridnolu01,Luke Ridnour,2003-04,2014-15,5,Oklahoma City Thunder | Milwaukee Bucks | Minnesota Timberwolves | Charlotte Hornets | Orlando Magic,https://www.basketball-reference.com/players/r/ridnolu01.html
denglu01,Luol Deng,2004-05,2018-19,5,Chicago Bulls | Cleveland Cavaliers | Miami Heat | Los Angeles Lakers | Minnesota Timberwolves,https://www.basketball-reference.com/players/d/denglu01.html
mccluma01,Mac McClung,2021-22,2025-26,5,Chicago Bulls | Los Angeles Lakers | Philadelphia 76ers | Orlando Magic | Indiana Pacers,https://www.basketball-reference.com/players/m/mccluma01.html
brogdma01,Malcolm Brogdon,2016-17,2024-25,5,Milwaukee Bucks | Indiana Pacers | Boston Celtics | Portland Trail Blazers | Washington Wizards,https://www.basketball-reference.com/players/b/brogdma01.html
thomama01,Malcolm Thomas,2011-12,2014-15,5,San Antonio Spurs | Golden State Warriors | Chicago Bulls | Utah Jazz | Philadelphia 76ers,https://www.basketball-reference.com/players/t/thomama01.html
diakima01,Mamadi Diakite,2020-21,2023-24,5,Milwaukee Bucks | Oklahoma City Thunder | Cleveland Cavaliers | San Antonio Spurs | New York Knicks,https://www.basketball-reference.com/players/d/diakima01.html
brookma01,MarShon Brooks,2011-12,2018-19,5,Brooklyn Nets | Boston Celtics | Golden State Warriors | Los Angeles Lakers | Memphis Grizzlies,https://www.basketball-reference.com/players/b/brookma01.html
jacksma02,Marc Jackson,2000-01,2006-07,5,Golden State Warriors | Minnesota Timberwolves | Philadelphia 76ers | Brooklyn Nets | New Orleans Pelicans,https://www.basketball-reference.com/players/j/jacksma02.html
banksma01,Marcus Banks,2003-04,2010-11,5,Boston Celtics | Minnesota Timberwolves | Phoenix Suns | Miami Heat | Toronto Raptors,https://www.basketball-reference.com/players/b/banksma01.html
mcnamma01,Mark McNamara,1982-83,1990-91,5,Philadelphia 76ers | San Antonio Spurs | Sacramento Kings | Los Angeles Lakers | Orlando Magic,https://www.basketball-reference.com/players/m/mcnamma01.html
chrisma01,Marquese Chriss,2016-17,2021-22,5,Phoenix Suns | Houston Rockets | Cleveland Cavaliers | Golden State Warriors | Dallas Mavericks,https://www.basketball-reference.com/players/c/chrisma01.html
baglema01,Marvin Bagley III,2018-19,2025-26,5,Sacramento Kings | Detroit Pistons | Washington Wizards | Memphis Grizzlies | Dallas Mavericks,https://www.basketball-reference.com/players/b/baglema01.html
fishma01,Matt Fish,1994-95,1996-97,5,LA Clippers | New York Knicks | Denver Nuggets | Washington Wizards | Miami Heat,https://www.basketball-reference.com/players/f/fishma01.html
ryanma01,Matt Ryan,2021-22,2024-25,5,Boston Celtics | Los Angeles Lakers | Minnesota Timberwolves | New Orleans Pelicans | New York Knicks,https://www.basketball-reference.com/players/r/ryanma01.html
cheekma01,Maurice Cheeks,1979-80,1992-93,5,Philadelphia 76ers | San Antonio Spurs | New York Knicks | Atlanta Hawks | Brooklyn Nets,https://www.basketball-reference.com/players/c/cheekma01.html
elyme01,Melvin Ely,2002-03,2013-14,5,LA Clippers | Charlotte Hornets | San Antonio Spurs | New Orleans Pelicans | Denver Nuggets,https://www.basketball-reference.com/players/e/elyme01.html
bradlmi01,Michael Bradley,2001-02,2005-06,5,Toronto Raptors | Atlanta Hawks | Orlando Magic | Sacramento Kings | Philadelphia 76ers,https://www.basketball-reference.com/players/b/bradlmi01.html
cagemi01,Michael Cage,1984-85,1999-00,5,LA Clippers | Oklahoma City Thunder | Cleveland Cavaliers | Philadelphia 76ers | Brooklyn Nets,https://www.basketball-reference.com/players/c/cagemi01.html
stewami01,Michael Stewart,1997-98,2004-05,5,Sacramento Kings | Toronto Raptors | Cleveland Cavaliers | Boston Celtics | Atlanta Hawks,https://www.basketball-reference.com/players/s/stewami01.html
pietrmi01,Mickaël Piétrus,2003-04,2012-13,5,Golden State Warriors | Orlando Magic | Phoenix Suns | Boston Celtics | Toronto Raptors,https://www.basketball-reference.com/players/p/pietrmi01.html
brownmi01,Mike Brown,1986-87,1996-97,5,Chicago Bulls | Utah Jazz | Minnesota Timberwolves | Philadelphia 76ers | Phoenix Suns,https://www.basketball-reference.com/players/b/brownmi01.html
mcgeemi01,Mike McGee,1981-82,1989-90,5,Los Angeles Lakers | Atlanta Hawks | Sacramento Kings | Brooklyn Nets | Phoenix Suns,https://www.basketball-reference.com/players/m/mcgeemi01.html
smrekmi01,Mike Smrek,1985-86,1991-92,5,Chicago Bulls | Los Angeles Lakers | San Antonio Spurs | Golden State Warriors | LA Clippers,https://www.basketball-reference.com/players/s/smrekmi01.html
plumlmi01,Miles Plumlee,2012-13,2018-19,5,Indiana Pacers | Phoenix Suns | Milwaukee Bucks | Charlotte Hornets | Atlanta Hawks,https://www.basketball-reference.com/players/p/plumlmi01.html
willimo01,Monty Williams,1994-95,2002-03,5,New York Knicks | San Antonio Spurs | Denver Nuggets | Orlando Magic | Philadelphia 76ers,https://www.basketball-reference.com/players/w/willimo01.html
norrimo01,Moochie Norris,1996-97,2005-06,5,Memphis Grizzlies | Oklahoma City Thunder | Houston Rockets | New York Knicks | New Orleans Pelicans,https://www.basketball-reference.com/players/n/norrimo01.html
wileymo01,Morlon Wiley,1988-89,1994-95,5,Dallas Mavericks | Orlando Magic | San Antonio Spurs | Atlanta Hawks | Miami Heat,https://www.basketball-reference.com/players/w/wileymo01.html
knighne01,Negele Knight,1990-91,1998-99,5,Phoenix Suns | San Antonio Spurs | Portland Trail Blazers | Detroit Pistons | Toronto Raptors,https://www.basketball-reference.com/players/k/knighne01.html
pelleno01,Norvel Pelle,2019-20,2021-22,5,Philadelphia 76ers | Brooklyn Nets | Sacramento Kings | New York Knicks | Utah Jazz,https://www.basketball-reference.com/players/p/pelleno01.html
ekeziob01,Obinna Ekezie,1999-00,2004-05,5,Memphis Grizzlies | Washington Wizards | Dallas Mavericks | LA Clippers | Atlanta Hawks,https://www.basketball-reference.com/players/e/ekeziob01.html
polynol01,Olden Polynice,1987-88,2003-04,5,Oklahoma City Thunder | LA Clippers | Detroit Pistons | Sacramento Kings | Utah Jazz,https://www.basketball-reference.com/players/p/polynol01.html
harriot01,Othella Harrington,1996-97,2007-08,5,Houston Rockets | Memphis Grizzlies | New York Knicks | Chicago Bulls | Charlotte Hornets,https://www.basketball-reference.com/players/h/harriot01.html
porteot01,Otto Porter Jr.,2013-14,2023-24,5,Washington Wizards | Chicago Bulls | Orlando Magic | Golden State Warriors | Toronto Raptors,https://www.basketball-reference.com/players/p/porteot01.html
doziepj01,PJ Dozier,2017-18,2024-25,5,Oklahoma City Thunder | Boston Celtics | Denver Nuggets | Sacramento Kings | Minnesota Timberwolves,https://www.basketball-reference.com/players/d/doziepj01.html
cummipa01,Pat Cummings,1979-80,1990-91,5,Milwaukee Bucks | Dallas Mavericks | New York Knicks | Miami Heat | Utah Jazz,https://www.basketball-reference.com/players/c/cummipa01.html
baldwpa01,Patrick Baldwin Jr.,2022-23,2025-26,5,Golden State Warriors | Washington Wizards | LA Clippers | Philadelphia 76ers | Sacramento Kings,https://www.basketball-reference.com/players/b/baldwpa01.html
pattepa01,Patrick Patterson,2010-11,2020-21,5,Houston Rockets | Sacramento Kings | Toronto Raptors | Oklahoma City Thunder | LA Clippers,https://www.basketball-reference.com/players/p/pattepa01.html
gasolpa01,Pau Gasol,2001-02,2018-19,5,Memphis Grizzlies | Los Angeles Lakers | Chicago Bulls | San Antonio Spurs | Milwaukee Bucks,https://www.basketball-reference.com/players/g/gasolpa01.html
millspa01,Paul Millsap,2006-07,2021-22,5,Utah Jazz | Atlanta Hawks | Denver Nuggets | Brooklyn Nets | Philadelphia 76ers,https://www.basketball-reference.com/players/m/millspa01.html
mokespa01,Paul Mokeski,1979-80,1990-91,5,Houston Rockets | Detroit Pistons | Cleveland Cavaliers | Milwaukee Bucks | Golden State Warriors,https://www.basketball-reference.com/players/m/mokespa01.html
stojape01,Peja Stojaković,1998-99,2010-11,5,Sacramento Kings | Indiana Pacers | New Orleans Pelicans | Toronto Raptors | Dallas Mavericks,https://www.basketball-reference.com/players/s/stojape01.html
mensapo01,Pops Mensah-Bonsu,2006-07,2010-11,5,Dallas Mavericks | San Antonio Spurs | Toronto Raptors | Houston Rockets | New Orleans Pelicans,https://www.basketball-reference.com/players/m/mensapo01.html
richaqu01,Quentin Richardson,2000-01,2012-13,5,LA Clippers | Phoenix Suns | New York Knicks | Miami Heat | Orlando Magic,https://www.basketball-reference.com/players/r/richaqu01.html
cookqu01,Quinn Cook,2016-17,2020-21,5,Dallas Mavericks | New Orleans Pelicans | Golden State Warriors | Los Angeles Lakers | Cleveland Cavaliers,https://www.basketball-reference.com/players/c/cookqu01.html
rossqu01,Quinton Ross,2004-05,2010-11,5,LA Clippers | Memphis Grizzlies | Dallas Mavericks | Washington Wizards | Brooklyn Nets,https://www.basketball-reference.com/players/r/rossqu01.html
jacksre01,Reggie Jackson,2011-12,2024-25,5,Oklahoma City Thunder | Detroit Pistons | LA Clippers | Denver Nuggets | Philadelphia 76ers,https://www.basketball-reference.com/players/j/jacksre01.html
johnsre01,Reggie Johnson,1980-81,1983-84,5,San Antonio Spurs | Cleveland Cavaliers | Sacramento Kings | Philadelphia 76ers | Brooklyn Nets,https://www.basketball-reference.com/players/j/johnsre01.html
jordare01,Reggie Jordan,1993-94,1999-00,5,Los Angeles Lakers | Atlanta Hawks | Portland Trail Blazers | Minnesota Timberwolves | Washington Wizards,https://www.basketball-reference.com/players/j/jordare01.html
theusre01,Reggie Theus,1979-80,1990-91,5,Chicago Bulls | Sacramento Kings | Atlanta Hawks | Orlando Magic | Brooklyn Nets,https://www.basketball-reference.com/players/t/theusre01.html
willire02,Reggie Williams,2009-10,2016-17,5,Golden State Warriors | Charlotte Hornets | Oklahoma City Thunder | San Antonio Spurs | New Orleans Pelicans,https://www.basketball-reference.com/players/w/willire02.html
kelleri01,Rich Kelley,1979-80,1985-86,5,Brooklyn Nets | Phoenix Suns | Denver Nuggets | Utah Jazz | Sacramento Kings,https://www.basketball-reference.com/players/k/kelleri01.html
anderri01,Richard Anderson,1982-83,1989-90,5,LA Clippers | Denver Nuggets | Houston Rockets | Portland Trail Blazers | Charlotte Hornets,https://www.basketball-reference.com/players/a/anderri01.html
holmeri01,Richaun Holmes,2015-16,2024-25,5,Philadelphia 76ers | Phoenix Suns | Sacramento Kings | Dallas Mavericks | Washington Wizards,https://www.basketball-reference.com/players/h/holmeri01.html
frahmri01,Richie Frahm,2003-04,2007-08,5,Oklahoma City Thunder | Portland Trail Blazers | Minnesota Timberwolves | Houston Rockets | LA Clippers,https://www.basketball-reference.com/players/f/frahmri01.html
covinro01,Robert Covington,2013-14,2023-24,5,Houston Rockets | Philadelphia 76ers | Minnesota Timberwolves | Portland Trail Blazers | LA Clippers,https://www.basketball-reference.com/players/c/covinro01.html
buforro01,Rodney Buford,1999-00,2004-05,5,Miami Heat | Philadelphia 76ers | Memphis Grizzlies | Sacramento Kings | Brooklyn Nets,https://www.basketball-reference.com/players/b/buforro01.html
pheglro01,Roger Phegley,1979-80,1983-84,5,Washington Wizards | Brooklyn Nets | Cleveland Cavaliers | San Antonio Spurs | Dallas Mavericks,https://www.basketball-reference.com/players/p/pheglro01.html
anderro01,Ron Anderson,1984-85,1993-94,5,Cleveland Cavaliers | Indiana Pacers | Philadelphia 76ers | Brooklyn Nets | Washington Wizards,https://www.basketball-reference.com/players/a/anderro01.html
grandro01,Ron Grandison,1988-89,1995-96,5,Boston Celtics | Charlotte Hornets | New York Knicks | Miami Heat | Atlanta Hawks,https://www.basketball-reference.com/players/g/grandro01.html
duprero01,Ronald Dupree,2003-04,2010-11,5,Chicago Bulls | Detroit Pistons | Minnesota Timberwolves | Oklahoma City Thunder | Toronto Raptors,https://www.basketball-reference.com/players/d/duprero01.html
gayru01,Rudy Gay,2006-07,2022-23,5,Memphis Grizzlies | Toronto Raptors | Sacramento Kings | San Antonio Spurs | Utah Jazz,https://www.basketball-reference.com/players/g/gayru01.html
dekkesa01,Sam Dekker,2015-16,2021-22,5,Houston Rockets | LA Clippers | Cleveland Cavaliers | Washington Wizards | Toronto Raptors,https://www.basketball-reference.com/players/d/dekkesa01.html
macksa01,Sam Mack,1992-93,2001-02,5,San Antonio Spurs | Houston Rockets | Memphis Grizzlies | Golden State Warriors | Miami Heat,https://www.basketball-reference.com/players/m/macksa01.html
pollasc01,Scot Pollard,1997-98,2007-08,5,Detroit Pistons | Sacramento Kings | Indiana Pacers | Cleveland Cavaliers | Boston Celtics,https://www.basketball-reference.com/players/p/pollasc01.html
hastisc01,Scott Hastings,1982-83,1992-93,5,New York Knicks | Atlanta Hawks | Miami Heat | Detroit Pistons | Denver Nuggets,https://www.basketball-reference.com/players/h/hastisc01.html
skilesc01,Scott Skiles,1986-87,1995-96,5,Milwaukee Bucks | Indiana Pacers | Orlando Magic | Washington Wizards | Philadelphia 76ers,https://www.basketball-reference.com/players/s/skilesc01.html
threase01,Sedale Threatt,1983-84,1996-97,5,Philadelphia 76ers | Chicago Bulls | Oklahoma City Thunder | Los Angeles Lakers | Houston Rockets,https://www.basketball-reference.com/players/t/threase01.html
ibakase01,Serge Ibaka,2009-10,2022-23,5,Oklahoma City Thunder | Orlando Magic | Toronto Raptors | LA Clippers | Milwaukee Bucks,https://www.basketball-reference.com/players/i/ibakase01.html
randosh01,Shavlik Randolph,2005-06,2014-15,5,Philadelphia 76ers | Portland Trail Blazers | Miami Heat | Boston Celtics | Phoenix Suns,https://www.basketball-reference.com/players/r/randosh01.html
mariosh01,Shawn Marion,1999-00,2014-15,5,Phoenix Suns | Miami Heat | Toronto Raptors | Dallas Mavericks | Cleveland Cavaliers,https://www.basketball-reference.com/players/m/mariosh01.html
douglsh01,Sherman Douglas,1989-90,2000-01,5,Miami Heat | Boston Celtics | Milwaukee Bucks | Brooklyn Nets | LA Clippers,https://www.basketball-reference.com/players/d/douglsh01.html
lowesi01,Sidney Lowe,1983-84,1989-90,5,Indiana Pacers | Detroit Pistons | Atlanta Hawks | Charlotte Hornets | Minnesota Timberwolves,https://www.basketball-reference.com/players/l/lowesi01.html
hillso01,Solomon Hill,2013-14,2021-22,5,Indiana Pacers | New Orleans Pelicans | Memphis Grizzlies | Miami Heat | Atlanta Hawks,https://www.basketball-reference.com/players/h/hillso01.html
claxtsp01,Speedy Claxton,2001-02,2008-09,5,Philadelphia 76ers | San Antonio Spurs | Golden State Warriors | New Orleans Pelicans | Atlanta Hawks,https://www.basketball-reference.com/players/c/claxtsp01.html
dinwisp01,Spencer Dinwiddie,2014-15,2024-25,5,Detroit Pistons | Brooklyn Nets | Washington Wizards | Dallas Mavericks | Los Angeles Lakers,https://www.basketball-reference.com/players/d/dinwisp01.html
kingst01,Stacey King,1989-90,1996-97,5,Chicago Bulls | Minnesota Timberwolves | Miami Heat | Boston Celtics | Dallas Mavericks,https://www.basketball-reference.com/players/k/kingst01.html
johnsst04,Stanley Johnson,2015-16,2022-23,5,Detroit Pistons | New Orleans Pelicans | Toronto Raptors | Los Angeles Lakers | San Antonio Spurs,https://www.basketball-reference.com/players/j/johnsst04.html
roberst01,Stanley Roberts,1991-92,1999-00,5,Orlando Magic | LA Clippers | Minnesota Timberwolves | Houston Rockets | Philadelphia 76ers,https://www.basketball-reference.com/players/r/roberst01.html
marbust01,Stephon Marbury,1996-97,2008-09,5,Minnesota Timberwolves | Brooklyn Nets | Phoenix Suns | New York Knicks | Boston Celtics,https://www.basketball-reference.com/players/m/marbust01.html
hensost01,Steve Henson,1990-91,1998-99,5,Milwaukee Bucks | Atlanta Hawks | Charlotte Hornets | Portland Trail Blazers | Detroit Pistons,https://www.basketball-reference.com/players/h/hensost01.html
huntest01,Steven Hunter,2001-02,2009-10,5,Orlando Magic | Phoenix Suns | Philadelphia 76ers | Denver Nuggets | Memphis Grizzlies,https://www.basketball-reference.com/players/h/huntest01.html
millste01,Terry Mills,1990-91,2000-01,5,Denver Nuggets | Brooklyn Nets | Detroit Pistons | Miami Heat | Indiana Pacers,https://www.basketball-reference.com/players/m/millste01.html
sefolth01,Thabo Sefolosha,2006-07,2019-20,5,Chicago Bulls | Oklahoma City Thunder | Atlanta Hawks | Utah Jazz | Houston Rockets,https://www.basketball-reference.com/players/s/sefolth01.html
hardati01,Tim Hardaway,1989-90,2002-03,5,Golden State Warriors | Miami Heat | Dallas Mavericks | Denver Nuggets | Indiana Pacers,https://www.basketball-reference.com/players/h/hardati01.html
hardati02,Tim Hardaway Jr.,2013-14,2025-26,5,New York Knicks | Atlanta Hawks | Dallas Mavericks | Detroit Pistons | Denver Nuggets,https://www.basketball-reference.com/players/h/hardati02.html
mozgoti01,Timofey Mozgov,2010-11,2017-18,5,New York Knicks | Denver Nuggets | Cleveland Cavaliers | Los Angeles Lakers | Brooklyn Nets,https://www.basketball-reference.com/players/m/mozgoti01.html
luwawti01,Timothé Luwawu-Cabarrot,2016-17,2021-22,5,Philadelphia 76ers | Oklahoma City Thunder | Chicago Bulls | Brooklyn Nets | Atlanta Hawks,https://www.basketball-reference.com/players/l/luwawti01.html
harrito02,Tobias Harris,2011-12,2025-26,5,Milwaukee Bucks | Orlando Magic | Detroit Pistons | LA Clippers | Philadelphia 76ers,https://www.basketball-reference.com/players/h/harrito02.html
dayto01,Todd Day,1992-93,2000-01,5,Milwaukee Bucks | Boston Celtics | Miami Heat | Phoenix Suns | Minnesota Timberwolves,https://www.basketball-reference.com/players/d/dayto01.html
besttr01,Travis Best,1995-96,2004-05,5,Indiana Pacers | Chicago Bulls | Miami Heat | Dallas Mavericks | Brooklyn Nets,https://www.basketball-reference.com/players/b/besttr01.html
rollitr01,Tree Rollins,1979-80,1994-95,5,Atlanta Hawks | Cleveland Cavaliers | Detroit Pistons | Houston Rockets | Orlando Magic,https://www.basketball-reference.com/players/r/rollitr01.html
booketr01,Trevor Booker,2010-11,2017-18,5,Washington Wizards | Utah Jazz | Brooklyn Nets | Philadelphia 76ers | Indiana Pacers,https://www.basketball-reference.com/players/b/booketr01.html
burketr01,Trey Burke,2013-14,2021-22,5,Utah Jazz | Washington Wizards | New York Knicks | Dallas Mavericks | Philadelphia 76ers,https://www.basketball-reference.com/players/b/burketr01.html
jemistr01,Trey Jemison,2023-24,2025-26,5,Washington Wizards | Memphis Grizzlies | New Orleans Pelicans | Los Angeles Lakers | New York Knicks,https://www.basketball-reference.com/players/j/jemistr01.html
lylestr01,Trey Lyles,2015-16,2024-25,5,Utah Jazz | Denver Nuggets | San Antonio Spurs | Detroit Pistons | Sacramento Kings,https://www.basketball-reference.com/players/l/lylestr01.html
thomptr01,Tristan Thompson,2011-12,2024-25,5,Cleveland Cavaliers | Boston Celtics | Sacramento Kings | Indiana Pacers | Chicago Bulls,https://www.basketball-reference.com/players/t/thomptr01.html
browntr01,Troy Brown Jr.,2018-19,2023-24,5,Washington Wizards | Chicago Bulls | Los Angeles Lakers | Minnesota Timberwolves | Detroit Pistons,https://www.basketball-reference.com/players/b/browntr01.html
hudsotr01,Troy Hudson,1997-98,2007-08,5,Utah Jazz | LA Clippers | Orlando Magic | Minnesota Timberwolves | Golden State Warriors,https://www.basketball-reference.com/players/h/hudsotr01.html
jeromty01,Ty Jerome,2019-20,2025-26,5,Phoenix Suns | Oklahoma City Thunder | Golden State Warriors | Cleveland Cavaliers | Memphis Grizzlies,https://www.basketball-reference.com/players/j/jeromty01.html
cookty01,Tyler Cook,2019-20,2021-22,5,Cleveland Cavaliers | Denver Nuggets | Brooklyn Nets | Detroit Pistons | Chicago Bulls,https://www.basketball-reference.com/players/c/cookty01.html
johnsty01,Tyler Johnson,2014-15,2021-22,5,Miami Heat | Phoenix Suns | Brooklyn Nets | Philadelphia 76ers | San Antonio Spurs,https://www.basketball-reference.com/players/j/johnsty01.html
hillty01,Tyrone Hill,1990-91,2003-04,5,Golden State Warriors | Cleveland Cavaliers | Milwaukee Bucks | Philadelphia 76ers | Miami Heat,https://www.basketball-reference.com/players/h/hillty01.html
oladivi01,Victor Oladipo,2013-14,2022-23,5,Orlando Magic | Oklahoma City Thunder | Indiana Pacers | Houston Rockets | Miami Heat,https://www.basketball-reference.com/players/o/oladivi01.html
delnevi01,Vinny Del Negro,1988-89,2001-02,5,Sacramento Kings | San Antonio Spurs | Milwaukee Bucks | Golden State Warriors | Phoenix Suns,https://www.basketball-reference.com/players/d/delnevi01.html
coopewa01,Wayne Cooper,1979-80,1991-92,5,Golden State Warriors | Utah Jazz | Dallas Mavericks | Portland Trail Blazers | Denver Nuggets,https://www.basketball-reference.com/players/c/coopewa01.html
burtowi01,Willie Burton,1990-91,1998-99,5,Miami Heat | Philadelphia 76ers | Atlanta Hawks | San Antonio Spurs | Charlotte Hornets,https://www.basketball-reference.com/players/b/burtowi01.html
greenwi01,Willie Green,2003-04,2014-15,5,Philadelphia 76ers | New Orleans Pelicans | Atlanta Hawks | LA Clippers | Orlando Magic,https://www.basketball-reference.com/players/g/greenwi01.html
chandwi01,Wilson Chandler,2007-08,2019-20,5,New York Knicks | Denver Nuggets | Philadelphia 76ers | LA Clippers | Brooklyn Nets,https://www.basketball-reference.com/players/c/chandwi01.html
garlawi01,Winston Garland,1987-88,1994-95,5,Golden State Warriors | LA Clippers | Denver Nuggets | Houston Rockets | Minnesota Timberwolves,https://www.basketball-reference.com/players/g/garlawi01.html
freewo01,World B. Free,1979-80,1987-88,5,LA Clippers | Golden State Warriors | Cleveland Cavaliers | Philadelphia 76ers | Houston Rockets,https://www.basketball-reference.com/players/f/freewo01.html
mcdanxa01,Xavier McDaniel,1985-86,1997-98,5,Oklahoma City Thunder | Phoenix Suns | New York Knicks | Boston Celtics | Brooklyn Nets,https://www.basketball-reference.com/players/m/mcdanxa01.html
ferreyo01,Yogi Ferrell,2016-17,2020-21,5,Brooklyn Nets | Dallas Mavericks | Sacramento Kings | Cleveland Cavaliers | LA Clippers,https://www.basketball-reference.com/players/f/ferreyo01.html
randoza01,Zach Randolph,2001-02,2017-18,5,Portland Trail Blazers | New York Knicks | LA Clippers | Memphis Grizzlies | Sacramento Kings,https://www.basketball-reference.com/players/r/randoza01.html
greenac01,A.C. Green,1985-86,2000-01,4,Los Angeles Lakers | Phoenix Suns | Dallas Mavericks | Miami Heat,https://www.basketball-reference.com/players/g/greenac01.html
grayaa01,Aaron Gray,2007-08,2013-14,4,Chicago Bulls | New Orleans Pelicans | Toronto Raptors | Sacramento Kings,https://www.basketball-reference.com/players/g/grayaa01.html
mckieaa01,Aaron McKie,1994-95,2006-07,4,Portland Trail Blazers | Detroit Pistons | Philadelphia 76ers | Los Angeles Lakers,https://www.basketball-reference.com/players/m/mckieaa01.html
brancad01,Adrian Branch,1986-87,1989-90,4,Los Angeles Lakers | Brooklyn Nets | Portland Trail Blazers | Minnesota Timberwolves,https://www.basketball-reference.com/players/b/brancad01.html
dantlad01,Adrian Dantley,1979-80,1990-91,4,Utah Jazz | Detroit Pistons | Dallas Mavericks | Milwaukee Bucks,https://www.basketball-reference.com/players/d/dantlad01.html
woodal01,Al Wood,1981-82,1986-87,4,Atlanta Hawks | LA Clippers | Oklahoma City Thunder | Dallas Mavericks,https://www.basketball-reference.com/players/w/woodal01.html
hendeal01,Alan Henderson,1995-96,2006-07,4,Atlanta Hawks | Dallas Mavericks | Cleveland Cavaliers | Philadelphia 76ers,https://www.basketball-reference.com/players/h/hendeal01.html
kingal01,Albert King,1981-82,1991-92,4,Brooklyn Nets | Philadelphia 76ers | San Antonio Spurs | Washington Wizards,https://www.basketball-reference.com/players/k/kingal01.html
shvedal01,Alexey Shved,2012-13,2014-15,4,Minnesota Timberwolves | Philadelphia 76ers | Houston Rockets | New York Knicks,https://www.basketball-reference.com/players/s/shvedal01.html
ajincal01,Alexis Ajinça,2008-09,2016-17,4,Charlotte Hornets | Dallas Mavericks | Toronto Raptors | New Orleans Pelicans,https://www.basketball-reference.com/players/a/ajincal01.html
crabbal01,Allen Crabbe,2013-14,2019-20,4,Portland Trail Blazers | Brooklyn Nets | Atlanta Hawks | Minnesota Timberwolves,https://www.basketball-reference.com/players/c/crabbal01.html
iversal01,Allen Iverson,1996-97,2009-10,4,Philadelphia 76ers | Denver Nuggets | Detroit Pistons | Memphis Grizzlies,https://www.basketball-reference.com/players/i/iversal01.html
willial06,Alondes Williams,2022-23,2025-26,4,Brooklyn Nets | Miami Heat | Detroit Pistons | Washington Wizards,https://www.basketball-reference.com/players/w/willial06.html
roberal01,Alvin Robertson,1984-85,1995-96,4,San Antonio Spurs | Milwaukee Bucks | Detroit Pistons | Toronto Raptors,https://www.basketball-reference.com/players/r/roberal01.html
mccasam01,Amal McCaskill,1996-97,2003-04,4,Orlando Magic | San Antonio Spurs | Atlanta Hawks | Philadelphia 76ers,https://www.basketball-reference.com/players/m/mccasam01.html
stoudam01,Amar'e Stoudemire,2002-03,2015-16,4,Phoenix Suns | New York Knicks | Dallas Mavericks | Miami Heat,https://www.basketball-reference.com/players/s/stoudam01.html
johnsam01,Amir Johnson,2005-06,2018-19,4,Detroit Pistons | Toronto Raptors | Boston Celtics | Philadelphia 76ers,https://www.basketball-reference.com/players/j/johnsam01.html
iguodan01,Andre Iguodala,2004-05,2022-23,4,Philadelphia 76ers | Denver Nuggets | Golden State Warriors | Miami Heat,https://www.basketball-reference.com/players/i/iguodan01.html
declean01,Andrew DeClercq,1995-96,2004-05,4,Golden State Warriors | Boston Celtics | Cleveland Cavaliers | Orlando Magic,https://www.basketball-reference.com/players/d/declean01.html
hardaan01,Anfernee Hardaway,1993-94,2007-08,4,Orlando Magic | Phoenix Suns | New York Knicks | Miami Heat,https://www.basketball-reference.com/players/h/hardaan01.html
bennean01,Anthony Bennett,2013-14,2016-17,4,Cleveland Cavaliers | Minnesota Timberwolves | Toronto Raptors | Brooklyn Nets,https://www.basketball-reference.com/players/b/bennean01.html
bowiean01,Anthony Bowie,1988-89,1997-98,4,San Antonio Spurs | Houston Rockets | Orlando Magic | New York Knicks,https://www.basketball-reference.com/players/b/bowiean01.html
brownan02,Anthony Brown,2015-16,2017-18,4,Los Angeles Lakers | New Orleans Pelicans | Orlando Magic | Minnesota Timberwolves,https://www.basketball-reference.com/players/b/brownan02.html
cookan01,Anthony Cook,1990-91,1995-96,4,Denver Nuggets | Orlando Magic | Milwaukee Bucks | Portland Trail Blazers,https://www.basketball-reference.com/players/c/cookan01.html
jonesan01,Anthony Jones,1986-87,1989-90,4,Washington Wizards | San Antonio Spurs | Chicago Bulls | Dallas Mavericks,https://www.basketball-reference.com/players/j/jonesan01.html
millean01,Anthony Miller,1994-95,2004-05,4,Los Angeles Lakers | Atlanta Hawks | Houston Rockets | Philadelphia 76ers,https://www.basketball-reference.com/players/m/millean01.html
parkean01,Anthony Parker,1997-98,2011-12,4,Philadelphia 76ers | Orlando Magic | Toronto Raptors | Cleveland Cavaliers,https://www.basketball-reference.com/players/p/parkean01.html
randoan01,Anthony Randolph,2008-09,2013-14,4,Golden State Warriors | New York Knicks | Minnesota Timberwolves | Denver Nuggets,https://www.basketball-reference.com/players/r/randoan01.html
roberan02,Anthony Roberson,2005-06,2008-09,4,Memphis Grizzlies | Golden State Warriors | New York Knicks | Chicago Bulls,https://www.basketball-reference.com/players/r/roberan02.html
wrighan01,Antoine Wright,2005-06,2010-11,4,Brooklyn Nets | Dallas Mavericks | Toronto Raptors | Sacramento Kings,https://www.basketball-reference.com/players/w/wrighan01.html
davisan01,Antonio Davis,1993-94,2005-06,4,Indiana Pacers | Toronto Raptors | Chicago Bulls | New York Knicks,https://www.basketball-reference.com/players/d/davisan01.html
onuakar01,Arinze Onuaku,2013-14,2016-17,4,New Orleans Pelicans | Cleveland Cavaliers | Minnesota Timberwolves | Orlando Magic,https://www.basketball-reference.com/players/o/onuakar01.html
hillar01,Armond Hill,1979-80,1983-84,4,Atlanta Hawks | Oklahoma City Thunder | LA Clippers | Milwaukee Bucks,https://www.basketball-reference.com/players/h/hillar01.html
longar01,Art Long,2000-01,2002-03,4,Sacramento Kings | Oklahoma City Thunder | Philadelphia 76ers | Toronto Raptors,https://www.basketball-reference.com/players/l/longar01.html
armstbj01,B.J. Armstrong,1989-90,1999-00,4,Chicago Bulls | Golden State Warriors | Charlotte Hornets | Orlando Magic,https://www.basketball-reference.com/players/a/armstbj01.html
kofoeba01,Bart Kofoed,1987-88,1992-93,4,Utah Jazz | Golden State Warriors | Oklahoma City Thunder | Boston Celtics,https://www.basketball-reference.com/players/k/kofoeba01.html
colembe01,Ben Coleman,1986-87,1993-94,4,Brooklyn Nets | Philadelphia 76ers | Milwaukee Bucks | Detroit Pistons,https://www.basketball-reference.com/players/c/colembe01.html
gordobe01,Ben Gordon,2004-05,2014-15,4,Chicago Bulls | Detroit Pistons | Charlotte Hornets | Orlando Magic,https://www.basketball-reference.com/players/g/gordobe01.html
robinbi01,Bill Robinzine,1979-80,1981-82,4,Sacramento Kings | Cleveland Cavaliers | Dallas Mavericks | Utah Jazz,https://www.basketball-reference.com/players/r/robinbi01.html
willobi01,Bill Willoughby,1979-80,1983-84,4,Cleveland Cavaliers | Houston Rockets | San Antonio Spurs | Brooklyn Nets,https://www.basketball-reference.com/players/w/willobi01.html
paultbi01,Billy Paultz,1979-80,1984-85,4,San Antonio Spurs | Houston Rockets | Atlanta Hawks | Utah Jazz,https://www.basketball-reference.com/players/p/paultbi01.html
griffbl01,Blake Griffin,2010-11,2022-23,4,LA Clippers | Detroit Pistons | Brooklyn Nets | Boston Celtics,https://www.basketball-reference.com/players/g/griffbl01.html
outlabo01,Bo Outlaw,1993-94,2007-08,4,LA Clippers | Orlando Magic | Phoenix Suns | Memphis Grizzlies,https://www.basketball-reference.com/players/o/outlabo01.html
mcadobo01,Bob McAdoo,1979-80,1985-86,4,Detroit Pistons | Brooklyn Nets | Los Angeles Lakers | Philadelphia 76ers,https://www.basketball-reference.com/players/m/mcadobo01.html
portibo01,Bobby Portis,2015-16,2025-26,4,Chicago Bulls | Washington Wizards | New York Knicks | Milwaukee Bucks,https://www.basketball-reference.com/players/p/portibo01.html
sellebr01,Brad Sellers,1986-87,1992-93,4,Chicago Bulls | Oklahoma City Thunder | Minnesota Timberwolves | Detroit Pistons,https://www.basketball-reference.com/players/s/sellebr01.html
rushbr01,Brandon Rush,2008-09,2016-17,4,Indiana Pacers | Golden State Warriors | Utah Jazz | Minnesota Timberwolves,https://www.basketball-reference.com/players/r/rushbr01.html
keybr01,Braxton Key,2021-22,2024-25,4,Philadelphia 76ers | Detroit Pistons | Denver Nuggets | Golden State Warriors,https://www.basketball-reference.com/players/k/keybr01.html
haywobr01,Brendan Haywood,2001-02,2014-15,4,Washington Wizards | Dallas Mavericks | Charlotte Hornets | Cleveland Cavaliers,https://www.basketball-reference.com/players/h/haywobr01.html
pricebr01,Brent Price,1992-93,2001-02,4,Washington Wizards | Houston Rockets | Memphis Grizzlies | Sacramento Kings,https://www.basketball-reference.com/players/p/pricebr01.html
lopezbr01,Brook Lopez,2008-09,2025-26,4,Brooklyn Nets | Los Angeles Lakers | Milwaukee Bucks | LA Clippers,https://www.basketball-reference.com/players/l/lopezbr01.html
steppbr01,Brook Steppe,1982-83,1988-89,4,Sacramento Kings | Indiana Pacers | Detroit Pistons | Portland Trail Blazers,https://www.basketball-reference.com/players/s/steppbr01.html
bowenbr01,Bruce Bowen,1996-97,2008-09,4,Miami Heat | Boston Celtics | Philadelphia 76ers | San Antonio Spurs,https://www.basketball-reference.com/players/b/bowenbr01.html
cabocbr01,Bruno Caboclo,2014-15,2020-21,4,Toronto Raptors | Sacramento Kings | Memphis Grizzlies | Houston Rockets,https://www.basketball-reference.com/players/c/cabocbr01.html
fernabr01,Bruno Fernando,2019-20,2024-25,4,Atlanta Hawks | Boston Celtics | Houston Rockets | Toronto Raptors,https://www.basketball-reference.com/players/f/fernabr01.html
warribr01,Bryan Warrick,1982-83,1985-86,4,Washington Wizards | LA Clippers | Milwaukee Bucks | Indiana Pacers,https://www.basketball-reference.com/players/w/warribr01.html
drewbr01,Bryce Drew,1998-99,2003-04,4,Houston Rockets | Chicago Bulls | Charlotte Hornets | New Orleans Pelicans,https://www.basketball-reference.com/players/d/drewbr01.html
forbebr01,Bryn Forbes,2016-17,2022-23,4,San Antonio Spurs | Milwaukee Bucks | Denver Nuggets | Minnesota Timberwolves,https://www.basketball-reference.com/players/f/forbebr01.html
russebr01,Bryon Russell,1993-94,2005-06,4,Utah Jazz | Washington Wizards | Los Angeles Lakers | Denver Nuggets,https://www.basketball-reference.com/players/r/russebr01.html
cartebu01,Butch Carter,1980-81,1985-86,4,Los Angeles Lakers | Indiana Pacers | New York Knicks | Philadelphia 76ers,https://www.basketball-reference.com/players/c/cartebu01.html
mulleby01,Byron Mullens,2009-10,2013-14,4,Oklahoma City Thunder | Charlotte Hornets | LA Clippers | Philadelphia 76ers,https://www.basketball-reference.com/players/m/mulleby01.html
mccolcj01,CJ McCollum,2013-14,2025-26,4,Portland Trail Blazers | New Orleans Pelicans | Washington Wizards | Atlanta Hawks,https://www.basketball-reference.com/players/m/mccolcj01.html
martica02,Caleb Martin,2019-20,2025-26,4,Charlotte Hornets | Miami Heat | Philadelphia 76ers | Dallas Mavericks,https://www.basketball-reference.com/players/m/martica02.html
reddica01,Cam Reddish,2019-20,2024-25,4,Atlanta Hawks | New York Knicks | Portland Trail Blazers | Los Angeles Lakers,https://www.basketball-reference.com/players/r/reddica01.html
herreca01,Carl Herrera,1991-92,1998-99,4,Houston Rockets | San Antonio Spurs | Memphis Grizzlies | Denver Nuggets,https://www.basketball-reference.com/players/h/herreca01.html
thomaca01,Carl Thomas,1991-92,1997-98,4,Sacramento Kings | Cleveland Cavaliers | Golden State Warriors | Orlando Magic,https://www.basketball-reference.com/players/t/thomaca01.html
boozeca01,Carlos Boozer,2002-03,2014-15,4,Cleveland Cavaliers | Utah Jazz | Chicago Bulls | Los Angeles Lakers,https://www.basketball-reference.com/players/b/boozeca01.html
delfica01,Carlos Delfino,2004-05,2012-13,4,Detroit Pistons | Toronto Raptors | Milwaukee Bucks | Houston Rockets,https://www.basketball-reference.com/players/d/delfica01.html
simmoce01,Cedric Simmons,2006-07,2008-09,4,New Orleans Pelicans | Cleveland Cavaliers | Chicago Bulls | Sacramento Kings,https://www.basketball-reference.com/players/s/simmoce01.html
parsoch01,Chandler Parsons,2011-12,2019-20,4,Houston Rockets | Dallas Mavericks | Memphis Grizzlies | Atlanta Hawks,https://www.basketball-reference.com/players/p/parsoch01.html
davisch02,Charles Davis,1981-82,1989-90,4,Washington Wizards | Milwaukee Bucks | San Antonio Spurs | Chicago Bulls,https://www.basketball-reference.com/players/d/davisch02.html
shackch01,Charles Shackleford,1988-89,1998-99,4,Brooklyn Nets | Philadelphia 76ers | Minnesota Timberwolves | Charlotte Hornets,https://www.basketball-reference.com/players/s/shackch01.html
bellch01,Charlie Bell,2001-02,2010-11,4,Phoenix Suns | Dallas Mavericks | Milwaukee Bucks | Golden State Warriors,https://www.basketball-reference.com/players/b/bellch01.html
villach01,Charlie Villanueva,2005-06,2015-16,4,Toronto Raptors | Milwaukee Bucks | Detroit Pistons | Dallas Mavericks,https://www.basketball-reference.com/players/v/villach01.html
budinch01,Chase Budinger,2009-10,2015-16,4,Houston Rockets | Minnesota Timberwolves | Indiana Pacers | Phoenix Suns,https://www.basketball-reference.com/players/b/budinch01.html
sambch01,Cheikh Samb,2007-08,2008-09,4,Detroit Pistons | Denver Nuggets | LA Clippers | New York Knicks,https://www.basketball-reference.com/players/s/sambch01.html
metuch01,Chimezie Metu,2018-19,2023-24,4,San Antonio Spurs | Sacramento Kings | Phoenix Suns | Detroit Pistons,https://www.basketball-reference.com/players/m/metuch01.html
chiozch01,Chris Chiozza,2018-19,2021-22,4,Houston Rockets | Washington Wizards | Brooklyn Nets | Golden State Warriors,https://www.basketball-reference.com/players/c/chiozch01.html
duhonch01,Chris Duhon,2004-05,2012-13,4,Chicago Bulls | New York Knicks | Orlando Magic | Los Angeles Lakers,https://www.basketball-reference.com/players/d/duhonch01.html
johnsch03,Chris Johnson,2010-11,2012-13,4,Portland Trail Blazers | Boston Celtics | New Orleans Pelicans | Minnesota Timberwolves,https://www.basketball-reference.com/players/j/johnsch03.html
quinnch01,Chris Quinn,2006-07,2012-13,4,Miami Heat | Brooklyn Nets | San Antonio Spurs | Cleveland Cavaliers,https://www.basketball-reference.com/players/q/quinnch01.html
silvach01,Chris Silva,2019-20,2022-23,4,Miami Heat | Sacramento Kings | Minnesota Timberwolves | Dallas Mavericks,https://www.basketball-reference.com/players/s/silvach01.html
whitnch01,Chris Whitney,1993-94,2003-04,4,San Antonio Spurs | Washington Wizards | Denver Nuggets | Orlando Magic,https://www.basketball-reference.com/players/w/whitnch01.html
kolokch01,Christian Koloko,2022-23,2025-26,4,Toronto Raptors | Los Angeles Lakers | Memphis Grizzlies | Atlanta Hawks,https://www.basketball-reference.com/players/k/kolokch01.html
levincl01,Cliff Levingston,1982-83,1994-95,4,Detroit Pistons | Atlanta Hawks | Chicago Bulls | Denver Nuggets,https://www.basketball-reference.com/players/l/levincl01.html
zelleco01,Cody Zeller,2013-14,2023-24,4,Charlotte Hornets | Portland Trail Blazers | Miami Heat | New Orleans Pelicans,https://www.basketball-reference.com/players/z/zelleco01.html
swideco01,Cole Swider,2022-23,2024-25,4,Los Angeles Lakers | Miami Heat | Detroit Pistons | Toronto Raptors,https://www.basketball-reference.com/players/s/swideco01.html
sextoco01,Collin Sexton,2018-19,2025-26,4,Cleveland Cavaliers | Utah Jazz | Charlotte Hornets | Chicago Bulls,https://www.basketball-reference.com/players/s/sextoco01.html
henryco01,Conner Henry,1986-87,1987-88,4,Houston Rockets | Boston Celtics | Milwaukee Bucks | Sacramento Kings,https://www.basketball-reference.com/players/h/henryco01.html
gaineco01,Corey Gaines,1988-89,1994-95,4,Brooklyn Nets | Philadelphia 76ers | Denver Nuggets | New York Knicks,https://www.basketball-reference.com/players/g/gaineco01.html
willico02,Corliss Williamson,1995-96,2006-07,4,Sacramento Kings | Toronto Raptors | Detroit Pistons | Philadelphia 76ers,https://www.basketball-reference.com/players/w/willico02.html
alexaco01,Cory Alexander,1995-96,2004-05,4,San Antonio Spurs | Denver Nuggets | Orlando Magic | Charlotte Hornets,https://www.basketball-reference.com/players/a/alexaco01.html
ehlocr01,Craig Ehlo,1983-84,1996-97,4,Houston Rockets | Cleveland Cavaliers | Atlanta Hawks | Oklahoma City Thunder,https://www.basketball-reference.com/players/e/ehlocr01.html
hodgecr01,Craig Hodges,1982-83,1991-92,4,LA Clippers | Milwaukee Bucks | Phoenix Suns | Chicago Bulls,https://www.basketball-reference.com/players/h/hodgecr01.html
moblecu01,Cuttino Mobley,1998-99,2008-09,4,Houston Rockets | Orlando Magic | Sacramento Kings | LA Clippers,https://www.basketball-reference.com/players/m/moblecu01.html
mbengdj01,D.J. Mbenga,2004-05,2010-11,4,Dallas Mavericks | Golden State Warriors | Los Angeles Lakers | New Orleans Pelicans,https://www.basketball-reference.com/players/m/mbengdj01.html
wilsodj01,D.J. Wilson,2017-18,2023-24,4,Milwaukee Bucks | Houston Rockets | Toronto Raptors | Philadelphia 76ers,https://www.basketball-reference.com/players/w/wilsodj01.html
cookda02,Daequan Cook,2007-08,2012-13,4,Miami Heat | Oklahoma City Thunder | Houston Rockets | Chicago Bulls,https://www.basketball-reference.com/players/c/cookda02.html
bantoda01,Dalano Banton,2021-22,2025-26,4,Toronto Raptors | Boston Celtics | Portland Trail Blazers | LA Clippers,https://www.basketball-reference.com/players/b/bantoda01.html
davisda01,Dale Davis,1991-92,2006-07,4,Indiana Pacers | Portland Trail Blazers | Golden State Warriors | Detroit Pistons,https://www.basketball-reference.com/players/d/davisda01.html
stoudda01,Damon Stoudamire,1995-96,2007-08,4,Toronto Raptors | Portland Trail Blazers | Memphis Grizzlies | San Antonio Spurs,https://www.basketball-reference.com/players/s/stoudda01.html
brownda02,Damone Brown,2001-02,2004-05,4,Philadelphia 76ers | Toronto Raptors | Brooklyn Nets | Washington Wizards,https://www.basketball-reference.com/players/b/brownda02.html
gadzuda01,Dan Gadzuric,2002-03,2011-12,4,Milwaukee Bucks | Golden State Warriors | Brooklyn Nets | New York Knicks,https://www.basketball-reference.com/players/g/gadzuda01.html
langhda01,Dan Langhi,2000-01,2003-04,4,Houston Rockets | Phoenix Suns | Golden State Warriors | Milwaukee Bucks,https://www.basketball-reference.com/players/l/langhda01.html
barroda01,Dana Barros,1989-90,2003-04,4,Oklahoma City Thunder | Philadelphia 76ers | Boston Celtics | Detroit Pistons,https://www.basketball-reference.com/players/b/barroda01.html
aingeda01,Danny Ainge,1981-82,1994-95,4,Boston Celtics | Sacramento Kings | Portland Trail Blazers | Phoenix Suns,https://www.basketball-reference.com/players/a/aingeda01.html
bazleda01,Darius Bazley,2019-20,2023-24,4,Oklahoma City Thunder | Phoenix Suns | Philadelphia 76ers | Utah Jazz,https://www.basketball-reference.com/players/b/bazleda01.html
milesda01,Darius Miles,2000-01,2008-09,4,LA Clippers | Cleveland Cavaliers | Portland Trail Blazers | Memphis Grizzlies,https://www.basketball-reference.com/players/m/milesda01.html
hancoda01,Darrin Hancock,1994-95,1996-97,4,Charlotte Hornets | Milwaukee Bucks | Atlanta Hawks | San Antonio Spurs,https://www.basketball-reference.com/players/h/hancoda01.html
dawkida01,Darryl Dawkins,1979-80,1988-89,4,Philadelphia 76ers | Brooklyn Nets | Utah Jazz | Detroit Pistons,https://www.basketball-reference.com/players/d/dawkida01.html
cookda01,Darwin Cook,1980-81,1988-89,4,Brooklyn Nets | Washington Wizards | San Antonio Spurs | Denver Nuggets,https://www.basketball-reference.com/players/c/cookda01.html
feitlda01,Dave Feitl,1986-87,1991-92,4,Houston Rockets | Golden State Warriors | Washington Wizards | Brooklyn Nets,https://www.basketball-reference.com/players/f/feitlda01.html
greenda01,Dave Greenwood,1979-80,1990-91,4,Chicago Bulls | San Antonio Spurs | Denver Nuggets | Detroit Pistons,https://www.basketball-reference.com/players/g/greenda01.html
popsoda01,Dave Popson,1988-89,1991-92,4,LA Clippers | Miami Heat | Boston Celtics | Milwaukee Bucks,https://www.basketball-reference.com/players/p/popsoda01.html
robisda01,Dave Robisch,1979-80,1983-84,4,Cleveland Cavaliers | Denver Nuggets | San Antonio Spurs | Sacramento Kings,https://www.basketball-reference.com/players/r/robisda01.html
vaughda02,David Vaughn,1995-96,1998-99,4,Orlando Magic | Golden State Warriors | Chicago Bulls | Brooklyn Nets,https://www.basketball-reference.com/players/v/vaughda02.html
westda01,David West,2003-04,2017-18,4,New Orleans Pelicans | Indiana Pacers | San Antonio Spurs | Golden State Warriors,https://www.basketball-reference.com/players/w/westda01.html
reedda01,Davon Reed,2017-18,2022-23,4,Phoenix Suns | Indiana Pacers | Denver Nuggets | Los Angeles Lakers,https://www.basketball-reference.com/players/r/reedda01.html
meltode01,De'Anthony Melton,2018-19,2025-26,4,Phoenix Suns | Memphis Grizzlies | Philadelphia 76ers | Golden State Warriors,https://www.basketball-reference.com/players/m/meltode01.html
bembrde01,DeAndre' Bembry,2016-17,2021-22,4,Atlanta Hawks | Toronto Raptors | Brooklyn Nets | Milwaukee Bucks,https://www.basketball-reference.com/players/b/bembrde01.html
derozde01,DeMar DeRozan,2009-10,2025-26,4,Toronto Raptors | San Antonio Spurs | Chicago Bulls | Sacramento Kings,https://www.basketball-reference.com/players/d/derozde01.html
diopde01,DeSagana Diop,2001-02,2012-13,4,Cleveland Cavaliers | Dallas Mavericks | Brooklyn Nets | Charlotte Hornets,https://www.basketball-reference.com/players/d/diopde01.html
westde01,Delonte West,2004-05,2011-12,4,Boston Celtics | Oklahoma City Thunder | Cleveland Cavaliers | Dallas Mavericks,https://www.basketball-reference.com/players/w/westde01.html
johnsde03,DerMarr Johnson,2000-01,2007-08,4,Atlanta Hawks | New York Knicks | Denver Nuggets | San Antonio Spurs,https://www.basketball-reference.com/players/j/johnsde03.html
harpede01,Derek Harper,1983-84,1998-99,4,Dallas Mavericks | New York Knicks | Orlando Magic | Los Angeles Lakers,https://www.basketball-reference.com/players/h/harpede01.html
willide01,Deron Williams,2005-06,2016-17,4,Utah Jazz | Brooklyn Nets | Dallas Mavericks | Cleveland Cavaliers,https://www.basketball-reference.com/players/w/willide01.html
colemde01,Derrick Coleman,1990-91,2004-05,4,Brooklyn Nets | Philadelphia 76ers | Charlotte Hornets | Detroit Pistons,https://www.basketball-reference.com/players/c/colemde01.html
dialde01,Derrick Dial,1999-00,2003-04,4,San Antonio Spurs | Brooklyn Nets | Toronto Raptors | Orlando Magic,https://www.basketball-reference.com/players/d/dialde01.html
favorde01,Derrick Favors,2010-11,2021-22,4,Brooklyn Nets | Utah Jazz | New Orleans Pelicans | Oklahoma City Thunder,https://www.basketball-reference.com/players/f/favorde01.html
masonde01,Desmond Mason,2000-01,2009-10,4,Oklahoma City Thunder | Milwaukee Bucks | New Orleans Pelicans | Sacramento Kings,https://www.basketball-reference.com/players/m/masonde01.html
schrede01,Detlef Schrempf,1985-86,2000-01,4,Dallas Mavericks | Indiana Pacers | Oklahoma City Thunder | Portland Trail Blazers,https://www.basketball-reference.com/players/s/schrede01.html
waitedi01,Dion Waiters,2012-13,2019-20,4,Cleveland Cavaliers | Oklahoma City Thunder | Miami Heat | Los Angeles Lakers,https://www.basketball-reference.com/players/w/waitedi01.html
minnidi01,Dirk Minniefield,1985-86,1987-88,4,Cleveland Cavaliers | Houston Rockets | Golden State Warriors | Boston Celtics,https://www.basketball-reference.com/players/m/minnidi01.html
riverdo01,Doc Rivers,1983-84,1995-96,4,Atlanta Hawks | LA Clippers | New York Knicks | San Antonio Spurs,https://www.basketball-reference.com/players/r/riverdo01.html
busedo01,Don Buse,1979-80,1984-85,4,Phoenix Suns | Indiana Pacers | Portland Trail Blazers | Sacramento Kings,https://www.basketball-reference.com/players/b/busedo01.html
collido02,Don Collins,1980-81,1986-87,4,Atlanta Hawks | Washington Wizards | Golden State Warriors | Milwaukee Bucks,https://www.basketball-reference.com/players/c/collido02.html
wrighdo01,Dorell Wright,2004-05,2014-15,4,Miami Heat | Golden State Warriors | Philadelphia 76ers | Portland Trail Blazers,https://www.basketball-reference.com/players/w/wrighdo01.html
finnedo01,Dorian Finney-Smith,2016-17,2025-26,4,Dallas Mavericks | Brooklyn Nets | Los Angeles Lakers | Houston Rockets,https://www.basketball-reference.com/players/f/finnedo01.html
jonesdw02,Dwayne Jones,2005-06,2009-10,4,Boston Celtics | Cleveland Cavaliers | Charlotte Hornets | Phoenix Suns,https://www.basketball-reference.com/players/j/jonesdw02.html
windldy01,Dylan Windler,2020-21,2023-24,4,Cleveland Cavaliers | New York Knicks | Los Angeles Lakers | Atlanta Hawks,https://www.basketball-reference.com/players/w/windldy01.html
curryed01,Eddy Curry,2001-02,2012-13,4,Chicago Bulls | New York Knicks | Miami Heat | Dallas Mavericks,https://www.basketball-reference.com/players/c/curryed01.html
jonesed01,Edgar Jones,1980-81,1985-86,4,Brooklyn Nets | Detroit Pistons | San Antonio Spurs | Cleveland Cavaliers,https://www.basketball-reference.com/players/j/jonesed01.html
udohek01,Ekpe Udoh,2010-11,2018-19,4,Golden State Warriors | Milwaukee Bucks | LA Clippers | Utah Jazz,https://www.basketball-reference.com/players/u/udohek01.html
benneel01,Elmer Bennett,1994-95,1996-97,4,Cleveland Cavaliers | Philadelphia 76ers | Houston Rockets | Denver Nuggets,https://www.basketball-reference.com/players/b/benneel01.html
spencel01,Elmore Spencer,1992-93,1996-97,4,LA Clippers | Denver Nuggets | Portland Trail Blazers | Oklahoma City Thunder,https://www.basketball-reference.com/players/s/spencel01.html
mudiaem01,Emmanuel Mudiay,2015-16,2021-22,4,Denver Nuggets | New York Knicks | Utah Jazz | Sacramento Kings,https://www.basketball-reference.com/players/m/mudiaem01.html
bledser01,Eric Bledsoe,2010-11,2021-22,4,LA Clippers | Phoenix Suns | Milwaukee Bucks | New Orleans Pelicans,https://www.basketball-reference.com/players/b/bledser01.html
moreler01,Eric Moreland,2014-15,2018-19,4,Sacramento Kings | Detroit Pistons | Phoenix Suns | Toronto Raptors,https://www.basketball-reference.com/players/m/moreler01.html
piatker01,Eric Piatkowski,1994-95,2007-08,4,LA Clippers | Houston Rockets | Chicago Bulls | Phoenix Suns,https://www.basketball-reference.com/players/p/piatker01.html
johnser02,Ervin Johnson,1993-94,2005-06,4,Oklahoma City Thunder | Denver Nuggets | Milwaukee Bucks | Minnesota Timberwolves,https://www.basketball-reference.com/players/j/johnser02.html
omorueu01,Eugene Omoruyi,2021-22,2023-24,4,Dallas Mavericks | Oklahoma City Thunder | Detroit Pistons | Washington Wizards,https://www.basketball-reference.com/players/o/omorueu01.html
kaminfr01,Frank Kaminsky,2015-16,2022-23,4,Charlotte Hornets | Phoenix Suns | Atlanta Hawks | Houston Rockets,https://www.basketball-reference.com/players/k/kaminfr01.html
willifr01,Freeman Williams,1979-80,1985-86,4,LA Clippers | Atlanta Hawks | Utah Jazz | Washington Wizards,https://www.basketball-reference.com/players/w/willifr01.html
mathega01,Garrison Mathews,2019-20,2025-26,4,Washington Wizards | Houston Rockets | Atlanta Hawks | Indiana Pacers,https://www.basketball-reference.com/players/m/mathega01.html
grantga01,Gary Grant,1988-89,2000-01,4,LA Clippers | New York Knicks | Miami Heat | Portland Trail Blazers,https://www.basketball-reference.com/players/g/grantga01.html
trentga01,Gary Trent,1995-96,2003-04,4,Portland Trail Blazers | Toronto Raptors | Dallas Mavericks | Minnesota Timberwolves,https://www.basketball-reference.com/players/t/trentga01.html
crompge01,Geoff Crompton,1980-81,1983-84,4,Portland Trail Blazers | Milwaukee Bucks | San Antonio Spurs | Cleveland Cavaliers,https://www.basketball-reference.com/players/c/crompge01.html
johnsge03,George Johnson,1979-80,1985-86,4,Denver Nuggets | Indiana Pacers | Philadelphia 76ers | Washington Wizards,https://www.basketball-reference.com/players/j/johnsge03.html
johnsge02,George Johnson,1979-80,1985-86,4,Brooklyn Nets | San Antonio Spurs | Atlanta Hawks | Oklahoma City Thunder,https://www.basketball-reference.com/players/j/johnsge02.html
glassge01,Gerald Glass,1990-91,1995-96,4,Minnesota Timberwolves | Detroit Pistons | Brooklyn Nets | Charlotte Hornets,https://www.basketball-reference.com/players/g/glassge01.html
wilkige01,Gerald Wilkins,1985-86,1998-99,4,New York Knicks | Cleveland Cavaliers | Memphis Grizzlies | Orlando Magic,https://www.basketball-reference.com/players/w/wilkige01.html
arenagi01,Gilbert Arenas,2001-02,2011-12,4,Golden State Warriors | Washington Wizards | Orlando Magic | Memphis Grizzlies,https://www.basketball-reference.com/players/a/arenagi01.html
robingl01,Glenn Robinson,1994-95,2004-05,4,Milwaukee Bucks | Atlanta Hawks | Philadelphia 76ers | San Antonio Spurs,https://www.basketball-reference.com/players/r/robingl01.html
haywago01,Gordon Hayward,2010-11,2023-24,4,Utah Jazz | Boston Celtics | Charlotte Hornets | Oklahoma City Thunder,https://www.basketball-reference.com/players/h/haywago01.html
dienggo01,Gorgui Dieng,2013-14,2022-23,4,Minnesota Timberwolves | Memphis Grizzlies | San Antonio Spurs | Atlanta Hawks,https://www.basketball-reference.com/players/d/dienggo01.html
hillgr01,Grant Hill,1994-95,2012-13,4,Detroit Pistons | Orlando Magic | Phoenix Suns | LA Clippers,https://www.basketball-reference.com/players/h/hillgr01.html
allengr01,Grayson Allen,2018-19,2025-26,4,Utah Jazz | Memphis Grizzlies | Milwaukee Bucks | Phoenix Suns,https://www.basketball-reference.com/players/a/allengr01.html
grahagr01,Greg Graham,1993-94,1997-98,4,Philadelphia 76ers | Brooklyn Nets | Oklahoma City Thunder | Cleveland Cavaliers,https://www.basketball-reference.com/players/g/grahagr01.html
kelsegr01,Greg Kelser,1979-80,1984-85,4,Detroit Pistons | Oklahoma City Thunder | LA Clippers | Indiana Pacers,https://www.basketball-reference.com/players/k/kelsegr01.html
stiemgr01,Greg Stiemsma,2011-12,2014-15,4,Boston Celtics | Minnesota Timberwolves | New Orleans Pelicans | Toronto Raptors,https://www.basketball-reference.com/players/s/stiemgr01.html
yabusgu01,Guerschon Yabusele,2017-18,2025-26,4,Boston Celtics | Philadelphia 76ers | New York Knicks | Chicago Bulls,https://www.basketball-reference.com/players/y/yabusgu01.html
ayongu01,Gustavo Ayón,2011-12,2013-14,4,New Orleans Pelicans | Orlando Magic | Milwaukee Bucks | Atlanta Hawks,https://www.basketball-reference.com/players/a/ayongu01.html
barneha02,Harrison Barnes,2012-13,2025-26,4,Golden State Warriors | Dallas Mavericks | Sacramento Kings | San Antonio Spurs,https://www.basketball-reference.com/players/b/barneha02.html
gilesha01,Harry Giles,2018-19,2023-24,4,Sacramento Kings | Portland Trail Blazers | Brooklyn Nets | Los Angeles Lakers,https://www.basketball-reference.com/players/g/gilesha01.html
thabeha01,Hasheem Thabeet,2009-10,2013-14,4,Memphis Grizzlies | Houston Rockets | Portland Trail Blazers | Oklahoma City Thunder,https://www.basketball-reference.com/players/t/thabeha01.html
whiteha01,Hassan Whiteside,2010-11,2021-22,4,Sacramento Kings | Miami Heat | Portland Trail Blazers | Utah Jazz,https://www.basketball-reference.com/players/w/whiteha01.html
ellenhe01,Henry Ellenson,2016-17,2020-21,4,Detroit Pistons | New York Knicks | Brooklyn Nets | Toronto Raptors,https://www.basketball-reference.com/players/e/ellenhe01.html
simshe01,Henry Sims,2012-13,2015-16,4,New Orleans Pelicans | Cleveland Cavaliers | Philadelphia 76ers | Brooklyn Nets,https://www.basketball-reference.com/players/s/simshe01.html
willihe01,Herb Williams,1981-82,1998-99,4,Indiana Pacers | Dallas Mavericks | New York Knicks | Toronto Raptors,https://www.basketball-reference.com/players/w/willihe01.html
hawkihe01,Hersey Hawkins,1988-89,2000-01,4,Philadelphia 76ers | Charlotte Hornets | Oklahoma City Thunder | Chicago Bulls,https://www.basketball-reference.com/players/h/hawkihe01.html
grantho01,Horace Grant,1987-88,2003-04,4,Chicago Bulls | Orlando Magic | Oklahoma City Thunder | Los Angeles Lakers,https://www.basketball-reference.com/players/g/grantho01.html
clarkia01,Ian Clark,2013-14,2018-19,4,Utah Jazz | Denver Nuggets | Golden State Warriors | New Orleans Pelicans,https://www.basketball-reference.com/players/c/clarkia01.html
mahinia01,Ian Mahinmi,2007-08,2019-20,4,San Antonio Spurs | Dallas Mavericks | Indiana Pacers | Washington Wizards,https://www.basketball-reference.com/players/m/mahinia01.html
haleyja01,Jack Haley,1988-89,1997-98,4,Chicago Bulls | Brooklyn Nets | Los Angeles Lakers | San Antonio Spurs,https://www.basketball-reference.com/players/h/haleyja01.html
mcdanja01,Jalen McDaniels,2019-20,2024-25,4,Charlotte Hornets | Philadelphia 76ers | Toronto Raptors | Washington Wizards,https://www.basketball-reference.com/players/m/mcdanja01.html
mashbja01,Jamal Mashburn,1993-94,2003-04,4,Dallas Mavericks | Miami Heat | Charlotte Hornets | New Orleans Pelicans,https://www.basketball-reference.com/players/m/mashbja01.html
anderja01,James Anderson,2010-11,2015-16,4,San Antonio Spurs | Houston Rockets | Philadelphia 76ers | Sacramento Kings,https://www.basketball-reference.com/players/a/anderja01.html
robinja02,James Robinson,1993-94,2000-01,4,Portland Trail Blazers | Minnesota Timberwolves | LA Clippers | Orlando Magic,https://www.basketball-reference.com/players/r/robinja02.html
thomaja02,James Thomas,2004-05,2005-06,4,Portland Trail Blazers | Atlanta Hawks | Philadelphia 76ers | Chicago Bulls,https://www.basketball-reference.com/players/t/thomaja02.html
feickja01,Jamie Feick,1996-97,2000-01,4,Charlotte Hornets | San Antonio Spurs | Milwaukee Bucks | Brooklyn Nets,https://www.basketball-reference.com/players/f/feickja01.html
butleja02,Jared Butler,2021-22,2024-25,4,Utah Jazz | Oklahoma City Thunder | Washington Wizards | Philadelphia 76ers,https://www.basketball-reference.com/players/b/butleja02.html
jeffrja01,Jared Jeffries,2002-03,2012-13,4,Washington Wizards | New York Knicks | Houston Rockets | Portland Trail Blazers,https://www.basketball-reference.com/players/j/jeffrja01.html
eddieja01,Jarell Eddie,2015-16,2017-18,4,Washington Wizards | Phoenix Suns | Boston Celtics | Chicago Bulls,https://www.basketball-reference.com/players/e/eddieja01.html
vandeja01,Jarred Vanderbilt,2018-19,2025-26,4,Denver Nuggets | Minnesota Timberwolves | Utah Jazz | Los Angeles Lakers,https://www.basketball-reference.com/players/v/vandeja01.html
collija03,Jarron Collins,2001-02,2010-11,4,Utah Jazz | Phoenix Suns | LA Clippers | Portland Trail Blazers,https://www.basketball-reference.com/players/c/collija03.html
varnaja01,Jarvis Varnado,2012-13,2013-14,4,Boston Celtics | Miami Heat | Chicago Bulls | Philadelphia 76ers,https://www.basketball-reference.com/players/v/varnaja01.html
kiddja01,Jason Kidd,1994-95,2012-13,4,Dallas Mavericks | Phoenix Suns | Brooklyn Nets | New York Knicks,https://www.basketball-reference.com/players/k/kiddja01.html
willija02,Jason Williams,1998-99,2010-11,4,Sacramento Kings | Memphis Grizzlies | Miami Heat | Orlando Magic,https://www.basketball-reference.com/players/w/willija02.html
humphja01,Jay Humphries,1984-85,1994-95,4,Phoenix Suns | Milwaukee Bucks | Utah Jazz | Boston Celtics,https://www.basketball-reference.com/players/h/humphja01.html
nowelja01,Jaylen Nowell,2019-20,2024-25,4,Minnesota Timberwolves | Memphis Grizzlies | Detroit Pistons | New Orleans Pelicans,https://www.basketball-reference.com/players/n/nowelja01.html
pendeje02,Jeff Ayres,2009-10,2015-16,4,Portland Trail Blazers | Indiana Pacers | San Antonio Spurs | LA Clippers,https://www.basketball-reference.com/players/p/pendeje02.html
cookje01,Jeff Cook,1979-80,1987-88,4,Phoenix Suns | Cleveland Cavaliers | San Antonio Spurs | Utah Jazz,https://www.basketball-reference.com/players/c/cookje01.html
judkije01,Jeff Judkins,1979-80,1982-83,4,Boston Celtics | Utah Jazz | Detroit Pistons | Portland Trail Blazers,https://www.basketball-reference.com/players/j/judkije01.html
lampje01,Jeff Lamp,1981-82,1988-89,4,Portland Trail Blazers | Milwaukee Bucks | San Antonio Spurs | Los Angeles Lakers,https://www.basketball-reference.com/players/l/lampje01.html
malonje01,Jeff Malone,1983-84,1995-96,4,Washington Wizards | Utah Jazz | Philadelphia 76ers | Miami Heat,https://www.basketball-reference.com/players/m/malonje01.html
robinje02,Jeremiah Robinson-Earl,2021-22,2025-26,4,Oklahoma City Thunder | New Orleans Pelicans | Indiana Pacers | Dallas Mavericks,https://www.basketball-reference.com/players/r/robinje02.html
lambje01,Jeremy Lamb,2012-13,2021-22,4,Oklahoma City Thunder | Charlotte Hornets | Indiana Pacers | Sacramento Kings,https://www.basketball-reference.com/players/l/lambje01.html
pargoje01,Jeremy Pargo,2011-12,2019-20,4,Memphis Grizzlies | Cleveland Cavaliers | Philadelphia 76ers | Golden State Warriors,https://www.basketball-reference.com/players/p/pargoje01.html
grantje02,Jerian Grant,2015-16,2019-20,4,New York Knicks | Chicago Bulls | Orlando Magic | Washington Wizards,https://www.basketball-reference.com/players/g/grantje02.html
laneje01,Jerome Lane,1988-89,1992-93,4,Denver Nuggets | Indiana Pacers | Milwaukee Bucks | Cleveland Cavaliers,https://www.basketball-reference.com/players/l/laneje01.html
willije01,Jerome Williams,1996-97,2004-05,4,Detroit Pistons | Toronto Raptors | Chicago Bulls | New York Knicks,https://www.basketball-reference.com/players/w/willije01.html
lesji01,Jim Les,1988-89,1994-95,4,Utah Jazz | LA Clippers | Sacramento Kings | Atlanta Hawks,https://www.basketball-reference.com/players/l/lesji01.html
welscji01,Jiří Welsch,2002-03,2005-06,4,Golden State Warriors | Boston Celtics | Cleveland Cavaliers | Milwaukee Bucks,https://www.basketball-reference.com/players/w/welscji01.html
noahjo01,Joakim Noah,2007-08,2019-20,4,Chicago Bulls | New York Knicks | Memphis Grizzlies | LA Clippers,https://www.basketball-reference.com/players/n/noahjo01.html
inglejo01,Joe Ingles,2014-15,2025-26,4,Utah Jazz | Milwaukee Bucks | Orlando Magic | Minnesota Timberwolves,https://www.basketball-reference.com/players/i/inglejo01.html
anthojo01,Joel Anthony,2007-08,2016-17,4,Miami Heat | Boston Celtics | Detroit Pistons | San Antonio Spurs,https://www.basketball-reference.com/players/a/anthojo01.html
przybjo01,Joel Przybilla,2000-01,2012-13,4,Milwaukee Bucks | Atlanta Hawks | Portland Trail Blazers | Charlotte Hornets,https://www.basketball-reference.com/players/p/przybjo01.html
lauvejo01,Joffrey Lauvergne,2014-15,2017-18,4,Denver Nuggets | Oklahoma City Thunder | Chicago Bulls | San Antonio Spurs,https://www.basketball-reference.com/players/l/lauvejo01.html
petrojo01,Johan Petro,2005-06,2012-13,4,Oklahoma City Thunder | Denver Nuggets | Brooklyn Nets | Atlanta Hawks,https://www.basketball-reference.com/players/p/petrojo01.html
baglejo01,John Bagley,1982-83,1993-94,4,Cleveland Cavaliers | Brooklyn Nets | Boston Celtics | Atlanta Hawks,https://www.basketball-reference.com/players/b/baglejo01.html
longjo01,John Long,1979-80,1996-97,4,Detroit Pistons | Indiana Pacers | Atlanta Hawks | Toronto Raptors,https://www.basketball-reference.com/players/l/longjo01.html
shumajo01,John Shumate,1979-80,1980-81,4,Detroit Pistons | Houston Rockets | San Antonio Spurs | Oklahoma City Thunder,https://www.basketball-reference.com/players/s/shumajo01.html
starkjo01,John Starks,1988-89,2001-02,4,Golden State Warriors | New York Knicks | Chicago Bulls | Utah Jazz,https://www.basketball-reference.com/players/s/starkjo01.html
jerebjo01,Jonas Jerebko,2009-10,2018-19,4,Detroit Pistons | Boston Celtics | Utah Jazz | Golden State Warriors,https://www.basketball-reference.com/players/j/jerebjo01.html
clarkjo01,Jordan Clarkson,2014-15,2025-26,4,Los Angeles Lakers | Cleveland Cavaliers | Utah Jazz | New York Knicks,https://www.basketball-reference.com/players/c/clarkjo01.html
goodwjo01,Jordan Goodwin,2021-22,2025-26,4,Washington Wizards | Phoenix Suns | Memphis Grizzlies | Los Angeles Lakers,https://www.basketball-reference.com/players/g/goodwjo01.html
hamiljo02,Jordan Hamilton,2011-12,2015-16,4,Denver Nuggets | Houston Rockets | LA Clippers | New Orleans Pelicans,https://www.basketball-reference.com/players/h/hamiljo02.html
childjo01,Josh Childress,2004-05,2013-14,4,Atlanta Hawks | Phoenix Suns | Brooklyn Nets | New Orleans Pelicans,https://www.basketball-reference.com/players/c/childjo01.html
hartjo01,Josh Hart,2017-18,2025-26,4,Los Angeles Lakers | New Orleans Pelicans | Portland Trail Blazers | New York Knicks,https://www.basketball-reference.com/players/h/hartjo01.html
howarjo01,Josh Howard,2003-04,2012-13,4,Dallas Mavericks | Washington Wizards | Utah Jazz | Minnesota Timberwolves,https://www.basketball-reference.com/players/h/howarjo01.html
jacksjo02,Josh Jackson,2017-18,2021-22,4,Phoenix Suns | Memphis Grizzlies | Detroit Pistons | Sacramento Kings,https://www.basketball-reference.com/players/j/jacksjo02.html
okogijo01,Josh Okogie,2018-19,2025-26,4,Minnesota Timberwolves | Phoenix Suns | Charlotte Hornets | Houston Rockets,https://www.basketball-reference.com/players/o/okogijo01.html
dixonju01,Juan Dixon,2002-03,2008-09,4,Washington Wizards | Portland Trail Blazers | Toronto Raptors | Detroit Pistons,https://www.basketball-reference.com/players/d/dixonju01.html
toscaju01,Juan Toscano-Anderson,2019-20,2023-24,4,Golden State Warriors | Los Angeles Lakers | Utah Jazz | Sacramento Kings,https://www.basketball-reference.com/players/t/toscaju01.html
randlju01,Julius Randle,2014-15,2025-26,4,Los Angeles Lakers | New Orleans Pelicans | New York Knicks | Minnesota Timberwolves,https://www.basketball-reference.com/players/r/randlju01.html
hamilju01,Justin Hamilton,2013-14,2016-17,4,Charlotte Hornets | Miami Heat | Minnesota Timberwolves | Brooklyn Nets,https://www.basketball-reference.com/players/h/hamilju01.html
pattoju01,Justin Patton,2017-18,2020-21,4,Minnesota Timberwolves | Philadelphia 76ers | Oklahoma City Thunder | Houston Rockets,https://www.basketball-reference.com/players/p/pattoju01.html
winslju01,Justise Winslow,2015-16,2022-23,4,Miami Heat | Memphis Grizzlies | LA Clippers | Portland Trail Blazers,https://www.basketball-reference.com/players/w/winslju01.html
martike04,KJ Martin,2020-21,2024-25,4,Houston Rockets | LA Clippers | Philadelphia 76ers | Utah Jazz,https://www.basketball-reference.com/players/m/martike04.html
mcleoke01,Keith McLeod,2003-04,2006-07,4,Minnesota Timberwolves | Utah Jazz | Golden State Warriors | Indiana Pacers,https://www.basketball-reference.com/players/m/mcleoke01.html
upshake01,Kelvin Upshaw,1988-89,1990-91,4,Miami Heat | Boston Celtics | Dallas Mavericks | Golden State Warriors,https://www.basketball-reference.com/players/u/upshake01.html
walkeke02,Kemba Walker,2011-12,2022-23,4,Charlotte Hornets | Boston Celtics | New York Knicks | Dallas Mavericks,https://www.basketball-reference.com/players/w/walkeke02.html
marshke01,Kendall Marshall,2012-13,2015-16,4,Phoenix Suns | Los Angeles Lakers | Milwaukee Bucks | Philadelphia 76ers,https://www.basketball-reference.com/players/m/marshke01.html
perkike01,Kendrick Perkins,2003-04,2017-18,4,Boston Celtics | Oklahoma City Thunder | Cleveland Cavaliers | New Orleans Pelicans,https://www.basketball-reference.com/players/p/perkike01.html
battlke01,Kenny Battle,1989-90,1992-93,4,Phoenix Suns | Denver Nuggets | Boston Celtics | Golden State Warriors,https://www.basketball-reference.com/players/b/battlke01.html
carrke01,Kenny Carr,1979-80,1986-87,4,Los Angeles Lakers | Cleveland Cavaliers | Detroit Pistons | Portland Trail Blazers,https://www.basketball-reference.com/players/c/carrke01.html
bensoke01,Kent Benson,1979-80,1987-88,4,Milwaukee Bucks | Detroit Pistons | Utah Jazz | Cleveland Cavaliers,https://www.basketball-reference.com/players/b/bensoke01.html
clarkke01,Keon Clark,1998-99,2003-04,4,Denver Nuggets | Toronto Raptors | Sacramento Kings | Utah Jazz,https://www.basketball-reference.com/players/c/clarkke01.html
edwarke01,Kevin Edwards,1988-89,2000-01,4,Miami Heat | Brooklyn Nets | Orlando Magic | Memphis Grizzlies,https://www.basketball-reference.com/players/e/edwarke01.html
gamblke01,Kevin Gamble,1987-88,1996-97,4,Portland Trail Blazers | Boston Celtics | Miami Heat | Sacramento Kings,https://www.basketball-reference.com/players/g/gamblke01.html
huertke01,Kevin Huerter,2018-19,2025-26,4,Atlanta Hawks | Sacramento Kings | Chicago Bulls | Detroit Pistons,https://www.basketball-reference.com/players/h/huertke01.html
loveke01,Kevin Love,2008-09,2025-26,4,Minnesota Timberwolves | Cleveland Cavaliers | Miami Heat | Utah Jazz,https://www.basketball-reference.com/players/l/loveke01.html
mckenke01,Kevin McKenna,1981-82,1987-88,4,Los Angeles Lakers | Indiana Pacers | Brooklyn Nets | Washington Wizards,https://www.basketball-reference.com/players/m/mckenke01.html
porteke02,Kevin Porter Jr.,2019-20,2025-26,4,Cleveland Cavaliers | Houston Rockets | LA Clippers | Milwaukee Bucks,https://www.basketball-reference.com/players/p/porteke02.html
middlkh01,Khris Middleton,2012-13,2025-26,4,Detroit Pistons | Milwaukee Bucks | Washington Wizards | Dallas Mavericks,https://www.basketball-reference.com/players/m/middlkh01.html
vandeki01,Kiki Vandeweghe,1980-81,1992-93,4,Denver Nuggets | Portland Trail Blazers | New York Knicks | LA Clippers,https://www.basketball-reference.com/players/v/vandeki01.html
snydeki01,Kirk Snyder,2004-05,2007-08,4,Utah Jazz | New Orleans Pelicans | Houston Rockets | Minnesota Timberwolves,https://www.basketball-reference.com/players/s/snydeki01.html
simmoko01,Kobi Simmons,2017-18,2023-24,4,Memphis Grizzlies | Cleveland Cavaliers | Charlotte Hornets | Toronto Raptors,https://www.basketball-reference.com/players/s/simmoko01.html
davidko01,Kornél Dávid,1998-99,2000-01,4,Chicago Bulls | Cleveland Cavaliers | Toronto Raptors | Detroit Pistons,https://www.basketball-reference.com/players/d/davidko01.html
rambiku01,Kurt Rambis,1981-82,1994-95,4,Los Angeles Lakers | Charlotte Hornets | Phoenix Suns | Sacramento Kings,https://www.basketball-reference.com/players/r/rambiku01.html
oquinky01,Kyle O'Quinn,2012-13,2019-20,4,Orlando Magic | New York Knicks | Indiana Pacers | Philadelphia 76ers,https://www.basketball-reference.com/players/o/oquinky01.html
irvinky01,Kyrie Irving,2011-12,2024-25,4,Cleveland Cavaliers | Boston Celtics | Brooklyn Nets | Dallas Mavericks,https://www.basketball-reference.com/players/i/irvinky01.html
ellisla01,LaPhonso Ellis,1992-93,2002-03,4,Denver Nuggets | Atlanta Hawks | Minnesota Timberwolves | Miami Heat,https://www.basketball-reference.com/players/e/ellisla01.html
thompla01,LaSalle Thompson,1982-83,1996-97,4,Sacramento Kings | Indiana Pacers | Philadelphia 76ers | Denver Nuggets,https://www.basketball-reference.com/players/t/thompla01.html
odomla01,Lamar Odom,1999-00,2012-13,4,LA Clippers | Miami Heat | Los Angeles Lakers | Dallas Mavericks,https://www.basketball-reference.com/players/o/odomla01.html
murrala01,Lamond Murray,1994-95,2005-06,4,LA Clippers | Cleveland Cavaliers | Toronto Raptors | Brooklyn Nets,https://www.basketball-reference.com/players/m/murrala01.html
thomala01,Lance Thomas,2011-12,2019-20,4,New Orleans Pelicans | Oklahoma City Thunder | New York Knicks | Brooklyn Nets,https://www.basketball-reference.com/players/t/thomala01.html
drewla01,Larry Drew,1980-81,1990-91,4,Detroit Pistons | Sacramento Kings | LA Clippers | Los Angeles Lakers,https://www.basketball-reference.com/players/d/drewla01.html
kenonla01,Larry Kenon,1979-80,1982-83,4,San Antonio Spurs | Chicago Bulls | Golden State Warriors | Cleveland Cavaliers,https://www.basketball-reference.com/players/k/kenonla01.html
elmorle01,Len Elmore,1979-80,1983-84,4,Sacramento Kings | Milwaukee Bucks | Brooklyn Nets | New York Knicks,https://www.basketball-reference.com/players/e/elmorle01.html
waterli01,Lindy Waters III,2021-22,2025-26,4,Oklahoma City Thunder | Golden State Warriors | Detroit Pistons | San Antonio Spurs,https://www.basketball-reference.com/players/w/waterli01.html
towneli01,Linton Townes,1982-83,1984-85,4,Portland Trail Blazers | Milwaukee Bucks | LA Clippers | San Antonio Spurs,https://www.basketball-reference.com/players/t/towneli01.html
greenli01,Litterial Green,1992-93,1998-99,4,Orlando Magic | Detroit Pistons | Milwaukee Bucks | Cleveland Cavaliers,https://www.basketball-reference.com/players/g/greenli01.html
walkelo01,Lonnie Walker IV,2018-19,2024-25,4,San Antonio Spurs | Los Angeles Lakers | Brooklyn Nets | Philadelphia 76ers,https://www.basketball-reference.com/players/w/walkelo01.html
balllo01,Lonzo Ball,2017-18,2025-26,4,Los Angeles Lakers | New Orleans Pelicans | Chicago Bulls | Cleveland Cavaliers,https://www.basketball-reference.com/players/b/balllo01.html
woodslo01,Loren Woods,2001-02,2007-08,4,Minnesota Timberwolves | Miami Heat | Toronto Raptors | Houston Rockets,https://www.basketball-reference.com/players/w/woodslo01.html
brownlo01,Lorenzo Brown,2013-14,2018-19,4,Philadelphia 76ers | Minnesota Timberwolves | Phoenix Suns | Toronto Raptors,https://www.basketball-reference.com/players/b/brownlo01.html
vaughlo01,Loy Vaught,1990-91,2000-01,4,LA Clippers | Detroit Pistons | Dallas Mavericks | Washington Wizards,https://www.basketball-reference.com/players/v/vaughlo01.html
longllu01,Luc Longley,1991-92,2000-01,4,Minnesota Timberwolves | Chicago Bulls | Phoenix Suns | New York Knicks,https://www.basketball-reference.com/players/l/longllu01.html
harrilu01,Lucious Harris,1993-94,2004-05,4,Dallas Mavericks | Philadelphia 76ers | Brooklyn Nets | Cleveland Cavaliers,https://www.basketball-reference.com/players/h/harrilu01.html
babbilu01,Luke Babbitt,2010-11,2017-18,4,Portland Trail Blazers | New Orleans Pelicans | Miami Heat | Atlanta Hawks,https://www.basketball-reference.com/players/b/babbilu01.html
jackslu02,Luke Jackson,2004-05,2007-08,4,Cleveland Cavaliers | LA Clippers | Toronto Raptors | Miami Heat,https://www.basketball-reference.com/players/j/jackslu02.html
headlu01,Luther Head,2005-06,2010-11,4,Houston Rockets | Miami Heat | Indiana Pacers | Sacramento Kings,https://www.basketball-reference.com/players/h/headlu01.html
flynnma01,Malachi Flynn,2020-21,2024-25,4,Toronto Raptors | New York Knicks | Detroit Pistons | Charlotte Hornets,https://www.basketball-reference.com/players/f/flynnma01.html
rosema01,Malik Rose,1996-97,2008-09,4,Charlotte Hornets | San Antonio Spurs | New York Knicks | Oklahoma City Thunder,https://www.basketball-reference.com/players/r/rosema01.html
sealyma01,Malik Sealy,1992-93,1999-00,4,Indiana Pacers | LA Clippers | Detroit Pistons | Minnesota Timberwolves,https://www.basketball-reference.com/players/s/sealyma01.html
ndiayma02,Mamadou N'Diaye,2000-01,2004-05,4,Toronto Raptors | Dallas Mavericks | Atlanta Hawks | LA Clippers,https://www.basketball-reference.com/players/n/ndiayma02.html
bolma01,Manute Bol,1985-86,1994-95,4,Washington Wizards | Golden State Warriors | Philadelphia 76ers | Miami Heat,https://www.basketball-reference.com/players/b/bolma01.html
beaucma01,MarJon Beauchamp,2022-23,2025-26,4,Milwaukee Bucks | LA Clippers | New York Knicks | Philadelphia 76ers,https://www.basketball-reference.com/players/b/beaucma01.html
gortama01,Marcin Gortat,2007-08,2018-19,4,Orlando Magic | Phoenix Suns | Washington Wizards | LA Clippers,https://www.basketball-reference.com/players/g/gortama01.html
smartma01,Marcus Smart,2014-15,2025-26,4,Boston Celtics | Memphis Grizzlies | Washington Wizards | Los Angeles Lakers,https://www.basketball-reference.com/players/s/smartma01.html
bennema01,Mario Bennett,1995-96,1999-00,4,Phoenix Suns | Los Angeles Lakers | Chicago Bulls | LA Clippers,https://www.basketball-reference.com/players/b/bennema01.html
acresma01,Mark Acres,1987-88,1992-93,4,Boston Celtics | Orlando Magic | Houston Rockets | Washington Wizards,https://www.basketball-reference.com/players/a/acresma01.html
blounma01,Mark Blount,2000-01,2008-09,4,Boston Celtics | Denver Nuggets | Minnesota Timberwolves | Miami Heat,https://www.basketball-reference.com/players/b/blounma01.html
davisma02,Mark Davis,1995-96,1999-00,4,Minnesota Timberwolves | Philadelphia 76ers | Miami Heat | Golden State Warriors,https://www.basketball-reference.com/players/d/davisma02.html
hendrma01,Mark Hendrickson,1996-97,1999-00,4,Philadelphia 76ers | Sacramento Kings | Brooklyn Nets | Cleveland Cavaliers,https://www.basketball-reference.com/players/h/hendrma01.html
pricema01,Mark Price,1986-87,1997-98,4,Cleveland Cavaliers | Washington Wizards | Golden State Warriors | Orlando Magic,https://www.basketball-reference.com/players/p/pricema01.html
randama01,Mark Randall,1991-92,1994-95,4,Chicago Bulls | Minnesota Timberwolves | Detroit Pistons | Denver Nuggets,https://www.basketball-reference.com/players/r/randama01.html
fultzma01,Markelle Fultz,2017-18,2025-26,4,Philadelphia 76ers | Orlando Magic | Sacramento Kings | Toronto Raptors,https://www.basketball-reference.com/players/f/fultzma01.html
daniema01,Marquis Daniels,2003-04,2012-13,4,Dallas Mavericks | Indiana Pacers | Boston Celtics | Milwaukee Bucks,https://www.basketball-reference.com/players/d/daniema01.html
willima02,Marvin Williams,2005-06,2019-20,4,Atlanta Hawks | Utah Jazz | Charlotte Hornets | Milwaukee Bucks,https://www.basketball-reference.com/players/w/willima02.html
jonesma05,Mason Jones,2020-21,2024-25,4,Houston Rockets | Philadelphia 76ers | Los Angeles Lakers | Sacramento Kings,https://www.basketball-reference.com/players/j/jonesma05.html
cleavma01,Mateen Cleaves,2000-01,2005-06,4,Detroit Pistons | Sacramento Kings | Cleveland Cavaliers | Oklahoma City Thunder,https://www.basketball-reference.com/players/c/cleavma01.html
carroma01,Matt Carroll,2003-04,2012-13,4,Portland Trail Blazers | San Antonio Spurs | Charlotte Hornets | Dallas Mavericks,https://www.basketball-reference.com/players/c/carroma01.html
harprma01,Matt Harpring,1998-99,2008-09,4,Orlando Magic | Cleveland Cavaliers | Philadelphia 76ers | Utah Jazz,https://www.basketball-reference.com/players/h/harprma01.html
tayloma01,Maurice Taylor,1997-98,2006-07,4,LA Clippers | Houston Rockets | New York Knicks | Sacramento Kings,https://www.basketball-reference.com/players/t/tayloma01.html
adamsmi01,Michael Adams,1985-86,1995-96,4,Sacramento Kings | Washington Wizards | Denver Nuggets | Charlotte Hornets,https://www.basketball-reference.com/players/a/adamsmi01.html
finlemi01,Michael Finley,1995-96,2009-10,4,Phoenix Suns | Dallas Mavericks | San Antonio Spurs | Boston Celtics,https://www.basketball-reference.com/players/f/finlemi01.html
hawkimi01,Michael Hawkins,1996-97,2000-01,4,Boston Celtics | Sacramento Kings | Charlotte Hornets | Cleveland Cavaliers,https://www.basketball-reference.com/players/h/hawkimi01.html
holtomi01,Michael Holton,1984-85,1989-90,4,Phoenix Suns | Chicago Bulls | Portland Trail Blazers | Charlotte Hornets,https://www.basketball-reference.com/players/h/holtomi01.html
wilsomi01,Michael Wilson,1983-84,1986-87,4,Washington Wizards | Cleveland Cavaliers | Brooklyn Nets | Atlanta Hawks,https://www.basketball-reference.com/players/w/wilsomi01.html
johnsmi01,Mickey Johnson,1979-80,1985-86,4,Indiana Pacers | Milwaukee Bucks | Brooklyn Nets | Golden State Warriors,https://www.basketball-reference.com/players/j/johnsmi01.html
evansmi01,Mike Evans,1979-80,1987-88,4,San Antonio Spurs | Milwaukee Bucks | Cleveland Cavaliers | Denver Nuggets,https://www.basketball-reference.com/players/e/evansmi01.html
gminsmi01,Mike Gminski,1980-81,1993-94,4,Brooklyn Nets | Philadelphia 76ers | Charlotte Hornets | Milwaukee Bucks,https://www.basketball-reference.com/players/g/gminsmi01.html
peplomi01,Mike Peplowski,1993-94,1995-96,4,Sacramento Kings | Detroit Pistons | Washington Wizards | Milwaukee Bucks,https://www.basketball-reference.com/players/p/peplomi01.html
sandemi01,Mike Sanders,1982-83,1992-93,4,San Antonio Spurs | Phoenix Suns | Cleveland Cavaliers | Indiana Pacers,https://www.basketball-reference.com/players/s/sandemi01.html
scottmi01,Mike Scott,2012-13,2020-21,4,Atlanta Hawks | Washington Wizards | LA Clippers | Philadelphia 76ers,https://www.basketball-reference.com/players/s/scottmi01.html
richmmi01,Mitch Richmond,1988-89,2001-02,4,Golden State Warriors | Sacramento Kings | Washington Wizards | Los Angeles Lakers,https://www.basketball-reference.com/players/r/richmmi01.html
ellismo01,Monta Ellis,2005-06,2016-17,4,Golden State Warriors | Milwaukee Bucks | Dallas Mavericks | Indiana Pacers,https://www.basketball-reference.com/players/e/ellismo01.html
wagnemo01,Moritz Wagner,2018-19,2025-26,4,Los Angeles Lakers | Washington Wizards | Boston Celtics | Orlando Magic,https://www.basketball-reference.com/players/w/wagnemo01.html
boguemu01,Muggsy Bogues,1987-88,2000-01,4,Washington Wizards | Charlotte Hornets | Golden State Warriors | Toronto Raptors,https://www.basketball-reference.com/players/b/boguemu01.html
bjeline01,Nemanja Bjelica,2015-16,2021-22,4,Minnesota Timberwolves | Sacramento Kings | Miami Heat | Golden State Warriors,https://www.basketball-reference.com/players/b/bjeline01.html
alexani01,Nickeil Alexander-Walker,2019-20,2025-26,4,New Orleans Pelicans | Utah Jazz | Minnesota Timberwolves | Atlanta Hawks,https://www.basketball-reference.com/players/a/alexani01.html
batumni01,Nicolas Batum,2008-09,2025-26,4,Portland Trail Blazers | Charlotte Hornets | LA Clippers | Philadelphia 76ers,https://www.basketball-reference.com/players/b/batumni01.html
hayesni01,Nigel Hayes-Davis,2017-18,2025-26,4,Los Angeles Lakers | Toronto Raptors | Sacramento Kings | Phoenix Suns,https://www.basketball-reference.com/players/h/hayesni01.html
vucevni01,Nikola Vučević,2011-12,2025-26,4,Philadelphia 76ers | Orlando Magic | Chicago Bulls | Boston Celtics,https://www.basketball-reference.com/players/v/vucevni01.html
tskitni01,Nikoloz Tskitishvili,2002-03,2005-06,4,Denver Nuggets | Golden State Warriors | Minnesota Timberwolves | Phoenix Suns,https://www.basketball-reference.com/players/t/tskitni01.html
powelno01,Norman Powell,2015-16,2025-26,4,Toronto Raptors | Portland Trail Blazers | LA Clippers | Miami Heat,https://www.basketball-reference.com/players/p/powelno01.html
greenor01,Orien Greene,2005-06,2010-11,4,Boston Celtics | Indiana Pacers | Sacramento Kings | Brooklyn Nets,https://www.basketball-reference.com/players/g/greenor01.html
johnsor01,Orlando Johnson,2012-13,2015-16,4,Indiana Pacers | Sacramento Kings | Phoenix Suns | New Orleans Pelicans,https://www.basketball-reference.com/players/j/johnsor01.html
robinor01,Orlando Robinson,2022-23,2025-26,4,Miami Heat | Sacramento Kings | Toronto Raptors | Orlando Magic,https://www.basketball-reference.com/players/r/robinor01.html
brissos01,Oshae Brissett,2019-20,2024-25,4,Toronto Raptors | Indiana Pacers | Boston Celtics | Philadelphia 76ers,https://www.basketball-reference.com/players/b/brissos01.html
jeffeot01,Othyus Jeffers,2009-10,2013-14,4,Utah Jazz | San Antonio Spurs | Washington Wizards | Minnesota Timberwolves,https://www.basketball-reference.com/players/j/jeffeot01.html
georgpa01,Paul George,2010-11,2025-26,4,Indiana Pacers | Oklahoma City Thunder | LA Clippers | Philadelphia 76ers,https://www.basketball-reference.com/players/g/georgpa01.html
piercpa01,Paul Pierce,1998-99,2016-17,4,Boston Celtics | Brooklyn Nets | Washington Wizards | LA Clippers,https://www.basketball-reference.com/players/p/piercpa01.html
ellispe01,Pervis Ellison,1989-90,2000-01,4,Sacramento Kings | Washington Wizards | Boston Celtics | Oklahoma City Thunder,https://www.basketball-reference.com/players/e/ellispe01.html
verhope01,Pete Verhoeven,1981-82,1986-87,4,Portland Trail Blazers | Sacramento Kings | Golden State Warriors | Indiana Pacers,https://www.basketball-reference.com/players/v/verhope01.html
fordph01,Phil Ford,1979-80,1984-85,4,Sacramento Kings | Brooklyn Nets | Milwaukee Bucks | Houston Rockets,https://www.basketball-reference.com/players/f/fordph01.html
achiupr01,Precious Achiuwa,2020-21,2025-26,4,Miami Heat | Toronto Raptors | New York Knicks | Sacramento Kings,https://www.basketball-reference.com/players/a/achiupr01.html
grimequ01,Quentin Grimes,2021-22,2025-26,4,New York Knicks | Detroit Pistons | Dallas Mavericks | Philadelphia 76ers,https://www.basketball-reference.com/players/g/grimequ01.html
pondequ01,Quincy Pondexter,2010-11,2018-19,4,New Orleans Pelicans | Memphis Grizzlies | Chicago Bulls | San Antonio Spurs,https://www.basketball-reference.com/players/p/pondequ01.html
hamptrj01,R.J. Hampton,2020-21,2023-24,4,Denver Nuggets | Orlando Magic | Detroit Pistons | Miami Heat,https://www.basketball-reference.com/players/h/hamptrj01.html
lafrera01,Raef LaFrentz,1998-99,2007-08,4,Denver Nuggets | Dallas Mavericks | Boston Celtics | Portland Trail Blazers,https://www.basketball-reference.com/players/l/lafrera01.html
addisra01,Rafael Addison,1986-87,1996-97,4,Phoenix Suns | Brooklyn Nets | Detroit Pistons | Charlotte Hornets,https://www.basketball-reference.com/players/a/addisra01.html
sampsra01,Ralph Sampson,1983-84,1991-92,4,Houston Rockets | Golden State Warriors | Sacramento Kings | Washington Wizards,https://www.basketball-reference.com/players/s/sampsra01.html
keysra01,Randolph Keys,1988-89,1995-96,4,Cleveland Cavaliers | Charlotte Hornets | Los Angeles Lakers | Milwaukee Bucks,https://www.basketball-reference.com/players/k/keysra01.html
breuera01,Randy Breuer,1983-84,1993-94,4,Milwaukee Bucks | Minnesota Timberwolves | Atlanta Hawks | Sacramento Kings,https://www.basketball-reference.com/players/b/breuera01.html
brownra02,Randy Brown,1991-92,2002-03,4,Sacramento Kings | Chicago Bulls | Boston Celtics | Phoenix Suns,https://www.basketball-reference.com/players/b/brownra02.html
smithra01,Randy Smith,1979-80,1982-83,4,Cleveland Cavaliers | New York Knicks | LA Clippers | Atlanta Hawks,https://www.basketball-reference.com/players/s/smithra01.html
lewisra02,Rashard Lewis,1998-99,2013-14,4,Oklahoma City Thunder | Orlando Magic | Washington Wizards | Miami Heat,https://www.basketball-reference.com/players/l/lewisra02.html
nestera01,Rasho Nesterović,1998-99,2009-10,4,Minnesota Timberwolves | San Antonio Spurs | Toronto Raptors | Indiana Pacers,https://www.basketball-reference.com/players/n/nestera01.html
netora01,Raul Neto,2015-16,2022-23,4,Utah Jazz | Philadelphia 76ers | Washington Wizards | Cleveland Cavaliers,https://www.basketball-reference.com/players/n/netora01.html
allenra02,Ray Allen,1996-97,2013-14,4,Milwaukee Bucks | Oklahoma City Thunder | Boston Celtics | Miami Heat,https://www.basketball-reference.com/players/a/allenra02.html
tuckera01,Rayjon Tucker,2019-20,2021-22,4,Utah Jazz | Philadelphia 76ers | Denver Nuggets | Milwaukee Bucks,https://www.basketball-reference.com/players/t/tuckera01.html
chapmre01,Rex Chapman,1988-89,1999-00,4,Charlotte Hornets | Washington Wizards | Miami Heat | Phoenix Suns,https://www.basketball-reference.com/players/c/chapmre01.html
mahorri01,Rick Mahorn,1980-81,1998-99,4,Washington Wizards | Detroit Pistons | Philadelphia 76ers | Brooklyn Nets,https://www.basketball-reference.com/players/m/mahorri01.html
rubiori01,Ricky Rubio,2011-12,2022-23,4,Minnesota Timberwolves | Utah Jazz | Phoenix Suns | Cleveland Cavaliers,https://www.basketball-reference.com/players/r/rubiori01.html
archiro01,Robert Archibald,2002-03,2003-04,4,Memphis Grizzlies | Phoenix Suns | Orlando Magic | Toronto Raptors,https://www.basketball-reference.com/players/a/archiro01.html
horryro01,Robert Horry,1992-93,2007-08,4,Houston Rockets | Phoenix Suns | Los Angeles Lakers | San Antonio Spurs,https://www.basketball-reference.com/players/h/horryro01.html
parisro01,Robert Parish,1979-80,1996-97,4,Golden State Warriors | Boston Celtics | Charlotte Hornets | Chicago Bulls,https://www.basketball-reference.com/players/p/parisro01.html
reidro01,Robert Reid,1979-80,1990-91,4,Houston Rockets | Charlotte Hornets | Portland Trail Blazers | Philadelphia 76ers,https://www.basketball-reference.com/players/r/reidro01.html
traylro01,Robert Traylor,1998-99,2004-05,4,Milwaukee Bucks | Cleveland Cavaliers | Charlotte Hornets | New Orleans Pelicans,https://www.basketball-reference.com/players/t/traylro01.html
carnero01,Rodney Carney,2006-07,2010-11,4,Philadelphia 76ers | Minnesota Timberwolves | Golden State Warriors | Memphis Grizzlies,https://www.basketball-reference.com/players/c/carnero01.html
mccraro01,Rodney McCray,1983-84,1992-93,4,Houston Rockets | Sacramento Kings | Dallas Mavericks | Chicago Bulls,https://www.basketball-reference.com/players/m/mccraro01.html
harpero01,Ron Harper,1986-87,2000-01,4,Cleveland Cavaliers | LA Clippers | Chicago Bulls | Los Angeles Lakers,https://www.basketball-reference.com/players/h/harpero01.html
seikaro01,Rony Seikaly,1988-89,1998-99,4,Miami Heat | Golden State Warriors | Orlando Magic | Brooklyn Nets,https://www.basketball-reference.com/players/s/seikaro01.html
hibbero01,Roy Hibbert,2008-09,2016-17,4,Indiana Pacers | Los Angeles Lakers | Charlotte Hornets | Denver Nuggets,https://www.basketball-reference.com/players/h/hibbero01.html
rogerro02,Roy Rogers,1996-97,1999-00,4,Memphis Grizzlies | Boston Celtics | Toronto Raptors | Denver Nuggets,https://www.basketball-reference.com/players/r/rogerro02.html
iveyro01,Royal Ivey,2004-05,2013-14,4,Atlanta Hawks | Milwaukee Bucks | Philadelphia 76ers | Oklahoma City Thunder,https://www.basketball-reference.com/players/i/iveyro01.html
bowenry01,Ryan Bowen,1999-00,2009-10,4,Denver Nuggets | Houston Rockets | New Orleans Pelicans | Oklahoma City Thunder,https://www.basketball-reference.com/players/b/bowenry01.html
gomesry01,Ryan Gomes,2005-06,2013-14,4,Boston Celtics | Minnesota Timberwolves | LA Clippers | Oklahoma City Thunder,https://www.basketball-reference.com/players/g/gomesry01.html
perkisa01,Sam Perkins,1984-85,2000-01,4,Dallas Mavericks | Los Angeles Lakers | Oklahoma City Thunder | Indiana Pacers,https://www.basketball-reference.com/players/p/perkisa01.html
vincesa01,Sam Vincent,1985-86,1991-92,4,Boston Celtics | Oklahoma City Thunder | Chicago Bulls | Orlando Magic,https://www.basketball-reference.com/players/v/vincesa01.html
vujacsa01,Sasha Vujačić,2004-05,2016-17,4,Los Angeles Lakers | Brooklyn Nets | LA Clippers | New York Knicks,https://www.basketball-reference.com/players/v/vujacsa01.html
burresc01,Scott Burrell,1993-94,2000-01,4,Charlotte Hornets | Golden State Warriors | Chicago Bulls | Brooklyn Nets,https://www.basketball-reference.com/players/b/burresc01.html
padgesc01,Scott Padgett,1999-00,2006-07,4,Utah Jazz | Houston Rockets | Brooklyn Nets | Memphis Grizzlies,https://www.basketball-reference.com/players/p/padgesc01.html
rodrise01,Sergio Rodríguez,2006-07,2016-17,4,Portland Trail Blazers | Sacramento Kings | New York Knicks | Philadelphia 76ers,https://www.basketball-reference.com/players/r/rodrise01.html
andersh01,Shandon Anderson,1996-97,2005-06,4,Utah Jazz | Houston Rockets | New York Knicks | Miami Heat,https://www.basketball-reference.com/players/a/andersh01.html
larkish01,Shane Larkin,2013-14,2017-18,4,Dallas Mavericks | New York Knicks | Brooklyn Nets | Boston Celtics,https://www.basketball-reference.com/players/l/larkish01.html
abdursh01,Shareef Abdur-Rahim,1996-97,2007-08,4,Memphis Grizzlies | Atlanta Hawks | Portland Trail Blazers | Sacramento Kings,https://www.basketball-reference.com/players/a/abdursh01.html
kempsh01,Shawn Kemp,1989-90,2002-03,4,Oklahoma City Thunder | Cleveland Cavaliers | Portland Trail Blazers | Orlando Magic,https://www.basketball-reference.com/players/k/kempsh01.html
respesh01,Shawn Respert,1995-96,1998-99,4,Milwaukee Bucks | Toronto Raptors | Dallas Mavericks | Phoenix Suns,https://www.basketball-reference.com/players/r/respesh01.html
floydsl01,Sleepy Floyd,1982-83,1994-95,4,Brooklyn Nets | Golden State Warriors | Houston Rockets | San Antonio Spurs,https://www.basketball-reference.com/players/f/floydsl01.html
weemsso01,Sonny Weems,2008-09,2015-16,4,Denver Nuggets | Toronto Raptors | Phoenix Suns | Philadelphia 76ers,https://www.basketball-reference.com/players/w/weemsso01.html
webbsp01,Spud Webb,1985-86,1997-98,4,Atlanta Hawks | Sacramento Kings | Minnesota Timberwolves | Orlando Magic,https://www.basketball-reference.com/players/w/webbsp01.html
brownst02,Sterling Brown,2017-18,2022-23,4,Milwaukee Bucks | Houston Rockets | Dallas Mavericks | Los Angeles Lakers,https://www.basketball-reference.com/players/b/brownst02.html
burttst01,Steve Burtt,1984-85,1992-93,4,Golden State Warriors | LA Clippers | Phoenix Suns | Washington Wizards,https://www.basketball-reference.com/players/b/burttst01.html
harrist01,Steve Harris,1985-86,1989-90,4,Houston Rockets | Golden State Warriors | Detroit Pistons | LA Clippers,https://www.basketball-reference.com/players/h/harrist01.html
schefst01,Steve Scheffler,1990-91,1996-97,4,Charlotte Hornets | Sacramento Kings | Denver Nuggets | Oklahoma City Thunder,https://www.basketball-reference.com/players/s/schefst01.html
adamsst01,Steven Adams,2013-14,2025-26,4,Oklahoma City Thunder | New Orleans Pelicans | Memphis Grizzlies | Houston Rockets,https://www.basketball-reference.com/players/a/adamsst01.html
swiftst01,Stromile Swift,2000-01,2008-09,4,Memphis Grizzlies | Houston Rockets | Brooklyn Nets | Phoenix Suns,https://www.basketball-reference.com/players/s/swiftst01.html
gainesu01,Sundiata Gaines,2009-10,2011-12,4,Utah Jazz | Minnesota Timberwolves | Toronto Raptors | Brooklyn Nets,https://www.basketball-reference.com/players/g/gainesu01.html
fordtj01,T.J. Ford,2003-04,2011-12,4,Milwaukee Bucks | Toronto Raptors | Indiana Pacers | San Antonio Spurs,https://www.basketball-reference.com/players/f/fordtj01.html
warretj01,T.J. Warren,2014-15,2023-24,4,Phoenix Suns | Indiana Pacers | Brooklyn Nets | Minnesota Timberwolves,https://www.basketball-reference.com/players/w/warretj01.html
abdulta01,Tariq Abdul-Wahad,1997-98,2002-03,4,Sacramento Kings | Orlando Magic | Denver Nuggets | Dallas Mavericks,https://www.basketball-reference.com/players/a/abdulta01.html
princta01,Tayshaun Prince,2002-03,2015-16,4,Detroit Pistons | Memphis Grizzlies | Boston Celtics | Minnesota Timberwolves,https://www.basketball-reference.com/players/p/princta01.html
willite01,Terrence Williams,2009-10,2012-13,4,Brooklyn Nets | Houston Rockets | Sacramento Kings | Boston Celtics,https://www.basketball-reference.com/players/w/willite01.html
daviste01,Terry Davis,1989-90,2000-01,4,Miami Heat | Dallas Mavericks | Washington Wizards | Denver Nuggets,https://www.basketball-reference.com/players/d/daviste01.html
duerote01,Terry Duerod,1979-80,1982-83,4,Detroit Pistons | Dallas Mavericks | Boston Celtics | Golden State Warriors,https://www.basketball-reference.com/players/d/duerote01.html
portete01,Terry Porter,1985-86,2001-02,4,Portland Trail Blazers | Minnesota Timberwolves | Miami Heat | San Antonio Spurs,https://www.basketball-reference.com/players/p/portete01.html
teaglte01,Terry Teagle,1982-83,1992-93,4,Houston Rockets | Detroit Pistons | Golden State Warriors | Los Angeles Lakers,https://www.basketball-reference.com/players/t/teaglte01.html
brownti01,Tierre Brown,2001-02,2004-05,4,Houston Rockets | Cleveland Cavaliers | New Orleans Pelicans | Los Angeles Lakers,https://www.basketball-reference.com/players/b/brownti01.html
murphto01,Tod Murphy,1987-88,1993-94,4,LA Clippers | Minnesota Timberwolves | Detroit Pistons | Golden State Warriors,https://www.basketball-reference.com/players/m/murphto01.html
fulleto02,Todd Fuller,1996-97,2000-01,4,Golden State Warriors | Utah Jazz | Charlotte Hornets | Miami Heat,https://www.basketball-reference.com/players/f/fulleto02.html
lichtto01,Todd Lichti,1989-90,1993-94,4,Denver Nuggets | Orlando Magic | Golden State Warriors | Boston Celtics,https://www.basketball-reference.com/players/l/lichtto01.html
garrito01,Tom Garrick,1988-89,1991-92,4,LA Clippers | San Antonio Spurs | Minnesota Timberwolves | Dallas Mavericks,https://www.basketball-reference.com/players/g/garrito01.html
hammoto01,Tom Hammonds,1989-90,2000-01,4,Washington Wizards | Charlotte Hornets | Denver Nuggets | Minnesota Timberwolves,https://www.basketball-reference.com/players/h/hammoto01.html
tolbeto01,Tom Tolbert,1988-89,1994-95,4,Charlotte Hornets | Golden State Warriors | Orlando Magic | LA Clippers,https://www.basketball-reference.com/players/t/tolbeto01.html
satorto01,Tomáš Satoranský,2016-17,2021-22,4,Washington Wizards | Chicago Bulls | New Orleans Pelicans | San Antonio Spurs,https://www.basketball-reference.com/players/s/satorto01.html
kukocto01,Toni Kukoč,1993-94,2005-06,4,Chicago Bulls | Philadelphia 76ers | Atlanta Hawks | Milwaukee Bucks,https://www.basketball-reference.com/players/k/kukocto01.html
evbuoto01,Tosan Evbuomwan,2023-24,2025-26,4,Memphis Grizzlies | Detroit Pistons | Brooklyn Nets | New York Knicks,https://www.basketball-reference.com/players/e/evbuoto01.html
outlatr01,Travis Outlaw,2003-04,2013-14,4,Portland Trail Blazers | LA Clippers | Brooklyn Nets | Sacramento Kings,https://www.basketball-reference.com/players/o/outlatr01.html
hassetr01,Trenton Hassell,2001-02,2009-10,4,Chicago Bulls | Minnesota Timberwolves | Dallas Mavericks | Brooklyn Nets,https://www.basketball-reference.com/players/h/hassetr01.html
grahatr01,Treveon Graham,2016-17,2019-20,4,Charlotte Hornets | Brooklyn Nets | Minnesota Timberwolves | Atlanta Hawks,https://www.basketball-reference.com/players/g/grahatr01.html
wilsotr01,Trevor Wilson,1990-91,1995-96,4,Atlanta Hawks | Los Angeles Lakers | Sacramento Kings | Philadelphia 76ers,https://www.basketball-reference.com/players/w/wilsotr01.html
johnstr01,Trey Johnson,2008-09,2011-12,4,Cleveland Cavaliers | Toronto Raptors | Los Angeles Lakers | New Orleans Pelicans,https://www.basketball-reference.com/players/j/johnstr01.html
willitr02,Troy Williams,2016-17,2018-19,4,Memphis Grizzlies | Houston Rockets | New York Knicks | Sacramento Kings,https://www.basketball-reference.com/players/w/willitr02.html
lawsoty01,Ty Lawson,2009-10,2016-17,4,Denver Nuggets | Houston Rockets | Indiana Pacers | Sacramento Kings,https://www.basketball-reference.com/players/l/lawsoty01.html
washity02,TyTy Washington Jr.,2022-23,2025-26,4,Houston Rockets | Milwaukee Bucks | Phoenix Suns | LA Clippers,https://www.basketball-reference.com/players/w/washity02.html
ennisty01,Tyler Ennis,2014-15,2017-18,4,Phoenix Suns | Milwaukee Bucks | Houston Rockets | Los Angeles Lakers,https://www.basketball-reference.com/players/e/ennisty01.html
evansty01,Tyreke Evans,2009-10,2018-19,4,Sacramento Kings | New Orleans Pelicans | Memphis Grizzlies | Indiana Pacers,https://www.basketball-reference.com/players/e/evansty01.html
potapvi01,Vitaly Potapenko,1996-97,2006-07,4,Cleveland Cavaliers | Boston Celtics | Oklahoma City Thunder | Sacramento Kings,https://www.basketball-reference.com/players/p/potapvi01.html
stepavl01,Vladimir Stepania,1998-99,2003-04,4,Oklahoma City Thunder | Brooklyn Nets | Miami Heat | Portland Trail Blazers,https://www.basketball-reference.com/players/s/stepavl01.html
lenarvo01,Voshon Lenard,1995-96,2005-06,4,Miami Heat | Denver Nuggets | Toronto Raptors | Portland Trail Blazers,https://www.basketball-reference.com/players/l/lenarvo01.html
szczewa02,Wally Szczerbiak,1999-00,2008-09,4,Minnesota Timberwolves | Boston Celtics | Oklahoma City Thunder | Cleveland Cavaliers,https://www.basketball-reference.com/players/s/szczewa02.html
berrywa01,Walter Berry,1986-87,1988-89,4,Portland Trail Blazers | San Antonio Spurs | Brooklyn Nets | Houston Rockets,https://www.basketball-reference.com/players/b/berrywa01.html
mccarwa01,Walter McCarty,1996-97,2005-06,4,New York Knicks | Boston Celtics | Phoenix Suns | LA Clippers,https://www.basketball-reference.com/players/m/mccarwa01.html
seldewa01,Wayne Selden,2016-17,2021-22,4,New Orleans Pelicans | Memphis Grizzlies | Chicago Bulls | New York Knicks,https://www.basketball-reference.com/players/s/seldewa01.html
iwundwe01,Wes Iwundu,2017-18,2021-22,4,Orlando Magic | Dallas Mavericks | New Orleans Pelicans | Atlanta Hawks,https://www.basketball-reference.com/players/i/iwundwe01.html
bartowi01,Will Barton,2012-13,2022-23,4,Portland Trail Blazers | Denver Nuggets | Washington Wizards | Toronto Raptors,https://www.basketball-reference.com/players/b/bartowi01.html
conrowi01,Will Conroy,2006-07,2012-13,4,Memphis Grizzlies | LA Clippers | Houston Rockets | Minnesota Timberwolves,https://www.basketball-reference.com/players/c/conrowi01.html
cunniwi01,William Cunningham,1997-98,1998-99,4,Utah Jazz | Philadelphia 76ers | Toronto Raptors | Brooklyn Nets,https://www.basketball-reference.com/players/c/cunniwi01.html
anderwi01,Willie Anderson,1988-89,1996-97,4,San Antonio Spurs | Toronto Raptors | New York Knicks | Miami Heat,https://www.basketball-reference.com/players/a/anderwi01.html
caulewi01,Willie Cauley-Stein,2015-16,2021-22,4,Sacramento Kings | Golden State Warriors | Dallas Mavericks | Philadelphia 76ers,https://www.basketball-reference.com/players/c/caulewi01.html
reedwi02,Willie Reed,2015-16,2017-18,4,Brooklyn Nets | Miami Heat | LA Clippers | Detroit Pistons,https://www.basketball-reference.com/players/r/reedwi02.html
jianlyi01,Yi Jianlian,2007-08,2011-12,4,Milwaukee Bucks | Brooklyn Nets | Washington Wizards | Dallas Mavericks,https://www.basketball-reference.com/players/j/jianlyi01.html
watanyu01,Yuta Watanabe,2018-19,2023-24,4,Memphis Grizzlies | Toronto Raptors | Brooklyn Nets | Phoenix Suns,https://www.basketball-reference.com/players/w/watanyu01.html
marcisa01,Šarūnas Marčiulionis,1989-90,1996-97,4,Golden State Warriors | Oklahoma City Thunder | Sacramento Kings | Denver Nuggets,https://www.basketball-reference.com/players/m/marcisa01.html
tabakza01,Žan Tabak,1994-95,2000-01,4,Houston Rockets | Toronto Raptors | Boston Celtics | Indiana Pacers,https://www.basketball-reference.com/players/t/tabakza01.html
lawsoaj01,A.J. Lawson,2022-23,2025-26,3,Minnesota Timberwolves | Dallas Mavericks | Toronto Raptors,https://www.basketball-reference.com/players/l/lawsoaj01.html
johnsaj01,AJ Johnson,2024-25,2025-26,3,Milwaukee Bucks | Washington Wizards | Dallas Mavericks,https://www.basketball-reference.com/players/j/johnsaj01.html
naderab01,Abdel Nader,2017-18,2021-22,3,Boston Celtics | Oklahoma City Thunder | Phoenix Suns,https://www.basketball-reference.com/players/n/naderab01.html
earlac01,Acie Earl,1993-94,1996-97,3,Boston Celtics | Toronto Raptors | Milwaukee Bucks,https://www.basketball-reference.com/players/e/earlac01.html
keefead01,Adam Keefe,1992-93,2000-01,3,Atlanta Hawks | Utah Jazz | Golden State Warriors,https://www.basketball-reference.com/players/k/keefead01.html
foylead01,Adonal Foyle,1997-98,2008-09,3,Golden State Warriors | Orlando Magic | Memphis Grizzlies,https://www.basketball-reference.com/players/f/foylead01.html
paynead01,Adreian Payne,2014-15,2017-18,3,Atlanta Hawks | Minnesota Timberwolves | Orlando Magic,https://www.basketball-reference.com/players/p/paynead01.html
thornal01,Al Thornton,2007-08,2010-11,3,LA Clippers | Washington Wizards | Golden State Warriors,https://www.basketball-reference.com/players/t/thornal01.html
oggal01,Alan Ogg,1990-91,1992-93,3,Miami Heat | Milwaukee Bucks | Washington Wizards,https://www.basketball-reference.com/players/o/oggal01.html
carusal01,Alex Caruso,2017-18,2025-26,3,Los Angeles Lakers | Chicago Bulls | Oklahoma City Thunder,https://www.basketball-reference.com/players/c/carusal01.html
englial01,Alex English,1979-80,1990-91,3,Indiana Pacers | Denver Nuggets | Dallas Mavericks,https://www.basketball-reference.com/players/e/englial01.html
poythal01,Alex Poythress,2016-17,2018-19,3,Philadelphia 76ers | Indiana Pacers | Atlanta Hawks,https://www.basketball-reference.com/players/p/poythal01.html
mournal01,Alonzo Mourning,1992-93,2007-08,3,Charlotte Hornets | Miami Heat | Brooklyn Nets,https://www.basketball-reference.com/players/m/mournal01.html
willial02,Alvin Williams,1997-98,2006-07,3,Portland Trail Blazers | Toronto Raptors | LA Clippers,https://www.basketball-reference.com/players/w/willial02.html
coffeam01,Amir Coffey,2019-20,2025-26,3,LA Clippers | Milwaukee Bucks | Phoenix Suns,https://www.basketball-reference.com/players/c/coffeam01.html
brownan01,Andre Brown,2006-07,2008-09,3,Oklahoma City Thunder | Memphis Grizzlies | Charlotte Hornets,https://www.basketball-reference.com/players/b/brownan01.html
spencan01,Andre Spencer,1992-93,1993-94,3,Atlanta Hawks | Golden State Warriors | Sacramento Kings,https://www.basketball-reference.com/players/s/spencan01.html
bargnan01,Andrea Bargnani,2006-07,2015-16,3,Toronto Raptors | New York Knicks | Brooklyn Nets,https://www.basketball-reference.com/players/b/bargnan01.html
kirilan01,Andrei Kirilenko,2001-02,2014-15,3,Utah Jazz | Minnesota Timberwolves | Brooklyn Nets,https://www.basketball-reference.com/players/k/kirilan01.html
bynuman01,Andrew Bynum,2005-06,2013-14,3,Los Angeles Lakers | Cleveland Cavaliers | Indiana Pacers,https://www.basketball-reference.com/players/b/bynuman01.html
harrian01,Andrew Harrison,2016-17,2018-19,3,Memphis Grizzlies | Cleveland Cavaliers | New Orleans Pelicans,https://www.basketball-reference.com/players/h/harrian01.html
nichoan01,Andrew Nicholson,2012-13,2016-17,3,Orlando Magic | Washington Wizards | Brooklyn Nets,https://www.basketball-reference.com/players/n/nichoan01.html
wiggian01,Andrew Wiggins,2014-15,2025-26,3,Minnesota Timberwolves | Golden State Warriors | Miami Heat,https://www.basketball-reference.com/players/w/wiggian01.html
nocioan01,Andrés Nocioni,2004-05,2011-12,3,Chicago Bulls | Sacramento Kings | Philadelphia 76ers,https://www.basketball-reference.com/players/n/nocioan01.html
simonan01,Anfernee Simons,2018-19,2025-26,3,Portland Trail Blazers | Boston Celtics | Chicago Bulls,https://www.basketball-reference.com/players/s/simonan01.html
bonnean01,Anthony Bonner,1990-91,1995-96,3,Sacramento Kings | New York Knicks | Orlando Magic,https://www.basketball-reference.com/players/b/bonnean01.html
davisan02,Anthony Davis,2012-13,2025-26,3,New Orleans Pelicans | Los Angeles Lakers | Dallas Mavericks,https://www.basketball-reference.com/players/d/davisan02.html
fredean01,Anthony Frederick,1988-89,1991-92,3,Indiana Pacers | Sacramento Kings | Charlotte Hornets,https://www.basketball-reference.com/players/f/fredean01.html
lamban01,Anthony Lamb,2020-21,2022-23,3,Houston Rockets | San Antonio Spurs | Golden State Warriors,https://www.basketball-reference.com/players/l/lamban01.html
goodwar01,Archie Goodwin,2013-14,2016-17,3,Phoenix Suns | New Orleans Pelicans | Brooklyn Nets,https://www.basketball-reference.com/players/g/goodwar01.html
brookar01,Armoni Brooks,2020-21,2023-24,3,Houston Rockets | Toronto Raptors | Brooklyn Nets,https://www.basketball-reference.com/players/b/brookar01.html
gilmoar01,Artis Gilmore,1979-80,1987-88,3,Chicago Bulls | San Antonio Spurs | Boston Celtics,https://www.basketball-reference.com/players/g/gilmoar01.html
carrau01,Austin Carr,1979-80,1980-81,3,Cleveland Cavaliers | Dallas Mavericks | Washington Wizards,https://www.basketball-reference.com/players/c/carrau01.html
storeaw01,Awvee Storey,2004-05,2007-08,3,Brooklyn Nets | Washington Wizards | Milwaukee Bucks,https://www.basketball-reference.com/players/s/storeaw01.html
toupaax01,Axel Toupane,2015-16,2020-21,3,Denver Nuggets | Milwaukee Bucks | New Orleans Pelicans,https://www.basketball-reference.com/players/t/toupaax01.html
johnsbj01,B.J. Johnson,2018-19,2021-22,3,Atlanta Hawks | Sacramento Kings | Orlando Magic,https://www.basketball-reference.com/players/j/johnsbj01.html
poquebe01,Ben Poquette,1979-80,1986-87,3,Utah Jazz | Cleveland Cavaliers | Chicago Bulls,https://www.basketball-reference.com/players/p/poquebe01.html
simmobe01,Ben Simmons,2017-18,2024-25,3,Philadelphia 76ers | Brooklyn Nets | LA Clippers,https://www.basketball-reference.com/players/s/simmobe01.html
uzohbe01,Ben Uzoh,2010-11,2011-12,3,Brooklyn Nets | Cleveland Cavaliers | Toronto Raptors,https://www.basketball-reference.com/players/u/uzohbe01.html
thompbe01,Bernard Thompson,1984-85,1988-89,3,Portland Trail Blazers | Phoenix Suns | Houston Rockets,https://www.basketball-reference.com/players/t/thompbe01.html
cartwbi01,Bill Cartwright,1979-80,1994-95,3,New York Knicks | Chicago Bulls | Oklahoma City Thunder,https://www.basketball-reference.com/players/c/cartwbi01.html
martibi01,Bill Martin,1985-86,1987-88,3,Indiana Pacers | New York Knicks | Phoenix Suns,https://www.basketball-reference.com/players/m/martibi01.html
wennibi01,Bill Wennington,1985-86,1999-00,3,Dallas Mavericks | Sacramento Kings | Chicago Bulls,https://www.basketball-reference.com/players/w/wennibi01.html
knighbi01,Billy Knight,1979-80,1984-85,3,Indiana Pacers | Sacramento Kings | San Antonio Spurs,https://www.basketball-reference.com/players/k/knighbi01.html
batesbi01,Billy Ray Bates,1979-80,1982-83,3,Portland Trail Blazers | Washington Wizards | Los Angeles Lakers,https://www.basketball-reference.com/players/b/batesbi01.html
thomabi01,Billy Thomas,2004-05,2007-08,3,Brooklyn Nets | Washington Wizards | Cleveland Cavaliers,https://www.basketball-reference.com/players/t/thomabi01.html
thompbi01,Billy Thompson,1986-87,1991-92,3,Los Angeles Lakers | Miami Heat | Golden State Warriors,https://www.basketball-reference.com/players/t/thompbi01.html
ahearbl01,Blake Ahearn,2007-08,2011-12,3,Miami Heat | San Antonio Spurs | Utah Jazz,https://www.basketball-reference.com/players/a/ahearbl01.html
hansebo01,Bob Hansen,1983-84,1991-92,3,Utah Jazz | Sacramento Kings | Chicago Bulls,https://www.basketball-reference.com/players/h/hansebo01.html
wilkebo01,Bob Wilkerson,1979-80,1982-83,3,Denver Nuggets | Chicago Bulls | Cleveland Cavaliers,https://www.basketball-reference.com/players/w/wilkebo01.html
bogdabo01,Bogdan Bogdanović,2017-18,2025-26,3,Sacramento Kings | Atlanta Hawks | LA Clippers,https://www.basketball-reference.com/players/b/bogdabo01.html
bolbo01,Bol Bol,2019-20,2024-25,3,Denver Nuggets | Orlando Magic | Phoenix Suns,https://www.basketball-reference.com/players/b/bolbo01.html
hylanbo01,Bones Hyland,2021-22,2025-26,3,Denver Nuggets | LA Clippers | Minnesota Timberwolves,https://www.basketball-reference.com/players/h/hylanbo01.html
nachbbo01,Boštjan Nachbar,2002-03,2007-08,3,Houston Rockets | New Orleans Pelicans | Brooklyn Nets,https://www.basketball-reference.com/players/n/nachbbo01.html
davisbr01,Brad Davis,1979-80,1991-92,3,Indiana Pacers | Utah Jazz | Dallas Mavericks,https://www.basketball-reference.com/players/d/davisbr01.html
hollabr01,Brad Holland,1979-80,1981-82,3,Los Angeles Lakers | Washington Wizards | Milwaukee Bucks,https://www.basketball-reference.com/players/h/hollabr01.html
bealbr01,Bradley Beal,2012-13,2025-26,3,Washington Wizards | Phoenix Suns | LA Clippers,https://www.basketball-reference.com/players/b/bealbr01.html
goodwbr01,Brandon Goodwin,2018-19,2021-22,3,Denver Nuggets | Atlanta Hawks | Cleveland Cavaliers,https://www.basketball-reference.com/players/g/goodwbr01.html
ingrabr01,Brandon Ingram,2016-17,2025-26,3,Los Angeles Lakers | New Orleans Pelicans | Toronto Raptors,https://www.basketball-reference.com/players/i/ingrabr01.html
willibr01,Brandon Williams,1997-98,2002-03,3,Golden State Warriors | San Antonio Spurs | Atlanta Hawks,https://www.basketball-reference.com/players/w/willibr01.html
evansbr01,Brian Evans,1996-97,1998-99,3,Orlando Magic | Brooklyn Nets | Minnesota Timberwolves,https://www.basketball-reference.com/players/e/evansbr01.html
olivebr01,Brian Oliver,1990-91,1997-98,3,Philadelphia 76ers | Washington Wizards | Atlanta Hawks,https://www.basketball-reference.com/players/o/olivebr01.html
roberbr01,Brian Roberts,2012-13,2016-17,3,New Orleans Pelicans | Charlotte Hornets | Portland Trail Blazers,https://www.basketball-reference.com/players/r/roberbr01.html
scalabr01,Brian Scalabrine,2001-02,2011-12,3,Brooklyn Nets | Boston Celtics | Chicago Bulls,https://www.basketball-reference.com/players/s/scalabr01.html
thomabr01,Brodric Thomas,2020-21,2021-22,3,Houston Rockets | Cleveland Cavaliers | Boston Celtics,https://www.basketball-reference.com/players/t/thomabr01.html
kuczebr01,Bruce Kuczenski,1983-84,1983-84,3,Brooklyn Nets | Philadelphia 76ers | Indiana Pacers,https://www.basketball-reference.com/players/k/kuczebr01.html
stithbr01,Bryant Stith,1992-93,2001-02,3,Denver Nuggets | Boston Celtics | Cleveland Cavaliers,https://www.basketball-reference.com/players/s/stithbr01.html
cottobr01,Bryce Cotton,2014-15,2015-16,3,Utah Jazz | Phoenix Suns | Memphis Grizzlies,https://www.basketball-reference.com/players/c/cottobr01.html
mcgowbr01,Bryce McGowens,2022-23,2025-26,3,Charlotte Hornets | Portland Trail Blazers | New Orleans Pelicans,https://www.basketball-reference.com/players/m/mcgowbr01.html
willibu01,Buck Williams,1981-82,1997-98,3,Brooklyn Nets | Portland Trail Blazers | New York Knicks,https://www.basketball-reference.com/players/w/willibu01.html
dinkiby01,Byron Dinkins,1989-90,1990-91,3,Houston Rockets | San Antonio Spurs | Indiana Pacers,https://www.basketball-reference.com/players/d/dinkiby01.html
houstby01,Byron Houston,1992-93,1995-96,3,Golden State Warriors | Oklahoma City Thunder | Sacramento Kings,https://www.basketball-reference.com/players/h/houstby01.html
scottby01,Byron Scott,1983-84,1996-97,3,Los Angeles Lakers | Indiana Pacers | Memphis Grizzlies,https://www.basketball-reference.com/players/s/scottby01.html
johnsca02,Cameron Johnson,2019-20,2025-26,3,Phoenix Suns | Brooklyn Nets | Denver Nuggets,https://www.basketball-reference.com/players/j/johnsca02.html
reynoca01,Cameron Reynolds,2018-19,2020-21,3,Minnesota Timberwolves | San Antonio Spurs | Houston Rockets,https://www.basketball-reference.com/players/r/reynoca01.html
nicksca01,Carl Nicks,1980-81,1982-83,3,Denver Nuggets | Utah Jazz | Cleveland Cavaliers,https://www.basketball-reference.com/players/n/nicksca01.html
jonesca03,Carlik Jones,2021-22,2022-23,3,Dallas Mavericks | Denver Nuggets | Chicago Bulls,https://www.basketball-reference.com/players/j/jonesca03.html
jacobca01,Casey Jacobsen,2002-03,2007-08,3,Phoenix Suns | New Orleans Pelicans | Memphis Grizzlies,https://www.basketball-reference.com/players/j/jacobca01.html
jacksce01,Cedric Jackson,2009-10,2009-10,3,Cleveland Cavaliers | San Antonio Spurs | Washington Wizards,https://www.basketball-reference.com/players/j/jacksce01.html
maxwece01,Cedric Maxwell,1979-80,1987-88,3,Boston Celtics | LA Clippers | Houston Rockets,https://www.basketball-reference.com/players/m/maxwece01.html
trybace01,Cezary Trybański,2002-03,2003-04,3,Memphis Grizzlies | Phoenix Suns | New York Knicks,https://www.basketball-reference.com/players/t/trybace01.html
hutchch01,Chandler Hutchison,2018-19,2021-22,3,Chicago Bulls | Washington Wizards | Phoenix Suns,https://www.basketball-reference.com/players/h/hutchch01.html
barklch01,Charles Barkley,1984-85,1999-00,3,Philadelphia 76ers | Phoenix Suns | Houston Rockets,https://www.basketball-reference.com/players/b/barklch01.html
jonesch02,Charles Jones,1984-85,1988-89,3,Phoenix Suns | Portland Trail Blazers | Washington Wizards,https://www.basketball-reference.com/players/j/jonesch02.html
smithch01,Charles Smith,1988-89,1996-97,3,LA Clippers | New York Knicks | San Antonio Spurs,https://www.basketball-reference.com/players/s/smithch01.html
crissch01,Charlie Criss,1979-80,1984-85,3,Atlanta Hawks | LA Clippers | Milwaukee Bucks,https://www.basketball-reference.com/players/c/crissch01.html
wardch01,Charlie Ward,1994-95,2004-05,3,New York Knicks | San Antonio Spurs | Houston Rockets,https://www.basketball-reference.com/players/w/wardch01.html
diallch01,Cheick Diallo,2016-17,2021-22,3,New Orleans Pelicans | Phoenix Suns | Detroit Pistons,https://www.basketball-reference.com/players/d/diallch01.html
bouchch01,Chris Boucher,2017-18,2025-26,3,Golden State Warriors | Toronto Raptors | Boston Celtics,https://www.basketball-reference.com/players/b/bouchch01.html
childch01,Chris Childs,1994-95,2002-03,3,Brooklyn Nets | New York Knicks | Toronto Raptors,https://www.basketball-reference.com/players/c/childch01.html
copelch01,Chris Copeland,2012-13,2015-16,3,New York Knicks | Indiana Pacers | Milwaukee Bucks,https://www.basketball-reference.com/players/c/copelch01.html
corchch01,Chris Corchiani,1991-92,1993-94,3,Orlando Magic | Washington Wizards | Boston Celtics,https://www.basketball-reference.com/players/c/corchch01.html
duartch01,Chris Duarte,2021-22,2024-25,3,Indiana Pacers | Sacramento Kings | Chicago Bulls,https://www.basketball-reference.com/players/d/duartch01.html
kingch01,Chris King,1993-94,1998-99,3,Oklahoma City Thunder | Memphis Grizzlies | Utah Jazz,https://www.basketball-reference.com/players/k/kingch01.html
mihmch01,Chris Mihm,2000-01,2008-09,3,Cleveland Cavaliers | Boston Celtics | Los Angeles Lakers,https://www.basketball-reference.com/players/m/mihmch01.html
millsch01,Chris Mills,1993-94,2002-03,3,Cleveland Cavaliers | New York Knicks | Golden State Warriors,https://www.basketball-reference.com/players/m/millsch01.html
morrich01,Chris Morris,1988-89,1998-99,3,Brooklyn Nets | Utah Jazz | Phoenix Suns,https://www.basketball-reference.com/players/m/morrich01.html
welpch01,Chris Welp,1987-88,1989-90,3,Philadelphia 76ers | San Antonio Spurs | Golden State Warriors,https://www.basketball-reference.com/players/w/welpch01.html
hayesch01,Chuck Hayes,2005-06,2015-16,3,Houston Rockets | Sacramento Kings | Toronto Raptors,https://www.basketball-reference.com/players/h/hayesch01.html
okekech01,Chuma Okeke,2020-21,2024-25,3,Orlando Magic | Philadelphia 76ers | Cleveland Cavaliers,https://www.basketball-reference.com/players/o/okekech01.html
johnscl01,Clemon Johnson,1979-80,1987-88,3,Indiana Pacers | Philadelphia 76ers | Oklahoma City Thunder,https://www.basketball-reference.com/players/j/johnscl01.html
roziecl01,Clifford Rozier,1994-95,1997-98,3,Golden State Warriors | Toronto Raptors | Minnesota Timberwolves,https://www.basketball-reference.com/players/r/roziecl01.html
wheelcl01,Clinton Wheeler,1987-88,1988-89,3,Indiana Pacers | Miami Heat | Portland Trail Blazers,https://www.basketball-reference.com/players/w/wheelcl01.html
karlco01,Coby Karl,2007-08,2009-10,3,Los Angeles Lakers | Cleveland Cavaliers | Golden State Warriors,https://www.basketball-reference.com/players/k/karlco01.html
martico01,Cody Martin,2019-20,2025-26,3,Charlotte Hornets | Phoenix Suns | Indiana Pacers,https://www.basketball-reference.com/players/m/martico01.html
jonesco02,Colby Jones,2023-24,2025-26,3,Sacramento Kings | Washington Wizards | Detroit Pistons,https://www.basketball-reference.com/players/j/jonesco02.html
alexaco02,Courtney Alexander,2000-01,2002-03,3,Dallas Mavericks | Washington Wizards | New Orleans Pelicans,https://www.basketball-reference.com/players/a/alexaco02.html
simsco01,Courtney Sims,2007-08,2008-09,3,Indiana Pacers | Phoenix Suns | New York Knicks,https://www.basketball-reference.com/players/s/simsco01.html
nealcr01,Craig Neal,1988-89,1990-91,3,Portland Trail Blazers | Miami Heat | Denver Nuggets,https://www.basketball-reference.com/players/n/nealcr01.html
smithcr01,Craig Smith,2006-07,2011-12,3,Minnesota Timberwolves | LA Clippers | Portland Trail Blazers,https://www.basketball-reference.com/players/s/smithcr01.html
whitedj01,D.J. White,2008-09,2013-14,3,Oklahoma City Thunder | Charlotte Hornets | Boston Celtics,https://www.basketball-reference.com/players/w/whitedj01.html
summeda01,DaJuan Summers,2009-10,2012-13,3,Detroit Pistons | New Orleans Pelicans | LA Clippers,https://www.basketball-reference.com/players/s/summeda01.html
leeda03,Damion Lee,2017-18,2024-25,3,Atlanta Hawks | Golden State Warriors | Phoenix Suns,https://www.basketball-reference.com/players/l/leeda03.html
rudezda01,Damjan Rudež,2014-15,2016-17,3,Indiana Pacers | Minnesota Timberwolves | Orlando Magic,https://www.basketball-reference.com/players/r/rudezda01.html
majerda01,Dan Majerle,1988-89,2001-02,3,Phoenix Suns | Cleveland Cavaliers | Miami Heat,https://www.basketball-reference.com/players/m/majerda01.html
roundda01,Dan Roundfield,1979-80,1986-87,3,Atlanta Hawks | Detroit Pistons | Washington Wizards,https://www.basketball-reference.com/players/r/roundda01.html
gaffoda01,Daniel Gafford,2019-20,2025-26,3,Chicago Bulls | Washington Wizards | Dallas Mavericks,https://www.basketball-reference.com/players/g/gaffoda01.html
ortonda01,Daniel Orton,2011-12,2013-14,3,Orlando Magic | Oklahoma City Thunder | Philadelphia 76ers,https://www.basketball-reference.com/players/o/ortonda01.html
grangda01,Danny Granger,2005-06,2014-15,3,Indiana Pacers | LA Clippers | Miami Heat,https://www.basketball-reference.com/players/g/grangda01.html
exumda01,Danté Exum,2014-15,2024-25,3,Utah Jazz | Cleveland Cavaliers | Dallas Mavericks,https://www.basketball-reference.com/players/e/exumda01.html
jacksda01,Darnell Jackson,2008-09,2010-11,3,Cleveland Cavaliers | Milwaukee Bucks | Sacramento Kings,https://www.basketball-reference.com/players/j/jacksda01.html
valenda01,Darnell Valentine,1981-82,1990-91,3,Portland Trail Blazers | LA Clippers | Cleveland Cavaliers,https://www.basketball-reference.com/players/v/valenda01.html
dayeda01,Darren Daye,1983-84,1987-88,3,Washington Wizards | Chicago Bulls | Boston Celtics,https://www.basketball-reference.com/players/d/dayeda01.html
tillida01,Darren Tillis,1982-83,1983-84,3,Boston Celtics | Cleveland Cavaliers | Golden State Warriors,https://www.basketball-reference.com/players/t/tillida01.html
jamerda01,Dave Jamerson,1990-91,1993-94,3,Houston Rockets | Utah Jazz | Brooklyn Nets,https://www.basketball-reference.com/players/j/jamerda01.html
anderda03,David Andersen,2009-10,2010-11,3,Houston Rockets | Toronto Raptors | New Orleans Pelicans,https://www.basketball-reference.com/players/a/anderda03.html
benoida01,David Benoit,1991-92,2000-01,3,Utah Jazz | Brooklyn Nets | Orlando Magic,https://www.basketball-reference.com/players/b/benoida01.html
mitchda01,Davion Mitchell,2021-22,2025-26,3,Sacramento Kings | Toronto Raptors | Miami Heat,https://www.basketball-reference.com/players/m/mitchda01.html
huntede01,De'Andre Hunter,2019-20,2025-26,3,Atlanta Hawks | Cleveland Cavaliers | Sacramento Kings,https://www.basketball-reference.com/players/h/huntede01.html
blairde01,DeJuan Blair,2009-10,2015-16,3,San Antonio Spurs | Dallas Mavericks | Washington Wizards,https://www.basketball-reference.com/players/b/blairde01.html
garrede01,Dean Garrett,1996-97,2001-02,3,Minnesota Timberwolves | Denver Nuggets | Golden State Warriors,https://www.basketball-reference.com/players/g/garrede01.html
aytonde01,Deandre Ayton,2018-19,2025-26,3,Phoenix Suns | Portland Trail Blazers | Los Angeles Lakers,https://www.basketball-reference.com/players/a/aytonde01.html
brownde01,Dee Brown,1990-91,2001-02,3,Boston Celtics | Toronto Raptors | Orlando Magic,https://www.basketball-reference.com/players/b/brownde01.html
brownde03,Dee Brown,2006-07,2008-09,3,Utah Jazz | Washington Wizards | Phoenix Suns,https://www.basketball-reference.com/players/b/brownde03.html
murrade01,Dejounte Murray,2016-17,2025-26,3,San Antonio Spurs | Atlanta Hawks | New Orleans Pelicans,https://www.basketball-reference.com/players/m/murrade01.html
dempsde01,Dell Demps,1993-94,1996-97,3,Golden State Warriors | San Antonio Spurs | Orlando Magic,https://www.basketball-reference.com/players/d/dempsde01.html
nichode01,Demetris Nichols,2007-08,2008-09,3,Cleveland Cavaliers | Chicago Bulls | New York Knicks,https://www.basketball-reference.com/players/n/nichode01.html
jacksde01,Demetrius Jackson,2016-17,2018-19,3,Boston Celtics | Houston Rockets | Philadelphia 76ers,https://www.basketball-reference.com/players/j/jacksde01.html
awtrede01,Dennis Awtrey,1979-80,1981-82,3,Chicago Bulls | Oklahoma City Thunder | Portland Trail Blazers,https://www.basketball-reference.com/players/a/awtrede01.html
hopsode01,Dennis Hopson,1987-88,1991-92,3,Brooklyn Nets | Chicago Bulls | Sacramento Kings,https://www.basketball-reference.com/players/h/hopsode01.html
johnsde01,Dennis Johnson,1979-80,1989-90,3,Oklahoma City Thunder | Phoenix Suns | Boston Celtics,https://www.basketball-reference.com/players/j/johnsde01.html
valende01,Denzel Valentine,2016-17,2021-22,3,Chicago Bulls | Cleveland Cavaliers | Utah Jazz,https://www.basketball-reference.com/players/v/valende01.html
mckeyde01,Derrick McKey,1987-88,2001-02,3,Oklahoma City Thunder | Indiana Pacers | Philadelphia 76ers,https://www.basketball-reference.com/players/m/mckeyde01.html
waltode01,Derrick Walton,2017-18,2021-22,3,Miami Heat | LA Clippers | Detroit Pistons,https://www.basketball-reference.com/players/w/waltode01.html
georgde01,Devean George,1999-00,2009-10,3,Los Angeles Lakers | Dallas Mavericks | Golden State Warriors,https://www.basketball-reference.com/players/g/georgde01.html
grayde01,Devin Gray,1996-97,1999-00,3,Sacramento Kings | San Antonio Spurs | Houston Rockets,https://www.basketball-reference.com/players/g/grayde01.html
grahade01,Devonte' Graham,2018-19,2023-24,3,Charlotte Hornets | New Orleans Pelicans | San Antonio Spurs,https://www.basketball-reference.com/players/g/grahade01.html
pittmde01,Dexter Pittman,2010-11,2013-14,3,Miami Heat | Memphis Grizzlies | Atlanta Hawks,https://www.basketball-reference.com/players/p/pittmde01.html
simpkdi01,Dickey Simpkins,1994-95,2001-02,3,Chicago Bulls | Golden State Warriors | Atlanta Hawks,https://www.basketball-reference.com/players/s/simpkdi01.html
brookdi01,Dillon Brooks,2017-18,2025-26,3,Memphis Grizzlies | Houston Rockets | Phoenix Suns,https://www.basketball-reference.com/players/b/brookdi01.html
glovedi01,Dion Glover,1999-00,2004-05,3,Atlanta Hawks | Toronto Raptors | San Antonio Spurs,https://www.basketball-reference.com/players/g/glovedi01.html
sabondo01,Domantas Sabonis,2016-17,2025-26,3,Oklahoma City Thunder | Indiana Pacers | Sacramento Kings,https://www.basketball-reference.com/players/s/sabondo01.html
barlodo01,Dominick Barlow,2022-23,2025-26,3,San Antonio Spurs | Atlanta Hawks | Philadelphia 76ers,https://www.basketball-reference.com/players/b/barlodo01.html
reiddo01,Don Reid,1995-96,2002-03,3,Detroit Pistons | Washington Wizards | Orlando Magic,https://www.basketball-reference.com/players/r/reiddo01.html
motiedo01,Donatas Motiejūnas,2012-13,2018-19,3,Houston Rockets | New Orleans Pelicans | San Antonio Spurs,https://www.basketball-reference.com/players/m/motiedo01.html
halldo01,Donta Hall,2019-20,2020-21,3,Detroit Pistons | Brooklyn Nets | Orlando Magic,https://www.basketball-reference.com/players/h/halldo01.html
bendedr01,Dragan Bender,2016-17,2019-20,3,Phoenix Suns | Milwaukee Bucks | Golden State Warriors,https://www.basketball-reference.com/players/b/bendedr01.html
barrydr01,Drew Barry,1997-98,1999-00,3,Atlanta Hawks | Oklahoma City Thunder | Golden State Warriors,https://www.basketball-reference.com/players/b/barrydr01.html
ferredu01,Duane Ferrell,1988-89,1998-99,3,Atlanta Hawks | Indiana Pacers | Golden State Warriors,https://www.basketball-reference.com/players/f/ferredu01.html
buyckdw01,Dwight Buycks,2013-14,2017-18,3,Toronto Raptors | Los Angeles Lakers | Detroit Pistons,https://www.basketball-reference.com/players/b/buyckdw01.html
jonesdw01,Dwight Jones,1979-80,1982-83,3,Houston Rockets | Chicago Bulls | Los Angeles Lakers,https://www.basketball-reference.com/players/j/jonesdw01.html
wadedw01,Dwyane Wade,2003-04,2018-19,3,Miami Heat | Chicago Bulls | Cleveland Cavaliers,https://www.basketball-reference.com/players/w/wadedw01.html
liddeej01,E.J. Liddell,2023-24,2025-26,3,New Orleans Pelicans | Chicago Bulls | Brooklyn Nets,https://www.basketball-reference.com/players/l/liddeej01.html
johnsed02,Eddie Johnson,1979-80,1986-87,3,Atlanta Hawks | Cleveland Cavaliers | Oklahoma City Thunder,https://www.basketball-reference.com/players/j/johnsed02.html
jordaed01,Eddie Jordan,1979-80,1983-84,3,Brooklyn Nets | Los Angeles Lakers | Portland Trail Blazers,https://www.basketball-reference.com/players/j/jordaed01.html
turneel01,Elston Turner,1981-82,1988-89,3,Dallas Mavericks | Denver Nuggets | Chicago Bulls,https://www.basketball-reference.com/players/t/turneel01.html
davisem01,Emanual Davis,1996-97,2002-03,3,Houston Rockets | Oklahoma City Thunder | Atlanta Hawks,https://www.basketball-reference.com/players/d/davisem01.html
okafoem01,Emeka Okafor,2004-05,2017-18,3,Charlotte Hornets | New Orleans Pelicans | Washington Wizards,https://www.basketball-reference.com/players/o/okafoem01.html
snower01,Eric Snow,1995-96,2007-08,3,Oklahoma City Thunder | Philadelphia 76ers | Cleveland Cavaliers,https://www.basketball-reference.com/players/s/snower01.html
thomaet01,Etan Thomas,2001-02,2010-11,3,Washington Wizards | Oklahoma City Thunder | Atlanta Hawks,https://www.basketball-reference.com/players/t/thomaet01.html
obertfa01,Fabricio Oberto,2005-06,2010-11,3,San Antonio Spurs | Washington Wizards | Portland Trail Blazers,https://www.basketball-reference.com/players/o/obertfa01.html
leverfa01,Fat Lever,1982-83,1993-94,3,Portland Trail Blazers | Denver Nuggets | Dallas Mavericks,https://www.basketball-reference.com/players/l/leverfa01.html
lopezfe01,Felipe López,1998-99,2001-02,3,Memphis Grizzlies | Washington Wizards | Minnesota Timberwolves,https://www.basketball-reference.com/players/l/lopezfe01.html
jacksfr01,Frank Jackson,2018-19,2022-23,3,New Orleans Pelicans | Detroit Pistons | Utah Jazz,https://www.basketball-reference.com/players/j/jacksfr01.html
johnsfr01,Frank Johnson,1981-82,1993-94,3,Washington Wizards | Houston Rockets | Phoenix Suns,https://www.basketball-reference.com/players/j/johnsfr01.html
masonfr01,Frank Mason III,2017-18,2020-21,3,Sacramento Kings | Milwaukee Bucks | Orlando Magic,https://www.basketball-reference.com/players/m/masonfr01.html
ntilila01,Frank Ntilikina,2017-18,2023-24,3,New York Knicks | Dallas Mavericks | Charlotte Hornets,https://www.basketball-reference.com/players/n/ntilila01.html
edwarfr01,Franklin Edwards,1981-82,1987-88,3,Philadelphia 76ers | LA Clippers | Sacramento Kings,https://www.basketball-reference.com/players/e/edwarfr01.html
hoibefr01,Fred Hoiberg,1995-96,2004-05,3,Indiana Pacers | Chicago Bulls | Minnesota Timberwolves,https://www.basketball-reference.com/players/h/hoibefr01.html
vincega01,Gabe Vincent,2019-20,2025-26,3,Miami Heat | Los Angeles Lakers | Atlanta Hawks,https://www.basketball-reference.com/players/v/vincega01.html
harriga01,Gary Harris,2014-15,2025-26,3,Denver Nuggets | Orlando Magic | Milwaukee Bucks,https://www.basketball-reference.com/players/h/harriga01.html
trentga02,Gary Trent Jr.,2018-19,2025-26,3,Portland Trail Blazers | Toronto Raptors | Milwaukee Bucks,https://www.basketball-reference.com/players/t/trentga02.html
zidekge01,George Zídek,1995-96,1997-98,3,Charlotte Hornets | Denver Nuggets | Oklahoma City Thunder,https://www.basketball-reference.com/players/z/zidekge01.html
hendege02,Gerald Henderson,2009-10,2016-17,3,Charlotte Hornets | Portland Trail Blazers | Philadelphia 76ers,https://www.basketball-reference.com/players/h/hendege02.html
davisgl01,Glen Davis,2007-08,2014-15,3,Boston Celtics | Orlando Magic | LA Clippers,https://www.basketball-reference.com/players/d/davisgl01.html
willigr01,Grant Williams,2019-20,2025-26,3,Boston Celtics | Dallas Mavericks | Charlotte Hornets,https://www.basketball-reference.com/players/w/willigr01.html
waitegr01,Granville Waiters,1983-84,1987-88,3,Indiana Pacers | Houston Rockets | Chicago Bulls,https://www.basketball-reference.com/players/w/waitegr01.html
ballagr01,Greg Ballard,1979-80,1988-89,3,Washington Wizards | Golden State Warriors | Oklahoma City Thunder,https://www.basketball-reference.com/players/b/ballagr01.html
dreilgr01,Greg Dreiling,1986-87,1996-97,3,Indiana Pacers | Dallas Mavericks | Cleveland Cavaliers,https://www.basketball-reference.com/players/d/dreilgr01.html
smithgr02,Greg Smith,2011-12,2015-16,3,Houston Rockets | Dallas Mavericks | Minnesota Timberwolves,https://www.basketball-reference.com/players/s/smithgr02.html
suttogr01,Greg Sutton,1991-92,1995-96,3,San Antonio Spurs | Charlotte Hornets | Philadelphia 76ers,https://www.basketball-reference.com/players/s/suttogr01.html
willigu01,Gus Williams,1979-80,1986-87,3,Oklahoma City Thunder | Washington Wizards | Atlanta Hawks,https://www.basketball-reference.com/players/w/willigu01.html
diallha01,Hamidou Diallo,2018-19,2023-24,3,Oklahoma City Thunder | Detroit Pistons | Washington Wizards,https://www.basketball-reference.com/players/d/diallha01.html
grantha01,Harvey Grant,1988-89,1998-99,3,Washington Wizards | Portland Trail Blazers | Philadelphia 76ers,https://www.basketball-reference.com/players/g/grantha01.html
highsha01,Haywood Highsmith,2018-19,2025-26,3,Philadelphia 76ers | Miami Heat | Phoenix Suns,https://www.basketball-reference.com/players/h/highsha01.html
walkebi01,Henry Walker,2008-09,2014-15,3,Boston Celtics | New York Knicks | Miami Heat,https://www.basketball-reference.com/players/w/walkebi01.html
williho01,Hot Rod Williams,1986-87,1998-99,3,Cleveland Cavaliers | Phoenix Suns | Dallas Mavericks,https://www.basketball-reference.com/players/w/williho01.html
wrighho02,Howard Wright,1990-91,1992-93,3,Atlanta Hawks | Orlando Magic | Dallas Mavericks,https://www.basketball-reference.com/players/w/wrighho02.html
brazdig01,Ignas Brazdeikis,2019-20,2021-22,3,New York Knicks | Philadelphia 76ers | Orlando Magic,https://www.basketball-reference.com/players/b/brazdig01.html
bongais01,Isaac Bonga,2018-19,2021-22,3,Los Angeles Lakers | Washington Wizards | Toronto Raptors,https://www.basketball-reference.com/players/b/bongais01.html
newbiiv01,Ivano Newbill,1994-95,1997-98,3,Detroit Pistons | Atlanta Hawks | Memphis Grizzlies,https://www.basketball-reference.com/players/n/newbiiv01.html
zubaciv01,Ivica Zubac,2016-17,2025-26,3,Los Angeles Lakers | LA Clippers | Indiana Pacers,https://www.basketball-reference.com/players/z/zubaciv01.html
bremejr01,J.R. Bremer,2002-03,2003-04,3,Boston Celtics | Cleveland Cavaliers | Golden State Warriors,https://www.basketball-reference.com/players/b/bremejr01.html
thorjt01,JT Thor,2021-22,2024-25,3,Charlotte Hornets | Cleveland Cavaliers | Washington Wizards,https://www.basketball-reference.com/players/t/thorjt01.html
smithja01,Jabari Smith,2000-01,2004-05,3,Sacramento Kings | Philadelphia 76ers | Brooklyn Nets,https://www.basketball-reference.com/players/s/smithja01.html
sprinja01,Jaden Springer,2021-22,2024-25,3,Philadelphia 76ers | Boston Celtics | Utah Jazz,https://www.basketball-reference.com/players/s/sprinja01.html
whiteja01,Jahidi White,1998-99,2004-05,3,Washington Wizards | Phoenix Suns | Charlotte Hornets,https://www.basketball-reference.com/players/w/whiteja01.html
laravja01,Jake LaRavia,2022-23,2025-26,3,Memphis Grizzlies | Sacramento Kings | Los Angeles Lakers,https://www.basketball-reference.com/players/l/laravja01.html
tsakaja01,Jake Tsakalidis,2000-01,2006-07,3,Phoenix Suns | Memphis Grizzlies | Houston Rockets,https://www.basketball-reference.com/players/t/tsakaja01.html
jonesja04,Jalen Jones,2017-18,2018-19,3,New Orleans Pelicans | Dallas Mavericks | Cleveland Cavaliers,https://www.basketball-reference.com/players/j/jonesja04.html
smithja04,Jalen Smith,2020-21,2025-26,3,Phoenix Suns | Indiana Pacers | Chicago Bulls,https://www.basketball-reference.com/players/s/smithja04.html
tinslja01,Jamaal Tinsley,2001-02,2013-14,3,Indiana Pacers | Memphis Grizzlies | Utah Jazz,https://www.basketball-reference.com/players/t/tinslja01.html
cainja01,Jamal Cain,2022-23,2025-26,3,Miami Heat | New Orleans Pelicans | Orlando Magic,https://www.basketball-reference.com/players/c/cainja01.html
thomaja01,Jamel Thomas,1999-00,2000-01,3,Boston Celtics | Golden State Warriors | Brooklyn Nets,https://www.basketball-reference.com/players/t/thomaja01.html
singlja01,James Singleton,2005-06,2011-12,3,LA Clippers | Dallas Mavericks | Washington Wizards,https://www.basketball-reference.com/players/s/singlja01.html
whiteja02,James White,2006-07,2012-13,3,San Antonio Spurs | Houston Rockets | New York Knicks,https://www.basketball-reference.com/players/w/whiteja02.html
wisemja01,James Wiseman,2020-21,2025-26,3,Golden State Warriors | Detroit Pistons | Indiana Pacers,https://www.basketball-reference.com/players/w/wisemja01.html
watsoja01,Jamie Watson,1994-95,1998-99,3,Utah Jazz | Dallas Mavericks | Miami Heat,https://www.basketball-reference.com/players/w/watsoja01.html
harpeja01,Jared Harper,2019-20,2021-22,3,Phoenix Suns | New York Knicks | New Orleans Pelicans,https://www.basketball-reference.com/players/h/harpeja01.html
rhodeja01,Jared Rhoden,2022-23,2024-25,3,Detroit Pistons | Charlotte Hornets | Toronto Raptors,https://www.basketball-reference.com/players/r/rhodeja01.html
stokeja01,Jarnell Stokes,2014-15,2016-17,3,Memphis Grizzlies | Miami Heat | Denver Nuggets,https://www.basketball-reference.com/players/s/stokeja01.html
culveja01,Jarrett Culver,2019-20,2022-23,3,Minnesota Timberwolves | Memphis Grizzlies | Atlanta Hawks,https://www.basketball-reference.com/players/c/culveja01.html
uthofja01,Jarrod Uthoff,2016-17,2019-20,3,Dallas Mavericks | Memphis Grizzlies | Washington Wizards,https://www.basketball-reference.com/players/u/uthofja01.html
hayesja01,Jarvis Hayes,2003-04,2009-10,3,Washington Wizards | Detroit Pistons | Brooklyn Nets,https://www.basketball-reference.com/players/h/hayesja01.html
caffeja01,Jason Caffey,1995-96,2002-03,3,Chicago Bulls | Golden State Warriors | Milwaukee Bucks,https://www.basketball-reference.com/players/c/caffeja01.html
maxieja01,Jason Maxiell,2005-06,2014-15,3,Detroit Pistons | Orlando Magic | Charlotte Hornets,https://www.basketball-reference.com/players/m/maxieja01.html
sasseja01,Jason Sasser,1996-97,1998-99,3,San Antonio Spurs | Dallas Mavericks | Memphis Grizzlies,https://www.basketball-reference.com/players/s/sasseja01.html
thompja02,Jason Thompson,2008-09,2015-16,3,Sacramento Kings | Golden State Warriors | Toronto Raptors,https://www.basketball-reference.com/players/t/thompja02.html
crittja01,Javaris Crittenton,2007-08,2008-09,3,Los Angeles Lakers | Memphis Grizzlies | Washington Wizards,https://www.basketball-reference.com/players/c/crittja01.html
smartja01,Javonte Smart,2021-22,2023-24,3,Milwaukee Bucks | Miami Heat | Philadelphia 76ers,https://www.basketball-reference.com/players/s/smartja01.html
evansja01,Jawun Evans,2017-18,2018-19,3,LA Clippers | Phoenix Suns | Oklahoma City Thunder,https://www.basketball-reference.com/players/e/evansja01.html
morrija01,Jaylen Morris,2017-18,2021-22,3,Atlanta Hawks | Milwaukee Bucks | San Antonio Spurs,https://www.basketball-reference.com/players/m/morrija01.html
hornaje01,Jeff Hornacek,1986-87,1999-00,3,Phoenix Suns | Philadelphia 76ers | Utah Jazz,https://www.basketball-reference.com/players/h/hornaje01.html
rulanje01,Jeff Ruland,1981-82,1992-93,3,Washington Wizards | Philadelphia 76ers | Detroit Pistons,https://www.basketball-reference.com/players/r/rulanje01.html
sandeje01,Jeff Sanders,1989-90,1992-93,3,Chicago Bulls | Charlotte Hornets | Atlanta Hawks,https://www.basketball-reference.com/players/s/sandeje01.html
witheje01,Jeff Withey,2013-14,2017-18,3,New Orleans Pelicans | Utah Jazz | Dallas Mavericks,https://www.basketball-reference.com/players/w/witheje01.html
evansje01,Jeremy Evans,2010-11,2017-18,3,Utah Jazz | Dallas Mavericks | Atlanta Hawks,https://www.basketball-reference.com/players/e/evansje01.html
tylerje01,Jeremy Tyler,2011-12,2013-14,3,Golden State Warriors | Atlanta Hawks | New York Knicks,https://www.basketball-reference.com/players/t/tylerje01.html
allenje01,Jerome Allen,1995-96,1996-97,3,Minnesota Timberwolves | Indiana Pacers | Denver Nuggets,https://www.basketball-reference.com/players/a/allenje01.html
jamesje01,Jerome James,1998-99,2008-09,3,Sacramento Kings | Oklahoma City Thunder | New York Knicks,https://www.basketball-reference.com/players/j/jamesje01.html
robinje01,Jerome Robinson,2018-19,2023-24,3,LA Clippers | Washington Wizards | Golden State Warriors,https://www.basketball-reference.com/players/r/robinje01.html
eavesje01,Jerry Eaves,1982-83,1986-87,3,Utah Jazz | Atlanta Hawks | Sacramento Kings,https://www.basketball-reference.com/players/e/eavesje01.html
reynoje01,Jerry Reynolds,1985-86,1995-96,3,Milwaukee Bucks | Oklahoma City Thunder | Orlando Magic,https://www.basketball-reference.com/players/r/reynoje01.html
mcilvji01,Jim McIlvaine,1994-95,2000-01,3,Washington Wizards | Oklahoma City Thunder | Brooklyn Nets,https://www.basketball-reference.com/players/m/mcilvji01.html
peterji01,Jim Petersen,1984-85,1991-92,3,Houston Rockets | Sacramento Kings | Golden State Warriors,https://www.basketball-reference.com/players/p/peterji01.html
rowinji01,Jim Rowinski,1988-89,1989-90,3,Detroit Pistons | Philadelphia 76ers | Miami Heat,https://www.basketball-reference.com/players/r/rowinji01.html
thomaji01,Jim Thomas,1983-84,1990-91,3,Indiana Pacers | LA Clippers | Minnesota Timberwolves,https://www.basketball-reference.com/players/t/thomaji01.html
harrijo01,Joe Harris,2014-15,2023-24,3,Cleveland Cavaliers | Brooklyn Nets | Detroit Pistons,https://www.basketball-reference.com/players/h/harrijo01.html
hassejo01,Joe Hassett,1979-80,1982-83,3,Indiana Pacers | Dallas Mavericks | Golden State Warriors,https://www.basketball-reference.com/players/h/hassejo01.html
dorsejo01,Joey Dorsey,2008-09,2014-15,3,Houston Rockets | Sacramento Kings | Toronto Raptors,https://www.basketball-reference.com/players/d/dorsejo01.html
grahajo01,Joey Graham,2005-06,2010-11,3,Toronto Raptors | Denver Nuggets | Cleveland Cavaliers,https://www.basketball-reference.com/players/g/grahajo01.html
amaecjo01,John Amaechi,1995-96,2002-03,3,Cleveland Cavaliers | Orlando Magic | Utah Jazz,https://www.basketball-reference.com/players/a/amaecjo01.html
cokerjo01,John Coker,1995-96,2000-01,3,Phoenix Suns | Washington Wizards | Golden State Warriors,https://www.basketball-reference.com/players/c/cokerjo01.html
collijo01,John Collins,2017-18,2025-26,3,Atlanta Hawks | Utah Jazz | LA Clippers,https://www.basketball-reference.com/players/c/collijo01.html
hensojo01,John Henson,2012-13,2019-20,3,Milwaukee Bucks | Cleveland Cavaliers | Detroit Pistons,https://www.basketball-reference.com/players/h/hensojo01.html
lambejo01,John Lambert,1979-80,1981-82,3,Cleveland Cavaliers | Sacramento Kings | San Antonio Spurs,https://www.basketball-reference.com/players/l/lambejo01.html
shaskjo01,John Shasky,1988-89,1990-91,3,Miami Heat | Golden State Warriors | Dallas Mavericks,https://www.basketball-reference.com/players/s/shaskjo01.html
stroejo01,John Stroeder,1987-88,1988-89,3,Milwaukee Bucks | San Antonio Spurs | Golden State Warriors,https://www.basketball-reference.com/players/s/stroejo01.html
walljo01,John Wall,2010-11,2022-23,3,Washington Wizards | Houston Rockets | LA Clippers,https://www.basketball-reference.com/players/w/walljo01.html
willijo02,John Williams,1986-87,1994-95,3,Washington Wizards | LA Clippers | Indiana Pacers,https://www.basketball-reference.com/players/w/willijo02.html
davisjo01,Johnny Davis,1979-80,1985-86,3,Indiana Pacers | Atlanta Hawks | Cleveland Cavaliers,https://www.basketball-reference.com/players/d/davisjo01.html
dawkijo01,Johnny Dawkins,1986-87,1994-95,3,San Antonio Spurs | Philadelphia 76ers | Detroit Pistons,https://www.basketball-reference.com/players/d/dawkijo01.html
obryajo01,Johnny O'Bryant,2014-15,2017-18,3,Milwaukee Bucks | Denver Nuggets | Charlotte Hornets,https://www.basketball-reference.com/players/o/obryajo01.html
sundvjo01,Jon Sundvold,1983-84,1991-92,3,Oklahoma City Thunder | San Antonio Spurs | Miami Heat,https://www.basketball-reference.com/players/s/sundvjo01.html
simmojo02,Jonathon Simmons,2015-16,2018-19,3,San Antonio Spurs | Orlando Magic | Philadelphia 76ers,https://www.basketball-reference.com/players/s/simmojo02.html
flynnjo01,Jonny Flynn,2009-10,2011-12,3,Minnesota Timberwolves | Houston Rockets | Portland Trail Blazers,https://www.basketball-reference.com/players/f/flynnjo01.html
mclaujo01,Jordan McLaughlin,2019-20,2025-26,3,Minnesota Timberwolves | Sacramento Kings | San Antonio Spurs,https://www.basketball-reference.com/players/m/mclaujo01.html
nworajo01,Jordan Nwora,2020-21,2023-24,3,Milwaukee Bucks | Indiana Pacers | Toronto Raptors,https://www.basketball-reference.com/players/n/nworajo01.html
poolejo01,Jordan Poole,2019-20,2025-26,3,Golden State Warriors | Washington Wizards | New Orleans Pelicans,https://www.basketball-reference.com/players/p/poolejo01.html
gutiejo01,Jorge Gutiérrez,2013-14,2015-16,3,Brooklyn Nets | Milwaukee Bucks | Charlotte Hornets,https://www.basketball-reference.com/players/g/gutiejo01.html
harrejo01,Josh Harrellson,2011-12,2013-14,3,New York Knicks | Miami Heat | Detroit Pistons,https://www.basketball-reference.com/players/h/harrejo01.html
minotjo01,Josh Minott,2022-23,2025-26,3,Minnesota Timberwolves | Boston Celtics | Brooklyn Nets,https://www.basketball-reference.com/players/m/minotjo01.html
stoneju01,Julyan Stone,2011-12,2017-18,3,Denver Nuggets | Toronto Raptors | Charlotte Hornets,https://www.basketball-reference.com/players/s/stoneju01.html
harriju01,Junior Harrington,2002-03,2006-07,3,Denver Nuggets | New Orleans Pelicans | Memphis Grizzlies,https://www.basketball-reference.com/players/h/harriju01.html
champju01,Justin Champagnie,2021-22,2025-26,3,Toronto Raptors | Boston Celtics | Washington Wizards,https://www.basketball-reference.com/players/c/champju01.html
dentmju01,Justin Dentmon,2011-12,2012-13,3,San Antonio Spurs | Toronto Raptors | Dallas Mavericks,https://www.basketball-reference.com/players/d/dentmju01.html
harpeju01,Justin Harper,2011-12,2016-17,3,Orlando Magic | Detroit Pistons | Philadelphia 76ers,https://www.basketball-reference.com/players/h/harpeju01.html
morgaju01,Juwan Morgan,2019-20,2021-22,3,Utah Jazz | Toronto Raptors | Boston Celtics,https://www.basketball-reference.com/players/m/morgaju01.html
mcdankj01,K.J. McDaniels,2014-15,2016-17,3,Philadelphia 76ers | Houston Rockets | Brooklyn Nets,https://www.basketball-reference.com/players/m/mcdankj01.html
joneska01,Kai Jones,2021-22,2024-25,3,Charlotte Hornets | LA Clippers | Dallas Mavericks,https://www.basketball-reference.com/players/j/joneska01.html
dickeka01,Kaniel Dickens,2003-04,2007-08,3,Portland Trail Blazers | Brooklyn Nets | Cleveland Cavaliers,https://www.basketball-reference.com/players/d/dickeka01.html
leonaka01,Kawhi Leonard,2011-12,2025-26,3,San Antonio Spurs | Toronto Raptors | LA Clippers,https://www.basketball-reference.com/players/l/leonaka01.html
feldeka01,Kay Felder,2016-17,2017-18,3,Cleveland Cavaliers | Chicago Bulls | Detroit Pistons,https://www.basketball-reference.com/players/f/feldeka01.html
brownke01,Kedrick Brown,2001-02,2004-05,3,Boston Celtics | Cleveland Cavaliers | Philadelphia 76ers,https://www.basketball-reference.com/players/b/brownke01.html
edmonke01,Keith Edmonson,1982-83,1983-84,3,Atlanta Hawks | San Antonio Spurs | Denver Nuggets,https://www.basketball-reference.com/players/e/edmonke01.html
towerke01,Keith Tower,1993-94,1996-97,3,Orlando Magic | LA Clippers | Milwaukee Bucks,https://www.basketball-reference.com/players/t/towerke01.html
martike03,Kelan Martin,2019-20,2021-22,3,Minnesota Timberwolves | Indiana Pacers | Boston Celtics,https://www.basketball-reference.com/players/m/martike03.html
tripuke01,Kelly Tripucka,1981-82,1990-91,3,Detroit Pistons | Utah Jazz | Charlotte Hornets,https://www.basketball-reference.com/players/t/tripuke01.html
ranseke01,Kelvin Ransey,1980-81,1985-86,3,Portland Trail Blazers | Dallas Mavericks | Brooklyn Nets,https://www.basketball-reference.com/players/r/ranseke01.html
normake01,Ken Norman,1987-88,1996-97,3,LA Clippers | Milwaukee Bucks | Atlanta Hawks,https://www.basketball-reference.com/players/n/normake01.html
nunnke01,Kendrick Nunn,2019-20,2022-23,3,Miami Heat | Los Angeles Lakers | Washington Wizards,https://www.basketball-reference.com/players/n/nunnke01.html
farieke01,Kenneth Faried,2011-12,2018-19,3,Denver Nuggets | Brooklyn Nets | Houston Rockets,https://www.basketball-reference.com/players/f/farieke01.html
loftoke01,Kenneth Lofton Jr.,2022-23,2023-24,3,Memphis Grizzlies | Philadelphia 76ers | Utah Jazz,https://www.basketball-reference.com/players/l/loftoke01.html
gattike01,Kenny Gattison,1986-87,1995-96,3,Phoenix Suns | Charlotte Hornets | Memphis Grizzlies,https://www.basketball-reference.com/players/g/gattike01.html
nattke01,Kenny Natt,1980-81,1984-85,3,Indiana Pacers | Utah Jazz | Sacramento Kings,https://www.basketball-reference.com/players/n/nattke01.html
thomake01,Kenny Thomas,1999-00,2009-10,3,Houston Rockets | Philadelphia 76ers | Sacramento Kings,https://www.basketball-reference.com/players/t/thomake01.html
johnske07,Keon Johnson,2021-22,2024-25,3,LA Clippers | Portland Trail Blazers | Brooklyn Nets,https://www.basketball-reference.com/players/j/johnske07.html
edwarke02,Kessler Edwards,2021-22,2024-25,3,Brooklyn Nets | Sacramento Kings | Dallas Mavericks,https://www.basketball-reference.com/players/e/edwarke02.html
garneke01,Kevin Garnett,1995-96,2015-16,3,Minnesota Timberwolves | Boston Celtics | Brooklyn Nets,https://www.basketball-reference.com/players/g/garneke01.html
serapke01,Kevin Séraphin,2010-11,2016-17,3,Washington Wizards | New York Knicks | Indiana Pacers,https://www.basketball-reference.com/players/s/serapke01.html
hayeski01,Killian Hayes,2020-21,2025-26,3,Detroit Pistons | Brooklyn Nets | Sacramento Kings,https://www.basketball-reference.com/players/h/hayeski01.html
lewiski01,Kira Lewis Jr.,2020-21,2023-24,3,New Orleans Pelicans | Toronto Raptors | Utah Jazz,https://www.basketball-reference.com/players/l/lewiski01.html
hinriki01,Kirk Hinrich,2003-04,2015-16,3,Chicago Bulls | Washington Wizards | Atlanta Hawks,https://www.basketball-reference.com/players/h/hinriki01.html
kuzmaky01,Kyle Kuzma,2017-18,2025-26,3,Los Angeles Lakers | Washington Wizards | Milwaukee Bucks,https://www.basketball-reference.com/players/k/kuzmaky01.html
macyky01,Kyle Macy,1980-81,1986-87,3,Phoenix Suns | Chicago Bulls | Indiana Pacers,https://www.basketball-reference.com/players/m/macyky01.html
aldrila01,LaMarcus Aldridge,2006-07,2021-22,3,Portland Trail Blazers | San Antonio Spurs | Brooklyn Nets,https://www.basketball-reference.com/players/a/aldrila01.html
stevela01,Lamar Stevens,2020-21,2024-25,3,Cleveland Cavaliers | Boston Celtics | Memphis Grizzlies,https://www.basketball-reference.com/players/s/stevela01.html
ketnela01,Lari Ketner,1999-00,2000-01,3,Chicago Bulls | Cleveland Cavaliers | Indiana Pacers,https://www.basketball-reference.com/players/k/ketnela01.html
michela01,Larry Micheaux,1983-84,1984-85,3,Sacramento Kings | Milwaukee Bucks | Houston Rockets,https://www.basketball-reference.com/players/m/michela01.html
owensla01,Larry Owens,2010-11,2011-12,3,San Antonio Spurs | Washington Wizards | Brooklyn Nets,https://www.basketball-reference.com/players/o/owensla01.html
smithla01,Larry Smith,1980-81,1992-93,3,Golden State Warriors | Houston Rockets | San Antonio Spurs,https://www.basketball-reference.com/players/s/smithla01.html
sprigla01,Larry Spriggs,1981-82,1985-86,3,Houston Rockets | Chicago Bulls | Los Angeles Lakers,https://www.basketball-reference.com/players/s/sprigla01.html
sprewla01,Latrell Sprewell,1992-93,2004-05,3,Golden State Warriors | New York Knicks | Minnesota Timberwolves,https://www.basketball-reference.com/players/s/sprewla01.html
markkla01,Lauri Markkanen,2017-18,2025-26,3,Chicago Bulls | Cleveland Cavaliers | Utah Jazz,https://www.basketball-reference.com/players/m/markkla01.html
jamesle01,LeBron James,2003-04,2025-26,3,Cleveland Cavaliers | Miami Heat | Los Angeles Lakers,https://www.basketball-reference.com/players/j/jamesle01.html
ellisle02,LeRon Ellis,1991-92,1995-96,3,LA Clippers | Charlotte Hornets | Miami Heat,https://www.basketball-reference.com/players/e/ellisle02.html
powele01,Leon Powe,2006-07,2010-11,3,Boston Celtics | Cleveland Cavaliers | Memphis Grizzlies,https://www.basketball-reference.com/players/p/powele01.html
quinole01,Lester Quiñones,2022-23,2024-25,3,Golden State Warriors | Philadelphia 76ers | New Orleans Pelicans,https://www.basketball-reference.com/players/q/quinole01.html
lloydle01,Lewis Lloyd,1981-82,1989-90,3,Golden State Warriors | Houston Rockets | Philadelphia 76ers,https://www.basketball-reference.com/players/l/lloydle01.html
meyerlo01,Loren Meyer,1995-96,1998-99,3,Dallas Mavericks | Phoenix Suns | Denver Nuggets,https://www.basketball-reference.com/players/m/meyerlo01.html
romarlo01,Lorenzo Romar,1980-81,1984-85,3,Golden State Warriors | Milwaukee Bucks | Detroit Pistons,https://www.basketball-reference.com/players/r/romarlo01.html
kinglo02,Louis King,2019-20,2022-23,3,Detroit Pistons | Sacramento Kings | Philadelphia 76ers,https://www.basketball-reference.com/players/k/kinglo02.html
moorelo01,Lowes Moore,1980-81,1982-83,3,Brooklyn Nets | Cleveland Cavaliers | LA Clippers,https://www.basketball-reference.com/players/m/moorelo01.html
garzalu01,Luka Garza,2021-22,2025-26,3,Detroit Pistons | Minnesota Timberwolves | Boston Celtics,https://www.basketball-reference.com/players/g/garzalu01.html
lampema01,Maciej Lampe,2003-04,2005-06,3,Phoenix Suns | New Orleans Pelicans | Houston Rockets,https://www.basketball-reference.com/players/l/lampema01.html
abdulma02,Mahmoud Abdul-Rauf,1990-91,2000-01,3,Denver Nuggets | Sacramento Kings | Memphis Grizzlies,https://www.basketball-reference.com/players/a/abdulma02.html
fittsma01,Malik Fitts,2020-21,2021-22,3,LA Clippers | Utah Jazz | Boston Celtics,https://www.basketball-reference.com/players/f/fittsma01.html
monkma01,Malik Monk,2017-18,2025-26,3,Charlotte Hornets | Los Angeles Lakers | Sacramento Kings,https://www.basketball-reference.com/players/m/monkma01.html
harrima01,Manny Harris,2010-11,2016-17,3,Cleveland Cavaliers | Los Angeles Lakers | Dallas Mavericks,https://www.basketball-reference.com/players/h/harrima01.html
gasolma01,Marc Gasol,2008-09,2020-21,3,Memphis Grizzlies | Toronto Raptors | Los Angeles Lakers,https://www.basketball-reference.com/players/g/gasolma01.html
iavarma01,Marc Iavaroni,1982-83,1988-89,3,Philadelphia 76ers | San Antonio Spurs | Utah Jazz,https://www.basketball-reference.com/players/i/iavarma01.html
fizerma01,Marcus Fizer,2000-01,2005-06,3,Chicago Bulls | Milwaukee Bucks | New Orleans Pelicans,https://www.basketball-reference.com/players/f/fizerma01.html
haislma01,Marcus Haislip,2002-03,2009-10,3,Milwaukee Bucks | Indiana Pacers | San Antonio Spurs,https://www.basketball-reference.com/players/h/haislma01.html
willima03,Marcus Williams,2006-07,2009-10,3,Brooklyn Nets | Golden State Warriors | Memphis Grizzlies,https://www.basketball-reference.com/players/w/willima03.html
hezonma01,Mario Hezonja,2015-16,2019-20,3,Orlando Magic | New York Knicks | Portland Trail Blazers,https://www.basketball-reference.com/players/h/hezonma01.html
aguirma01,Mark Aguirre,1981-82,1993-94,3,Dallas Mavericks | Detroit Pistons | LA Clippers,https://www.basketball-reference.com/players/a/aguirma01.html
landsma01,Mark Landsberger,1979-80,1983-84,3,Chicago Bulls | Los Angeles Lakers | Atlanta Hawks,https://www.basketball-reference.com/players/l/landsma01.html
olberma01,Mark Olberding,1979-80,1986-87,3,San Antonio Spurs | Chicago Bulls | Sacramento Kings,https://www.basketball-reference.com/players/o/olberma01.html
popema01,Mark Pope,1997-98,2004-05,3,Indiana Pacers | Milwaukee Bucks | Denver Nuggets,https://www.basketball-reference.com/players/p/popema01.html
jaricma01,Marko Jarić,2002-03,2008-09,3,LA Clippers | Minnesota Timberwolves | Memphis Grizzlies,https://www.basketball-reference.com/players/j/jaricma01.html
boldema01,Marques Bolden,2019-20,2023-24,3,Cleveland Cavaliers | Milwaukee Bucks | Charlotte Hornets,https://www.basketball-reference.com/players/b/boldema01.html
johnsma01,Marques Johnson,1979-80,1989-90,3,Milwaukee Bucks | LA Clippers | Golden State Warriors,https://www.basketball-reference.com/players/j/johnsma01.html
teaguma01,Marquis Teague,2012-13,2017-18,3,Chicago Bulls | Brooklyn Nets | Memphis Grizzlies,https://www.basketball-reference.com/players/t/teaguma01.html
webstma02,Martell Webster,2005-06,2014-15,3,Portland Trail Blazers | Minnesota Timberwolves | Washington Wizards,https://www.basketball-reference.com/players/w/webstma02.html
byrnema01,Marty Byrnes,1979-80,1982-83,3,Los Angeles Lakers | Dallas Mavericks | Indiana Pacers,https://www.basketball-reference.com/players/b/byrnema01.html
bullama01,Matt Bullard,1990-91,2001-02,3,Houston Rockets | Atlanta Hawks | Charlotte Hornets,https://www.basketball-reference.com/players/b/bullama01.html
geigema01,Matt Geiger,1992-93,2001-02,3,Miami Heat | Charlotte Hornets | Philadelphia 76ers,https://www.basketball-reference.com/players/g/geigema01.html
malonma01,Matt Maloney,1996-97,2002-03,3,Houston Rockets | Chicago Bulls | Atlanta Hawks,https://www.basketball-reference.com/players/m/malonma01.html
thomama02,Matt Thomas,2019-20,2021-22,3,Toronto Raptors | Utah Jazz | Chicago Bulls,https://www.basketball-reference.com/players/t/thomama02.html
dellama01,Matthew Dellavedova,2013-14,2022-23,3,Cleveland Cavaliers | Milwaukee Bucks | Sacramento Kings,https://www.basketball-reference.com/players/d/dellama01.html
agerma01,Maurice Ager,2006-07,2010-11,3,Dallas Mavericks | Brooklyn Nets | Minnesota Timberwolves,https://www.basketball-reference.com/players/a/agerma01.html
strusma01,Max Strus,2019-20,2025-26,3,Chicago Bulls | Miami Heat | Cleveland Cavaliers,https://www.basketball-reference.com/players/s/strusma01.html
okurme01,Mehmet Okur,2002-03,2011-12,3,Detroit Pistons | Utah Jazz | Brooklyn Nets,https://www.basketball-reference.com/players/o/okurme01.html
bookeme01,Melvin Booker,1995-96,1996-97,3,Houston Rockets | Denver Nuggets | Golden State Warriors,https://www.basketball-reference.com/players/b/bookeme01.html
turpime01,Melvin Turpin,1984-85,1989-90,3,Cleveland Cavaliers | Utah Jazz | Washington Wizards,https://www.basketball-reference.com/players/t/turpime01.html
bateeme01,Mengke Bateer,2001-02,2003-04,3,Denver Nuggets | San Antonio Spurs | Toronto Raptors,https://www.basketball-reference.com/players/b/bateeme01.html
leoname01,Meyers Leonard,2012-13,2022-23,3,Portland Trail Blazers | Miami Heat | Milwaukee Bucks,https://www.basketball-reference.com/players/l/leoname01.html
kabenmf01,Mfiondu Kabengele,2019-20,2022-23,3,LA Clippers | Cleveland Cavaliers | Boston Celtics,https://www.basketball-reference.com/players/k/kabenmf01.html
pottemi01,Micah Potter,2021-22,2025-26,3,Detroit Pistons | Utah Jazz | Indiana Pacers,https://www.basketball-reference.com/players/p/pottemi01.html
anslemi01,Michael Ansley,1989-90,1991-92,3,Orlando Magic | Philadelphia 76ers | Charlotte Hornets,https://www.basketball-reference.com/players/a/anslemi01.html
brookmi01,Michael Brooks,1980-81,1987-88,3,LA Clippers | Indiana Pacers | Denver Nuggets,https://www.basketball-reference.com/players/b/brookmi01.html
olowomi01,Michael Olowokandi,1998-99,2006-07,3,LA Clippers | Minnesota Timberwolves | Boston Celtics,https://www.basketball-reference.com/players/o/olowomi01.html
richami01,Michael Ray Richardson,1979-80,1985-86,3,New York Knicks | Golden State Warriors | Brooklyn Nets,https://www.basketball-reference.com/players/r/richami01.html
smithmi02,Michael Smith,1994-95,2000-01,3,Sacramento Kings | Memphis Grizzlies | Washington Wizards,https://www.basketball-reference.com/players/s/smithmi02.html
youngmi01,Michael Young,1984-85,1989-90,3,Phoenix Suns | Philadelphia 76ers | LA Clippers,https://www.basketball-reference.com/players/y/youngmi01.html
bridgmi01,Mikal Bridges,2018-19,2025-26,3,Phoenix Suns | Brooklyn Nets | New York Knicks,https://www.basketball-reference.com/players/b/bridgmi01.html
conlemi01,Mike Conley,2007-08,2025-26,3,Memphis Grizzlies | Utah Jazz | Minnesota Timberwolves,https://www.basketball-reference.com/players/c/conlemi01.html
dunlemi01,Mike Dunleavy,1979-80,1989-90,3,Houston Rockets | San Antonio Spurs | Milwaukee Bucks,https://www.basketball-reference.com/players/d/dunlemi01.html
galemi01,Mike Gale,1979-80,1981-82,3,San Antonio Spurs | Portland Trail Blazers | Golden State Warriors,https://www.basketball-reference.com/players/g/galemi01.html
glennmi01,Mike Glenn,1979-80,1986-87,3,New York Knicks | Atlanta Hawks | Milwaukee Bucks,https://www.basketball-reference.com/players/g/glennmi01.html
harrimi01,Mike Harris,2007-08,2013-14,3,Houston Rockets | Washington Wizards | Utah Jazz,https://www.basketball-reference.com/players/h/harrimi01.html
higgimi01,Mike Higgins,1989-90,1990-91,3,Los Angeles Lakers | Denver Nuggets | Sacramento Kings,https://www.basketball-reference.com/players/h/higgimi01.html
jamesmi02,Mike James,2017-18,2020-21,3,Phoenix Suns | New Orleans Pelicans | Brooklyn Nets,https://www.basketball-reference.com/players/j/jamesmi02.html
teletmi01,Mirza Teletović,2012-13,2017-18,3,Brooklyn Nets | Phoenix Suns | Milwaukee Bucks,https://www.basketball-reference.com/players/t/teletmi01.html
butlemi02,Mitchell Butler,1993-94,2003-04,3,Washington Wizards | Portland Trail Blazers | Cleveland Cavaliers,https://www.basketball-reference.com/players/b/butlemi02.html
wiggimi01,Mitchell Wiggins,1983-84,1991-92,3,Chicago Bulls | Houston Rockets | Philadelphia 76ers,https://www.basketball-reference.com/players/w/wiggimi01.html
blaylmo01,Mookie Blaylock,1989-90,2001-02,3,Brooklyn Nets | Atlanta Hawks | Golden State Warriors,https://www.basketball-reference.com/players/b/blaylmo01.html
petermo01,Morris Peterson,2000-01,2010-11,3,Toronto Raptors | New Orleans Pelicans | Oklahoma City Thunder,https://www.basketball-reference.com/players/p/petermo01.html
muldemy01,Mychal Mulder,2019-20,2021-22,3,Golden State Warriors | Orlando Magic | Miami Heat,https://www.basketball-reference.com/players/m/muldemy01.html
thompmy01,Mychal Thompson,1980-81,1990-91,3,Portland Trail Blazers | San Antonio Spurs | Los Angeles Lakers,https://www.basketball-reference.com/players/t/thompmy01.html
hintona01,Nate Hinton,2020-21,2023-24,3,Dallas Mavericks | Indiana Pacers | Houston Rockets,https://www.basketball-reference.com/players/h/hintona01.html
willije02,Nate Williams,2022-23,2025-26,3,Portland Trail Blazers | Houston Rockets | Golden State Warriors,https://www.basketball-reference.com/players/w/willije02.html
woltena01,Nate Wolters,2013-14,2017-18,3,Milwaukee Bucks | New Orleans Pelicans | Utah Jazz,https://www.basketball-reference.com/players/w/woltena01.html
krstine01,Nenad Krstić,2004-05,2010-11,3,Brooklyn Nets | Oklahoma City Thunder | Boston Celtics,https://www.basketball-reference.com/players/k/krstine01.html
hilarne01,Nenê,2002-03,2018-19,3,Denver Nuggets | Washington Wizards | Houston Rockets,https://www.basketball-reference.com/players/h/hilarne01.html
anderni01,Nick Anderson,1989-90,2001-02,3,Orlando Magic | Sacramento Kings | Memphis Grizzlies,https://www.basketball-reference.com/players/a/anderni01.html
richani01,Nick Richards,2020-21,2025-26,3,Charlotte Hornets | Phoenix Suns | Chicago Bulls,https://www.basketball-reference.com/players/r/richani01.html
mirotni01,Nikola Mirotić,2014-15,2018-19,3,Chicago Bulls | New Orleans Pelicans | Milwaukee Bucks,https://www.basketball-reference.com/players/m/mirotni01.html
coleno01,Norris Cole,2011-12,2016-17,3,Miami Heat | New Orleans Pelicans | Oklahoma City Thunder,https://www.basketball-reference.com/players/c/coleno01.html
mayooj01,O.J. Mayo,2008-09,2015-16,3,Memphis Grizzlies | Dallas Mavericks | Milwaukee Bucks,https://www.basketball-reference.com/players/m/mayooj01.html
agbajoc01,Ochai Agbaji,2022-23,2025-26,3,Utah Jazz | Toronto Raptors | Brooklyn Nets,https://www.basketball-reference.com/players/a/agbajoc01.html
mackol01,Ollie Mack,1979-80,1981-82,3,Los Angeles Lakers | Chicago Bulls | Dallas Mavericks,https://www.basketball-reference.com/players/m/mackol01.html
yurtsom01,Omer Yurtseven,2021-22,2025-26,3,Miami Heat | Utah Jazz | Golden State Warriors,https://www.basketball-reference.com/players/y/yurtsom01.html
birdsot01,Otis Birdsong,1979-80,1988-89,3,Sacramento Kings | Brooklyn Nets | Boston Celtics,https://www.basketball-reference.com/players/b/birdsot01.html
smithot01,Otis Smith,1986-87,1991-92,3,Denver Nuggets | Golden State Warriors | Orlando Magic,https://www.basketball-reference.com/players/s/smithot01.html
hallpj01,PJ Hall,2024-25,2025-26,3,Denver Nuggets | Memphis Grizzlies | Charlotte Hornets,https://www.basketball-reference.com/players/h/hallpj01.html
prigipa01,Pablo Prigioni,2012-13,2015-16,3,New York Knicks | Houston Rockets | LA Clippers,https://www.basketball-reference.com/players/p/prigipa01.html
connapa01,Pat Connaughton,2015-16,2025-26,3,Portland Trail Blazers | Milwaukee Bucks | Charlotte Hornets,https://www.basketball-reference.com/players/c/connapa01.html
ewingpa01,Patrick Ewing,1985-86,2001-02,3,New York Knicks | Oklahoma City Thunder | Orlando Magic,https://www.basketball-reference.com/players/e/ewingpa01.html
mccawpa01,Patrick McCaw,2016-17,2020-21,3,Golden State Warriors | Cleveland Cavaliers | Toronto Raptors,https://www.basketball-reference.com/players/m/mccawpa01.html
obryapa01,Patrick O'Bryant,2006-07,2009-10,3,Golden State Warriors | Boston Celtics | Toronto Raptors,https://www.basketball-reference.com/players/o/obryapa01.html
grantpa01,Paul Grant,1998-99,2003-04,3,Minnesota Timberwolves | Milwaukee Bucks | Utah Jazz,https://www.basketball-reference.com/players/g/grantpa01.html
presspa01,Paul Pressey,1982-83,1992-93,3,Milwaukee Bucks | San Antonio Spurs | Golden State Warriors,https://www.basketball-reference.com/players/p/presspa01.html
shirlpa01,Paul Shirley,2002-03,2004-05,3,Atlanta Hawks | Chicago Bulls | Phoenix Suns,https://www.basketball-reference.com/players/s/shirlpa01.html
thomppa01,Paul Thompson,1983-84,1985-86,3,Cleveland Cavaliers | Milwaukee Bucks | Philadelphia 76ers,https://www.basketball-reference.com/players/t/thomppa01.html
watsopa01,Paul Watson,2019-20,2021-22,3,Atlanta Hawks | Toronto Raptors | Oklahoma City Thunder,https://www.basketball-reference.com/players/w/watsopa01.html
westppa01,Paul Westphal,1979-80,1983-84,3,Phoenix Suns | Oklahoma City Thunder | New York Knicks,https://www.basketball-reference.com/players/w/westppa01.html
sanchpe01,Pepe Sánchez,2000-01,2002-03,3,Atlanta Hawks | Philadelphia 76ers | Detroit Pistons,https://www.basketball-reference.com/players/s/sanchpe01.html
mosspe01,Perry Moss,1985-86,1986-87,3,Washington Wizards | Philadelphia 76ers | Golden State Warriors,https://www.basketball-reference.com/players/m/mosspe01.html
nancepe01,Pete Nance,2023-24,2025-26,3,Cleveland Cavaliers | Philadelphia 76ers | Milwaukee Bucks,https://www.basketball-reference.com/players/n/nancepe01.html
cheniph01,Phil Chenier,1979-80,1980-81,3,Washington Wizards | Indiana Pacers | Golden State Warriors,https://www.basketball-reference.com/players/c/cheniph01.html
pressph01,Phil Pressey,2013-14,2015-16,3,Boston Celtics | Philadelphia 76ers | Phoenix Suns,https://www.basketball-reference.com/players/p/pressph01.html
smithph01,Phil Smith,1979-80,1982-83,3,Golden State Warriors | LA Clippers | Oklahoma City Thunder,https://www.basketball-reference.com/players/s/smithph01.html
richapo01,Pooh Richardson,1989-90,1998-99,3,Minnesota Timberwolves | Indiana Pacers | LA Clippers,https://www.basketball-reference.com/players/r/richapo01.html
drobnpr01,Predrag Drobnjak,2001-02,2004-05,3,Oklahoma City Thunder | LA Clippers | Atlanta Hawks,https://www.basketball-reference.com/players/d/drobnpr01.html
shortpu01,Purvis Short,1979-80,1989-90,3,Golden State Warriors | Houston Rockets | Brooklyn Nets,https://www.basketball-reference.com/players/s/shortpu01.html
gudmupe01,Pétur Guðmundsson,1981-82,1988-89,3,Portland Trail Blazers | Los Angeles Lakers | San Antonio Spurs,https://www.basketball-reference.com/players/g/gudmupe01.html
millequ01,Quincy Miller,2012-13,2014-15,3,Denver Nuggets | Sacramento Kings | Detroit Pistons,https://www.basketball-reference.com/players/m/millequ01.html
bucknqu01,Quinn Buckner,1979-80,1985-86,3,Milwaukee Bucks | Boston Celtics | Indiana Pacers,https://www.basketball-reference.com/players/b/bucknqu01.html
dailequ01,Quintin Dailey,1982-83,1991-92,3,Chicago Bulls | LA Clippers | Oklahoma City Thunder,https://www.basketball-reference.com/players/d/dailequ01.html
woodsqy01,Qyntel Woods,2002-03,2005-06,3,Portland Trail Blazers | Miami Heat | New York Knicks,https://www.basketball-reference.com/players/w/woodsqy01.html
hunterj01,R.J. Hunter,2015-16,2018-19,3,Boston Celtics | Chicago Bulls | Houston Rockets,https://www.basketball-reference.com/players/h/hunterj01.html
wittmra01,Randy Wittman,1983-84,1991-92,3,Atlanta Hawks | Sacramento Kings | Indiana Pacers,https://www.basketball-reference.com/players/w/wittmra01.html
vaughra01,Rashad Vaughn,2015-16,2017-18,3,Milwaukee Bucks | Brooklyn Nets | Orlando Magic,https://www.basketball-reference.com/players/v/vaughra01.html
mccalra01,Ray McCallum,2013-14,2015-16,3,Sacramento Kings | San Antonio Spurs | Memphis Grizzlies,https://www.basketball-reference.com/players/m/mccalra01.html
spaldra01,Ray Spalding,2018-19,2020-21,3,Dallas Mavericks | Phoenix Suns | Houston Rockets,https://www.basketball-reference.com/players/s/spaldra01.html
dennira01,RayJ Dennis,2024-25,2025-26,3,Indiana Pacers | LA Clippers | Atlanta Hawks,https://www.basketball-reference.com/players/d/dennira01.html
gainere01,Reece Gaines,2003-04,2005-06,3,Orlando Magic | Houston Rockets | Milwaukee Bucks,https://www.basketball-reference.com/players/g/gainere01.html
perryre01,Reggie Perry,2020-21,2021-22,3,Brooklyn Nets | Portland Trail Blazers | Indiana Pacers,https://www.basketball-reference.com/players/p/perryre01.html
waltere01,Rex Walters,1993-94,1999-00,3,Brooklyn Nets | Philadelphia 76ers | Miami Heat,https://www.basketball-reference.com/players/w/waltere01.html
hamilri01,Richard Hamilton,1999-00,2012-13,3,Washington Wizards | Detroit Pistons | Chicago Bulls,https://www.basketball-reference.com/players/h/hamilri01.html
washiri01,Richard Washington,1979-80,1981-82,3,Milwaukee Bucks | Dallas Mavericks | Cleveland Cavaliers,https://www.basketball-reference.com/players/w/washiri01.html
carliri01,Rick Carlisle,1984-85,1989-90,3,Boston Celtics | New York Knicks | Brooklyn Nets,https://www.basketball-reference.com/players/c/carliri01.html
soberri01,Ricky Sobers,1979-80,1985-86,3,Chicago Bulls | Washington Wizards | Oklahoma City Thunder,https://www.basketball-reference.com/players/s/soberri01.html
kurucro01,Rodions Kurucs,2018-19,2020-21,3,Brooklyn Nets | Houston Rockets | Milwaukee Bucks,https://www.basketball-reference.com/players/k/kurucro01.html
mcgruro01,Rodney McGruder,2016-17,2022-23,3,Miami Heat | LA Clippers | Detroit Pistons,https://www.basketball-reference.com/players/m/mcgruro01.html
whitero02,Rodney White,2001-02,2004-05,3,Detroit Pistons | Denver Nuggets | Golden State Warriors,https://www.basketball-reference.com/players/w/whitero02.html
rhodero01,Rodrick Rhodes,1997-98,1999-00,3,Houston Rockets | Memphis Grizzlies | Dallas Mavericks,https://www.basketball-reference.com/players/r/rhodero01.html
harpero02,Ron Harper Jr.,2022-23,2025-26,3,Toronto Raptors | Detroit Pistons | Boston Celtics,https://www.basketball-reference.com/players/h/harpero02.html
holliro01,Rondae Hollis-Jefferson,2015-16,2020-21,3,Brooklyn Nets | Toronto Raptors | Portland Trail Blazers,https://www.basketball-reference.com/players/h/holliro01.html
whitero01,Rory White,1982-83,1986-87,3,Phoenix Suns | Milwaukee Bucks | LA Clippers,https://www.basketball-reference.com/players/w/whitero01.html
hinsoro01,Roy Hinson,1983-84,1990-91,3,Cleveland Cavaliers | Philadelphia 76ers | Brooklyn Nets,https://www.basketball-reference.com/players/h/hinsoro01.html
onealro01,Royce O'Neale,2017-18,2025-26,3,Utah Jazz | Brooklyn Nets | Phoenix Suns,https://www.basketball-reference.com/players/o/onealro01.html
whiteru01,Rudy White,1979-80,1980-81,3,Houston Rockets | Golden State Warriors | Oklahoma City Thunder,https://www.basketball-reference.com/players/w/whiteru01.html
schoeru01,Russ Schoene,1982-83,1988-89,3,Philadelphia 76ers | Indiana Pacers | Oklahoma City Thunder,https://www.basketball-reference.com/players/s/schoeru01.html
larueru01,Rusty LaRue,1997-98,2003-04,3,Chicago Bulls | Utah Jazz | Golden State Warriors,https://www.basketball-reference.com/players/l/larueru01.html
arcidry01,Ryan Arcidiacono,2017-18,2023-24,3,Chicago Bulls | New York Knicks | Portland Trail Blazers,https://www.basketball-reference.com/players/a/arcidry01.html
rolliry01,Ryan Rollins,2022-23,2025-26,3,Golden State Warriors | Washington Wizards | Milwaukee Bucks,https://www.basketball-reference.com/players/r/rolliry01.html
leesa01,Saben Lee,2020-21,2023-24,3,Detroit Pistons | Philadelphia 76ers | Phoenix Suns,https://www.basketball-reference.com/players/l/leesa01.html
beysa01,Saddiq Bey,2020-21,2025-26,3,Detroit Pistons | Atlanta Hawks | New Orleans Pelicans,https://www.basketball-reference.com/players/b/beysa01.html
bowiesa01,Sam Bowie,1984-85,1994-95,3,Portland Trail Blazers | Brooklyn Nets | Los Angeles Lakers,https://www.basketball-reference.com/players/b/bowiesa01.html
jacobsa01,Sam Jacobson,1998-99,2000-01,3,Los Angeles Lakers | Golden State Warriors | Minnesota Timberwolves,https://www.basketball-reference.com/players/j/jacobsa01.html
laceysa01,Sam Lacey,1979-80,1982-83,3,Sacramento Kings | Brooklyn Nets | Cleveland Cavaliers,https://www.basketball-reference.com/players/l/laceysa01.html
merrisa01,Sam Merrill,2020-21,2025-26,3,Milwaukee Bucks | Memphis Grizzlies | Cleveland Cavaliers,https://www.basketball-reference.com/players/m/merrisa01.html
youngsa01,Sam Young,2009-10,2012-13,3,Memphis Grizzlies | Philadelphia 76ers | Indiana Pacers,https://www.basketball-reference.com/players/y/youngsa01.html
mamuksa01,Sandro Mamukelashvili,2021-22,2025-26,3,Milwaukee Bucks | San Antonio Spurs | Toronto Raptors,https://www.basketball-reference.com/players/m/mamuksa01.html
maysc01,Scott May,1979-80,1982-83,3,Chicago Bulls | Milwaukee Bucks | Detroit Pistons,https://www.basketball-reference.com/players/m/maysc01.html
rothsc01,Scott Roth,1987-88,1989-90,3,Utah Jazz | San Antonio Spurs | Minnesota Timberwolves,https://www.basketball-reference.com/players/r/rothsc01.html
wedmasc01,Scott Wedman,1979-80,1986-87,3,Sacramento Kings | Cleveland Cavaliers | Boston Celtics,https://www.basketball-reference.com/players/w/wedmasc01.html
pippesc01,Scottie Pippen,1987-88,2003-04,3,Chicago Bulls | Houston Rockets | Portland Trail Blazers,https://www.basketball-reference.com/players/p/pippesc01.html
hopsosc01,Scotty Hopson,2013-14,2021-22,3,Cleveland Cavaliers | Dallas Mavericks | Oklahoma City Thunder,https://www.basketball-reference.com/players/h/hopsosc01.html
greense01,Sean Green,1991-92,1993-94,3,Indiana Pacers | Philadelphia 76ers | Utah Jazz,https://www.basketball-reference.com/players/g/greense01.html
willise01,Sean Williams,2007-08,2011-12,3,Brooklyn Nets | Dallas Mavericks | Boston Celtics,https://www.basketball-reference.com/players/w/willise01.html
ojelese01,Semi Ojeleye,2017-18,2021-22,3,Boston Celtics | Milwaukee Bucks | LA Clippers,https://www.basketball-reference.com/players/o/ojelese01.html
battish01,Shane Battier,2001-02,2013-14,3,Memphis Grizzlies | Houston Rockets | Miami Heat,https://www.basketball-reference.com/players/b/battish01.html
bradlsh01,Shawn Bradley,1993-94,2004-05,3,Philadelphia 76ers | Brooklyn Nets | Dallas Mavericks,https://www.basketball-reference.com/players/b/bradlsh01.html
scottsh01,Shawnelle Scott,1996-97,2001-02,3,Cleveland Cavaliers | San Antonio Spurs | Denver Nuggets,https://www.basketball-reference.com/players/s/scottsh01.html
jonessh01,Shelton Jones,1988-89,1988-89,3,San Antonio Spurs | Golden State Warriors | Philadelphia 76ers,https://www.basketball-reference.com/players/j/jonessh01.html
fontesi01,Simone Fontecchio,2022-23,2025-26,3,Utah Jazz | Detroit Pistons | Miami Heat,https://www.basketball-reference.com/players/f/fontesi01.html
thornsi01,Sindarius Thornwell,2017-18,2020-21,3,LA Clippers | New Orleans Pelicans | Orlando Magic,https://www.basketball-reference.com/players/t/thornsi01.html
labissk01,Skal Labissière,2016-17,2025-26,3,Sacramento Kings | Portland Trail Blazers | Washington Wizards,https://www.basketball-reference.com/players/l/labissk01.html
mayssk01,Skylar Mays,2020-21,2023-24,3,Atlanta Hawks | Portland Trail Blazers | Los Angeles Lakers,https://www.basketball-reference.com/players/m/mayssk01.html
willisl01,Sly Williams,1979-80,1985-86,3,New York Knicks | Atlanta Hawks | Boston Celtics,https://www.basketball-reference.com/players/w/willisl01.html
umudest01,Stanley Umude,2022-23,2025-26,3,Detroit Pistons | Milwaukee Bucks | San Antonio Spurs,https://www.basketball-reference.com/players/u/umudest01.html
howarst01,Stephen Howard,1992-93,1997-98,3,Utah Jazz | San Antonio Spurs | Oklahoma City Thunder,https://www.basketball-reference.com/players/h/howarst01.html
bardost01,Steve Bardo,1991-92,1995-96,3,San Antonio Spurs | Dallas Mavericks | Detroit Pistons,https://www.basketball-reference.com/players/b/bardost01.html
francst01,Steve Francis,1999-00,2007-08,3,Houston Rockets | Orlando Magic | New York Knicks,https://www.basketball-reference.com/players/f/francst01.html
malovst01,Steve Malovic,1979-80,1979-80,3,Washington Wizards | LA Clippers | Detroit Pistons,https://www.basketball-reference.com/players/m/malovst01.html
mixst01,Steve Mix,1979-80,1982-83,3,Philadelphia 76ers | Milwaukee Bucks | Los Angeles Lakers,https://www.basketball-reference.com/players/m/mixst01.html
nashst01,Steve Nash,1996-97,2013-14,3,Phoenix Suns | Dallas Mavericks | Los Angeles Lakers,https://www.basketball-reference.com/players/n/nashst01.html
grangst01,Stewart Granger,1983-84,1986-87,3,Cleveland Cavaliers | Atlanta Hawks | New York Knicks,https://www.basketball-reference.com/players/g/grangst01.html
vrankst01,Stojko Vranković,1990-91,1998-99,3,Boston Celtics | Minnesota Timberwolves | LA Clippers,https://www.basketball-reference.com/players/v/vrankst01.html
grayst01,Stuart Gray,1984-85,1990-91,3,Indiana Pacers | Charlotte Hornets | New York Knicks,https://www.basketball-reference.com/players/g/grayst01.html
dunntr01,T.R. Dunn,1979-80,1990-91,3,Portland Trail Blazers | Denver Nuggets | Phoenix Suns,https://www.basketball-reference.com/players/d/dunntr01.html
hortota01,Talen Horton-Tucker,2019-20,2024-25,3,Los Angeles Lakers | Utah Jazz | Chicago Bulls,https://www.basketball-reference.com/players/h/hortota01.html
frankte01,Tellis Frank,1987-88,1993-94,3,Golden State Warriors | Miami Heat | Minnesota Timberwolves,https://www.basketball-reference.com/players/f/frankte01.html
mannte01,Terance Mann,2019-20,2025-26,3,LA Clippers | Atlanta Hawks | Brooklyn Nets,https://www.basketball-reference.com/players/m/mannte01.html
brandte01,Terrell Brandon,1991-92,2001-02,3,Cleveland Cavaliers | Milwaukee Bucks | Minnesota Timberwolves,https://www.basketball-reference.com/players/b/brandte01.html
joneste01,Terrence Jones,2012-13,2018-19,3,Houston Rockets | New Orleans Pelicans | Milwaukee Bucks,https://www.basketball-reference.com/players/j/joneste01.html
rosste01,Terrence Ross,2012-13,2022-23,3,Toronto Raptors | Orlando Magic | Phoenix Suns,https://www.basketball-reference.com/players/r/rosste01.html
catlete01,Terry Catledge,1985-86,1992-93,3,Philadelphia 76ers | Washington Wizards | Orlando Magic,https://www.basketball-reference.com/players/c/catlete01.html
deherte01,Terry Dehere,1993-94,1998-99,3,LA Clippers | Sacramento Kings | Memphis Grizzlies,https://www.basketball-reference.com/players/d/deherte01.html
roziete01,Terry Rozier,2015-16,2024-25,3,Boston Celtics | Charlotte Hornets | Miami Heat,https://www.basketball-reference.com/players/r/roziete01.html
taylote01,Terry Taylor,2021-22,2024-25,3,Indiana Pacers | Chicago Bulls | Sacramento Kings,https://www.basketball-reference.com/players/t/taylote01.html
tylerte01,Terry Tyler,1979-80,1988-89,3,Detroit Pistons | Sacramento Kings | Dallas Mavericks,https://www.basketball-reference.com/players/t/tylerte01.html
pinsoth01,Theo Pinson,2018-19,2022-23,3,Brooklyn Nets | New York Knicks | Dallas Mavericks,https://www.basketball-reference.com/players/p/pinsoth01.html
makerth01,Thon Maker,2016-17,2020-21,3,Milwaukee Bucks | Detroit Pistons | Cleveland Cavaliers,https://www.basketball-reference.com/players/m/makerth01.html
maledth01,Théo Maledon,2020-21,2023-24,3,Oklahoma City Thunder | Charlotte Hornets | Phoenix Suns,https://www.basketball-reference.com/players/m/maledth01.html
splitti01,Tiago Splitter,2010-11,2016-17,3,San Antonio Spurs | Atlanta Hawks | Philadelphia 76ers,https://www.basketball-reference.com/players/s/splitti01.html
jamesti01,Tim James,1999-00,2001-02,3,Miami Heat | Charlotte Hornets | Philadelphia 76ers,https://www.basketball-reference.com/players/j/jamesti01.html
perryti01,Tim Perry,1988-89,1995-96,3,Phoenix Suns | Philadelphia 76ers | Brooklyn Nets,https://www.basketball-reference.com/players/p/perryti01.html
lagarto01,Tom LaGarde,1979-80,1984-85,3,Oklahoma City Thunder | Dallas Mavericks | Brooklyn Nets,https://www.basketball-reference.com/players/l/lagarto01.html
owensto01,Tom Owens,1979-80,1982-83,3,Portland Trail Blazers | Indiana Pacers | Detroit Pistons,https://www.basketball-reference.com/players/o/owensto01.html
allento01,Tony Allen,2004-05,2017-18,3,Boston Celtics | Memphis Grizzlies | New Orleans Pelicans,https://www.basketball-reference.com/players/a/allento01.html
dumasto01,Tony Dumas,1994-95,1997-98,3,Dallas Mavericks | Phoenix Suns | Cleveland Cavaliers,https://www.basketball-reference.com/players/d/dumasto01.html
whiteto01,Tony White,1987-88,1987-88,3,Chicago Bulls | New York Knicks | Golden State Warriors,https://www.basketball-reference.com/players/w/whiteto01.html
murryto01,Toure' Murry,2013-14,2014-15,3,New York Knicks | Utah Jazz | Washington Wizards,https://www.basketball-reference.com/players/m/murryto01.html
jackstr01,Tracy Jackson,1981-82,1983-84,3,Boston Celtics | Chicago Bulls | Indiana Pacers,https://www.basketball-reference.com/players/j/jackstr01.html
mooretr01,Tracy Moore,1991-92,1996-97,3,Dallas Mavericks | Detroit Pistons | Houston Rockets,https://www.basketball-reference.com/players/m/mooretr01.html
dienetr01,Travis Diener,2005-06,2009-10,3,Orlando Magic | Indiana Pacers | Portland Trail Blazers,https://www.basketball-reference.com/players/d/dienetr01.html
knightr01,Travis Knight,1996-97,2002-03,3,Los Angeles Lakers | Boston Celtics | New York Knicks,https://www.basketball-reference.com/players/k/knightr01.html
fowlktr01,Tremaine Fowlkes,2001-02,2004-05,3,LA Clippers | Detroit Pistons | Indiana Pacers,https://www.basketball-reference.com/players/f/fowlktr01.html
watertr01,Tremont Waters,2019-20,2021-22,3,Boston Celtics | Toronto Raptors | Washington Wizards,https://www.basketball-reference.com/players/w/watertr01.html
watfotr01,Trendon Watford,2021-22,2025-26,3,Portland Trail Blazers | Brooklyn Nets | Philadelphia 76ers,https://www.basketball-reference.com/players/w/watfotr01.html
tucketr01,Trent Tucker,1982-83,1992-93,3,New York Knicks | San Antonio Spurs | Chicago Bulls,https://www.basketball-reference.com/players/t/tucketr01.html
queentr01,Trevelin Queen,2021-22,2024-25,3,Houston Rockets | Indiana Pacers | Orlando Magic,https://www.basketball-reference.com/players/q/queentr01.html
newtotr01,Tristen Newton,2024-25,2025-26,3,Indiana Pacers | Minnesota Timberwolves | Houston Rockets,https://www.basketball-reference.com/players/n/newtotr01.html
dorsety01,Tyler Dorsey,2017-18,2022-23,3,Atlanta Hawks | Memphis Grizzlies | Dallas Mavericks,https://www.basketball-reference.com/players/d/dorsety01.html
hansbty01,Tyler Hansbrough,2009-10,2015-16,3,Indiana Pacers | Toronto Raptors | Charlotte Hornets,https://www.basketball-reference.com/players/h/hansbty01.html
martity01,Tyrese Martin,2022-23,2025-26,3,Atlanta Hawks | Brooklyn Nets | Philadelphia 76ers,https://www.basketball-reference.com/players/m/martity01.html
wallaty01,Tyrone Wallace,2017-18,2021-22,3,LA Clippers | Atlanta Hawks | New Orleans Pelicans,https://www.basketball-reference.com/players/w/wallaty01.html
thomaty01,Tyrus Thomas,2006-07,2014-15,3,Chicago Bulls | Charlotte Hornets | Memphis Grizzlies,https://www.basketball-reference.com/players/t/thomaty01.html
edneyty01,Tyus Edney,1995-96,2000-01,3,Sacramento Kings | Boston Celtics | Indiana Pacers,https://www.basketball-reference.com/players/e/edneyty01.html
blabuw01,Uwe Blab,1985-86,1989-90,3,Dallas Mavericks | Golden State Warriors | San Antonio Spurs,https://www.basketball-reference.com/players/b/blabuw01.html
micicva01,Vasilije Micić,2023-24,2024-25,3,Oklahoma City Thunder | Charlotte Hornets | Phoenix Suns,https://www.basketball-reference.com/players/m/micicva01.html
johnsvi01,Vinnie Johnson,1979-80,1991-92,3,Oklahoma City Thunder | Detroit Pistons | San Antonio Spurs,https://www.basketball-reference.com/players/j/johnsvi01.html
divacvl01,Vlade Divac,1989-90,2004-05,3,Los Angeles Lakers | Charlotte Hornets | Sacramento Kings,https://www.basketball-reference.com/players/d/divacvl01.html
krejcvi01,Vít Krejčí,2021-22,2025-26,3,Oklahoma City Thunder | Atlanta Hawks | Portland Trail Blazers,https://www.basketball-reference.com/players/k/krejcvi01.html
russewa01,Walker Russell,1982-83,1987-88,3,Detroit Pistons | Atlanta Hawks | Indiana Pacers,https://www.basketball-reference.com/players/r/russewa01.html
bryanwa01,Wallace Bryant,1983-84,1985-86,3,Chicago Bulls | Dallas Mavericks | LA Clippers,https://www.basketball-reference.com/players/b/bryanwa01.html
bondwa01,Walter Bond,1992-93,1994-95,3,Dallas Mavericks | Utah Jazz | Detroit Pistons,https://www.basketball-reference.com/players/b/bondwa01.html
daviswa03,Walter Davis,1979-80,1991-92,3,Phoenix Suns | Denver Nuggets | Portland Trail Blazers,https://www.basketball-reference.com/players/d/daviswa03.html
zhizhwa01,Wang Zhizhi,2000-01,2004-05,3,Dallas Mavericks | LA Clippers | Miami Heat,https://www.basketball-reference.com/players/z/zhizhwa01.html
tisdawa01,Wayman Tisdale,1985-86,1996-97,3,Indiana Pacers | Sacramento Kings | Phoenix Suns,https://www.basketball-reference.com/players/t/tisdawa01.html
moorewe01,Wendell Moore Jr.,2022-23,2025-26,3,Minnesota Timberwolves | Detroit Pistons | Charlotte Hornets,https://www.basketball-reference.com/players/m/moorewe01.html
bynumwi01,Will Bynum,2005-06,2014-15,3,Golden State Warriors | Detroit Pistons | Washington Wizards,https://www.basketball-reference.com/players/b/bynumwi01.html
perduwi01,Will Perdue,1988-89,2000-01,3,Chicago Bulls | San Antonio Spurs | Portland Trail Blazers,https://www.basketball-reference.com/players/p/perduwi01.html
solomwi01,Will Solomon,2001-02,2008-09,3,Memphis Grizzlies | Toronto Raptors | Sacramento Kings,https://www.basketball-reference.com/players/s/solomwi01.html
bedfowi01,William Bedford,1986-87,1992-93,3,Phoenix Suns | Detroit Pistons | San Antonio Spurs,https://www.basketball-reference.com/players/b/bedfowi01.html
hernawi01,Willy Hernangómez,2016-17,2022-23,3,New York Knicks | Charlotte Hornets | New Orleans Pelicans,https://www.basketball-reference.com/players/h/hernawi01.html
henryxa01,Xavier Henry,2010-11,2014-15,3,Memphis Grizzlies | New Orleans Pelicans | Los Angeles Lakers,https://www.basketball-reference.com/players/h/henryxa01.html
sneedxa01,Xavier Sneed,2021-22,2022-23,3,Memphis Grizzlies | Utah Jazz | Charlotte Hornets,https://www.basketball-reference.com/players/s/sneedxa01.html
tillmxa01,Xavier Tillman Sr.,2020-21,2025-26,3,Memphis Grizzlies | Boston Celtics | Charlotte Hornets,https://www.basketball-reference.com/players/t/tillmxa01.html
colliza01,Zach Collins,2017-18,2025-26,3,Portland Trail Blazers | San Antonio Spurs | Chicago Bulls,https://www.basketball-reference.com/players/c/colliza01.html
lavinza01,Zach LaVine,2014-15,2025-26,3,Minnesota Timberwolves | Chicago Bulls | Sacramento Kings,https://www.basketball-reference.com/players/l/lavinza01.html
asikom01,Ömer Aşık,2010-11,2017-18,3,Chicago Bulls | Houston Rockets | New Orleans Pelicans,https://www.basketball-reference.com/players/a/asikom01.html
rebraze01,Željko Rebrača,2001-02,2005-06,3,Detroit Pistons | Atlanta Hawks | LA Clippers,https://www.basketball-reference.com/players/r/rebraze01.html
