player_id,player_name,franchise_key,franchise_name,abbreviations,first_season,last_season,seasons_played
smithis01,Ish Smith,HOU,Houston Rockets,HOU,2010-11,2010-11,1
smithis01,Ish Smith,MEM,Memphis Grizzlies,MEM,2010-11,2010-11,1
smithis01,Ish Smith,GSW,Golden State Warriors,GSW,2011-12,2011-12,1
smithis01,Ish Smith,ORL,Orlando Magic,ORL,2011-12,2012-13,2
smithis01,Ish Smith,MIL,Milwaukee Bucks,MIL,2012-13,2012-13,1
smithis01,Ish Smith,PHX,Phoenix Suns,PHO,2013-14,2013-14,1
smithis01,Ish Smith,OKC,Oklahoma City Thunder,OKC,2014-15,2014-15,1
smithis01,Ish Smith,PHI,Philadelphia 76ers,PHI,2014-15,2015-16,2
smithis01,Ish Smith,NOP,New Orleans Pelicans,NOP,2015-16,2015-16,1
smithis01,Ish Smith,DET,Detroit Pistons,DET,2016-17,2018-19,3
smithis01,Ish Smith,WAS,Washington Wizards,WAS,2019-20,2021-22,3
smithis01,Ish Smith,CHA,Charlotte Hornets,CHO,2021-22,2023-24,2
smithis01,Ish Smith,DEN,Denver Nuggets,DEN,2022-23,2022-23,1
brownch01,Chucky Brown,CLE,Cleveland Cavaliers,CLE,1989-90,2000-01,4
brownch01,Chucky Brown,LAL,Los Angeles Lakers,LAL,1991-92,1991-92,1
brownch01,Chucky Brown,BKN,Brooklyn Nets,NJN,1992-93,1992-93,1
brownch01,Chucky Brown,DAL,Dallas Mavericks,DAL,1993-94,1993-94,1
brownch01,Chucky Brown,HOU,Houston Rockets,HOU,1994-95,1995-96,2
brownch01,Chucky Brown,PHX,Phoenix Suns,PHO,1996-97,1996-97,1
brownch01,Chucky Brown,MIL,Milwaukee Bucks,MIL,1996-97,1996-97,1
brownch01,Chucky Brown,ATL,Atlanta Hawks,ATL,1997-98,1997-98,1
brownch01,Chucky Brown,CHA,Charlotte Hornets,CHH,1998-99,1999-00,2
brownch01,Chucky Brown,SAS,San Antonio Spurs,SAS,1999-00,1999-00,1
brownch01,Chucky Brown,GSW,Golden State Warriors,GSW,2000-01,2000-01,1
brownch01,Chucky Brown,SAC,Sacramento Kings,SAC,2001-02,2001-02,1
templga01,Garrett Temple,HOU,Houston Rockets,HOU,2009-10,2009-10,1
templga01,Garrett Temple,SAC,Sacramento Kings,SAC,2009-10,2017-18,3
templga01,Garrett Temple,SAS,San Antonio Spurs,SAS,2009-10,2010-11,2
templga01,Garrett Temple,MIL,Milwaukee Bucks,MIL,2010-11,2010-11,1
templga01,Garrett Temple,CHA,Charlotte Hornets,CHA,2010-11,2010-11,1
templga01,Garrett Temple,WAS,Washington Wizards,WAS,2012-13,2015-16,4
templga01,Garrett Temple,MEM,Memphis Grizzlies,MEM,2018-19,2018-19,1
templga01,Garrett Temple,LAC,LA Clippers,LAC,2018-19,2018-19,1
templga01,Garrett Temple,BKN,Brooklyn Nets,BRK,2019-20,2019-20,1
templga01,Garrett Temple,CHI,Chicago Bulls,CHI,2020-21,2020-21,1
templga01,Garrett Temple,NOP,New Orleans Pelicans,NOP,2021-22,2022-23,2
templga01,Garrett Temple,TOR,Toronto Raptors,TOR,2023-24,2025-26,3
jacksji01,Jim Jackson,DAL,Dallas Mavericks,DAL,1992-93,1996-97,5
jacksji01,Jim Jackson,BKN,Brooklyn Nets,NJN,1996-97,1996-97,1
jacksji01,Jim Jackson,PHI,Philadelphia 76ers,PHI,1997-98,1997-98,1
jacksji01,Jim Jackson,GSW,Golden State Warriors,GSW,1997-98,1997-98,1
jacksji01,Jim Jackson,POR,Portland Trail Blazers,POR,1998-99,1998-99,1
jacksji01,Jim Jackson,ATL,Atlanta Hawks,ATL,1999-00,2000-01,2
jacksji01,Jim Jackson,CLE,Cleveland Cavaliers,CLE,2000-01,2000-01,1
jacksji01,Jim Jackson,MIA,Miami Heat,MIA,2001-02,2001-02,1
jacksji01,Jim Jackson,SAC,Sacramento Kings,SAC,2002-03,2002-03,1
jacksji01,Jim Jackson,HOU,Houston Rockets,HOU,2003-04,2004-05,2
jacksji01,Jim Jackson,PHX,Phoenix Suns,PHO,2004-05,2005-06,2
jacksji01,Jim Jackson,LAL,Los Angeles Lakers,LAL,2005-06,2005-06,1
smithjo02,Joe Smith,GSW,Golden State Warriors,GSW,1995-96,1997-98,3
smithjo02,Joe Smith,PHI,Philadelphia 76ers,PHI,1997-98,2006-07,2
smithjo02,Joe Smith,MIN,Minnesota Timberwolves,MIN,1998-99,2002-03,4
smithjo02,Joe Smith,DET,Detroit Pistons,DET,2000-01,2000-01,1
smithjo02,Joe Smith,MIL,Milwaukee Bucks,MIL,2003-04,2005-06,3
smithjo02,Joe Smith,DEN,Denver Nuggets,DEN,2006-07,2006-07,1
smithjo02,Joe Smith,CHI,Chicago Bulls,CHI,2007-08,2007-08,1
smithjo02,Joe Smith,CLE,Cleveland Cavaliers,CLE,2007-08,2008-09,2
smithjo02,Joe Smith,OKC,Oklahoma City Thunder,OKC,2008-09,2008-09,1
smithjo02,Joe Smith,ATL,Atlanta Hawks,ATL,2009-10,2009-10,1
smithjo02,Joe Smith,BKN,Brooklyn Nets,NJN,2010-11,2010-11,1
smithjo02,Joe Smith,LAL,Los Angeles Lakers,LAL,2010-11,2010-11,1
masseto01,Tony Massenburg,SAS,San Antonio Spurs,SAS,1990-91,2004-05,3
masseto01,Tony Massenburg,CHA,Charlotte Hornets,CHH,1991-92,1991-92,1
masseto01,Tony Massenburg,BOS,Boston Celtics,BOS,1991-92,1991-92,1
masseto01,Tony Massenburg,GSW,Golden State Warriors,GSW,1991-92,1991-92,1
masseto01,Tony Massenburg,LAC,LA Clippers,LAC,1994-95,1994-95,1
masseto01,Tony Massenburg,TOR,Toronto Raptors,TOR,1995-96,1995-96,1
masseto01,Tony Massenburg,PHI,Philadelphia 76ers,PHI,1995-96,1995-96,1
masseto01,Tony Massenburg,BKN,Brooklyn Nets,NJN,1996-97,1996-97,1
masseto01,Tony Massenburg,MEM,Memphis Grizzlies,"MEM,VAN",1997-98,2001-02,4
masseto01,Tony Massenburg,HOU,Houston Rockets,HOU,1999-00,1999-00,1
masseto01,Tony Massenburg,UTA,Utah Jazz,UTA,2002-03,2002-03,1
masseto01,Tony Massenburg,SAC,Sacramento Kings,SAC,2003-04,2003-04,1
tollian01,Anthony Tolliver,SAS,San Antonio Spurs,SAS,2008-09,2008-09,1
tollian01,Anthony Tolliver,POR,Portland Trail Blazers,POR,2009-10,2019-20,2
tollian01,Anthony Tolliver,GSW,Golden State Warriors,GSW,2009-10,2009-10,1
tollian01,Anthony Tolliver,MIN,Minnesota Timberwolves,MIN,2010-11,2018-19,3
tollian01,Anthony Tolliver,ATL,Atlanta Hawks,ATL,2012-13,2012-13,1
tollian01,Anthony Tolliver,CHA,Charlotte Hornets,CHA,2013-14,2013-14,1
tollian01,Anthony Tolliver,PHX,Phoenix Suns,PHO,2014-15,2014-15,1
tollian01,Anthony Tolliver,DET,Detroit Pistons,DET,2014-15,2017-18,3
tollian01,Anthony Tolliver,SAC,Sacramento Kings,SAC,2016-17,2019-20,2
tollian01,Anthony Tolliver,MEM,Memphis Grizzlies,MEM,2019-20,2019-20,1
tollian01,Anthony Tolliver,PHI,Philadelphia 76ers,PHI,2020-21,2020-21,1
augusdj01,D.J. Augustin,CHA,Charlotte Hornets,CHA,2008-09,2011-12,4
augusdj01,D.J. Augustin,IND,Indiana Pacers,IND,2012-13,2012-13,1
augusdj01,D.J. Augustin,TOR,Toronto Raptors,TOR,2013-14,2013-14,1
augusdj01,D.J. Augustin,CHI,Chicago Bulls,CHI,2013-14,2013-14,1
augusdj01,D.J. Augustin,DET,Detroit Pistons,DET,2014-15,2014-15,1
augusdj01,D.J. Augustin,OKC,Oklahoma City Thunder,OKC,2014-15,2015-16,2
augusdj01,D.J. Augustin,DEN,Denver Nuggets,DEN,2015-16,2015-16,1
augusdj01,D.J. Augustin,ORL,Orlando Magic,ORL,2016-17,2019-20,4
augusdj01,D.J. Augustin,MIL,Milwaukee Bucks,MIL,2020-21,2020-21,1
augusdj01,D.J. Augustin,HOU,Houston Rockets,HOU,2020-21,2021-22,2
augusdj01,D.J. Augustin,LAL,Los Angeles Lakers,LAL,2021-22,2021-22,1
schrode01,Dennis Schröder,ATL,Atlanta Hawks,ATL,2013-14,2017-18,5
schrode01,Dennis Schröder,OKC,Oklahoma City Thunder,OKC,2018-19,2019-20,2
schrode01,Dennis Schröder,LAL,Los Angeles Lakers,LAL,2020-21,2022-23,2
schrode01,Dennis Schröder,BOS,Boston Celtics,BOS,2021-22,2021-22,1
schrode01,Dennis Schröder,HOU,Houston Rockets,HOU,2021-22,2021-22,1
schrode01,Dennis Schröder,TOR,Toronto Raptors,TOR,2023-24,2023-24,1
schrode01,Dennis Schröder,BKN,Brooklyn Nets,BRK,2023-24,2024-25,2
schrode01,Dennis Schröder,GSW,Golden State Warriors,GSW,2024-25,2024-25,1
schrode01,Dennis Schröder,DET,Detroit Pistons,DET,2024-25,2024-25,1
schrode01,Dennis Schröder,SAC,Sacramento Kings,SAC,2025-26,2025-26,1
schrode01,Dennis Schröder,CLE,Cleveland Cavaliers,CLE,2025-26,2025-26,1
greenje02,Jeff Green,OKC,Oklahoma City Thunder,"OKC,SEA",2007-08,2010-11,4
greenje02,Jeff Green,BOS,Boston Celtics,BOS,2010-11,2014-15,4
greenje02,Jeff Green,MEM,Memphis Grizzlies,MEM,2014-15,2015-16,2
greenje02,Jeff Green,LAC,LA Clippers,LAC,2015-16,2015-16,1
greenje02,Jeff Green,ORL,Orlando Magic,ORL,2016-17,2016-17,1
greenje02,Jeff Green,CLE,Cleveland Cavaliers,CLE,2017-18,2017-18,1
greenje02,Jeff Green,WAS,Washington Wizards,WAS,2018-19,2018-19,1
greenje02,Jeff Green,UTA,Utah Jazz,UTA,2019-20,2019-20,1
greenje02,Jeff Green,HOU,Houston Rockets,HOU,2019-20,2025-26,4
greenje02,Jeff Green,BKN,Brooklyn Nets,BRK,2020-21,2020-21,1
greenje02,Jeff Green,DEN,Denver Nuggets,DEN,2021-22,2022-23,2
ollieke01,Kevin Ollie,DAL,Dallas Mavericks,DAL,1997-98,1997-98,1
ollieke01,Kevin Ollie,ORL,Orlando Magic,ORL,1997-98,1998-99,2
ollieke01,Kevin Ollie,SAC,Sacramento Kings,SAC,1998-99,1998-99,1
ollieke01,Kevin Ollie,PHI,Philadelphia 76ers,PHI,1999-00,2007-08,6
ollieke01,Kevin Ollie,BKN,Brooklyn Nets,NJN,2000-01,2000-01,1
ollieke01,Kevin Ollie,CHI,Chicago Bulls,CHI,2001-02,2001-02,1
ollieke01,Kevin Ollie,IND,Indiana Pacers,IND,2001-02,2001-02,1
ollieke01,Kevin Ollie,MIL,Milwaukee Bucks,MIL,2002-03,2002-03,1
ollieke01,Kevin Ollie,OKC,Oklahoma City Thunder,"OKC,SEA",2002-03,2009-10,2
ollieke01,Kevin Ollie,CLE,Cleveland Cavaliers,CLE,2003-04,2003-04,1
ollieke01,Kevin Ollie,MIN,Minnesota Timberwolves,MIN,2008-09,2008-09,1
jamesmi01,Mike James,MIA,Miami Heat,MIA,2001-02,2002-03,2
jamesmi01,Mike James,BOS,Boston Celtics,BOS,2003-04,2003-04,1
jamesmi01,Mike James,DET,Detroit Pistons,DET,2003-04,2003-04,1
jamesmi01,Mike James,MIL,Milwaukee Bucks,MIL,2004-05,2004-05,1
jamesmi01,Mike James,HOU,Houston Rockets,HOU,2004-05,2007-08,2
jamesmi01,Mike James,TOR,Toronto Raptors,TOR,2005-06,2005-06,1
jamesmi01,Mike James,MIN,Minnesota Timberwolves,MIN,2006-07,2006-07,1
jamesmi01,Mike James,NOP,New Orleans Pelicans,NOH,2007-08,2008-09,2
jamesmi01,Mike James,WAS,Washington Wizards,WAS,2008-09,2009-10,2
jamesmi01,Mike James,CHI,Chicago Bulls,CHI,2011-12,2013-14,2
jamesmi01,Mike James,DAL,Dallas Mavericks,DAL,2012-13,2012-13,1
williaa01,Aaron Williams,UTA,Utah Jazz,UTA,1993-94,1993-94,1
williaa01,Aaron Williams,MIL,Milwaukee Bucks,MIL,1994-95,1994-95,1
williaa01,Aaron Williams,DEN,Denver Nuggets,DEN,1996-97,1996-97,1
williaa01,Aaron Williams,MEM,Memphis Grizzlies,VAN,1996-97,1996-97,1
williaa01,Aaron Williams,OKC,Oklahoma City Thunder,SEA,1997-98,1998-99,2
williaa01,Aaron Williams,WAS,Washington Wizards,WAS,1999-00,1999-00,1
williaa01,Aaron Williams,BKN,Brooklyn Nets,NJN,2000-01,2004-05,5
williaa01,Aaron Williams,TOR,Toronto Raptors,TOR,2004-05,2005-06,2
williaa01,Aaron Williams,NOP,New Orleans Pelicans,NOK,2005-06,2005-06,1
williaa01,Aaron Williams,LAC,LA Clippers,LAC,2006-07,2007-08,2
jonesda01,Damon Jones,BKN,Brooklyn Nets,NJN,1998-99,1998-99,1
jonesda01,Damon Jones,BOS,Boston Celtics,BOS,1998-99,1998-99,1
jonesda01,Damon Jones,GSW,Golden State Warriors,GSW,1999-00,1999-00,1
jonesda01,Damon Jones,DAL,Dallas Mavericks,DAL,1999-00,1999-00,1
jonesda01,Damon Jones,MEM,Memphis Grizzlies,VAN,2000-01,2000-01,1
jonesda01,Damon Jones,DET,Detroit Pistons,DET,2001-02,2001-02,1
jonesda01,Damon Jones,SAC,Sacramento Kings,SAC,2002-03,2002-03,1
jonesda01,Damon Jones,MIL,Milwaukee Bucks,MIL,2003-04,2008-09,2
jonesda01,Damon Jones,MIA,Miami Heat,MIA,2004-05,2004-05,1
jonesda01,Damon Jones,CLE,Cleveland Cavaliers,CLE,2005-06,2007-08,3
wrighde01,Delon Wright,TOR,Toronto Raptors,TOR,2015-16,2018-19,4
wrighde01,Delon Wright,MEM,Memphis Grizzlies,MEM,2018-19,2018-19,1
wrighde01,Delon Wright,DAL,Dallas Mavericks,DAL,2019-20,2019-20,1
wrighde01,Delon Wright,DET,Detroit Pistons,DET,2020-21,2020-21,1
wrighde01,Delon Wright,SAC,Sacramento Kings,SAC,2020-21,2020-21,1
wrighde01,Delon Wright,ATL,Atlanta Hawks,ATL,2021-22,2021-22,1
wrighde01,Delon Wright,WAS,Washington Wizards,WAS,2022-23,2023-24,2
wrighde01,Delon Wright,MIA,Miami Heat,MIA,2023-24,2023-24,1
wrighde01,Delon Wright,MIL,Milwaukee Bucks,MIL,2024-25,2024-25,1
wrighde01,Delon Wright,NYK,New York Knicks,NYK,2024-25,2024-25,1
goodedr01,Drew Gooden,MEM,Memphis Grizzlies,MEM,2002-03,2002-03,1
goodedr01,Drew Gooden,ORL,Orlando Magic,ORL,2002-03,2003-04,2
goodedr01,Drew Gooden,CLE,Cleveland Cavaliers,CLE,2004-05,2007-08,4
goodedr01,Drew Gooden,CHI,Chicago Bulls,CHI,2007-08,2008-09,2
goodedr01,Drew Gooden,SAC,Sacramento Kings,SAC,2008-09,2008-09,1
goodedr01,Drew Gooden,SAS,San Antonio Spurs,SAS,2008-09,2008-09,1
goodedr01,Drew Gooden,DAL,Dallas Mavericks,DAL,2009-10,2009-10,1
goodedr01,Drew Gooden,LAC,LA Clippers,LAC,2009-10,2009-10,1
goodedr01,Drew Gooden,MIL,Milwaukee Bucks,MIL,2010-11,2012-13,3
goodedr01,Drew Gooden,WAS,Washington Wizards,WAS,2013-14,2015-16,3
boykiea01,Earl Boykins,BKN,Brooklyn Nets,NJN,1998-99,1998-99,1
boykiea01,Earl Boykins,CLE,Cleveland Cavaliers,CLE,1998-99,1999-00,2
boykiea01,Earl Boykins,ORL,Orlando Magic,ORL,1999-00,1999-00,1
boykiea01,Earl Boykins,LAC,LA Clippers,LAC,2000-01,2001-02,2
boykiea01,Earl Boykins,GSW,Golden State Warriors,GSW,2002-03,2002-03,1
boykiea01,Earl Boykins,DEN,Denver Nuggets,DEN,2003-04,2006-07,4
boykiea01,Earl Boykins,MIL,Milwaukee Bucks,MIL,2006-07,2010-11,2
boykiea01,Earl Boykins,CHA,Charlotte Hornets,CHA,2007-08,2007-08,1
boykiea01,Earl Boykins,WAS,Washington Wizards,WAS,2009-10,2009-10,1
boykiea01,Earl Boykins,HOU,Houston Rockets,HOU,2011-12,2011-12,1
thomais02,Isaiah Thomas,SAC,Sacramento Kings,SAC,2011-12,2013-14,3
thomais02,Isaiah Thomas,PHX,Phoenix Suns,PHO,2014-15,2023-24,2
thomais02,Isaiah Thomas,BOS,Boston Celtics,BOS,2014-15,2016-17,3
thomais02,Isaiah Thomas,CLE,Cleveland Cavaliers,CLE,2017-18,2017-18,1
thomais02,Isaiah Thomas,LAL,Los Angeles Lakers,LAL,2017-18,2021-22,2
thomais02,Isaiah Thomas,DEN,Denver Nuggets,DEN,2018-19,2018-19,1
thomais02,Isaiah Thomas,WAS,Washington Wizards,WAS,2019-20,2019-20,1
thomais02,Isaiah Thomas,NOP,New Orleans Pelicans,NOP,2020-21,2020-21,1
thomais02,Isaiah Thomas,DAL,Dallas Mavericks,DAL,2021-22,2021-22,1
thomais02,Isaiah Thomas,CHA,Charlotte Hornets,CHO,2021-22,2021-22,1
ennisja01,James Ennis III,MIA,Miami Heat,MIA,2014-15,2015-16,2
ennisja01,James Ennis III,MEM,Memphis Grizzlies,MEM,2015-16,2017-18,3
ennisja01,James Ennis III,NOP,New Orleans Pelicans,NOP,2015-16,2015-16,1
ennisja01,James Ennis III,DET,Detroit Pistons,DET,2017-18,2017-18,1
ennisja01,James Ennis III,HOU,Houston Rockets,HOU,2018-19,2018-19,1
ennisja01,James Ennis III,PHI,Philadelphia 76ers,PHI,2018-19,2019-20,2
ennisja01,James Ennis III,ORL,Orlando Magic,ORL,2019-20,2020-21,2
ennisja01,James Ennis III,BKN,Brooklyn Nets,BRK,2021-22,2021-22,1
ennisja01,James Ennis III,LAC,LA Clippers,LAC,2021-22,2021-22,1
ennisja01,James Ennis III,DEN,Denver Nuggets,DEN,2021-22,2021-22,1
johnsja01,James Johnson,CHI,Chicago Bulls,CHI,2009-10,2010-11,2
johnsja01,James Johnson,TOR,Toronto Raptors,TOR,2010-11,2015-16,4
johnsja01,James Johnson,SAC,Sacramento Kings,SAC,2012-13,2012-13,1
johnsja01,James Johnson,MEM,Memphis Grizzlies,MEM,2013-14,2013-14,1
johnsja01,James Johnson,MIA,Miami Heat,MIA,2016-17,2019-20,4
johnsja01,James Johnson,MIN,Minnesota Timberwolves,MIN,2019-20,2019-20,1
johnsja01,James Johnson,DAL,Dallas Mavericks,DAL,2020-21,2020-21,1
johnsja01,James Johnson,NOP,New Orleans Pelicans,NOP,2020-21,2020-21,1
johnsja01,James Johnson,BKN,Brooklyn Nets,BRK,2021-22,2021-22,1
johnsja01,James Johnson,IND,Indiana Pacers,IND,2022-23,2024-25,3
holidju01,Justin Holiday,PHI,Philadelphia 76ers,PHI,2012-13,2012-13,1
holidju01,Justin Holiday,GSW,Golden State Warriors,GSW,2014-15,2014-15,1
holidju01,Justin Holiday,ATL,Atlanta Hawks,ATL,2015-16,2022-23,2
holidju01,Justin Holiday,CHI,Chicago Bulls,CHI,2015-16,2018-19,3
holidju01,Justin Holiday,NYK,New York Knicks,NYK,2016-17,2016-17,1
holidju01,Justin Holiday,MEM,Memphis Grizzlies,MEM,2018-19,2018-19,1
holidju01,Justin Holiday,IND,Indiana Pacers,IND,2019-20,2021-22,3
holidju01,Justin Holiday,SAC,Sacramento Kings,SAC,2021-22,2021-22,1
holidju01,Justin Holiday,DAL,Dallas Mavericks,DAL,2022-23,2022-23,1
holidju01,Justin Holiday,DEN,Denver Nuggets,DEN,2023-24,2023-24,1
amundlo01,Lou Amundson,UTA,Utah Jazz,UTA,2006-07,2006-07,1
amundlo01,Lou Amundson,PHI,Philadelphia 76ers,PHI,2006-07,2007-08,2
amundlo01,Lou Amundson,PHX,Phoenix Suns,PHO,2008-09,2009-10,2
amundlo01,Lou Amundson,GSW,Golden State Warriors,GSW,2010-11,2010-11,1
amundlo01,Lou Amundson,IND,Indiana Pacers,IND,2011-12,2011-12,1
amundlo01,Lou Amundson,MIN,Minnesota Timberwolves,MIN,2012-13,2012-13,1
amundlo01,Lou Amundson,CHI,Chicago Bulls,CHI,2012-13,2013-14,2
amundlo01,Lou Amundson,NOP,New Orleans Pelicans,"NOH,NOP",2012-13,2013-14,2
amundlo01,Lou Amundson,CLE,Cleveland Cavaliers,CLE,2014-15,2014-15,1
amundlo01,Lou Amundson,NYK,New York Knicks,NYK,2014-15,2015-16,2
bryanma01,Mark Bryant,POR,Portland Trail Blazers,POR,1988-89,1994-95,7
bryanma01,Mark Bryant,HOU,Houston Rockets,HOU,1995-96,1995-96,1
bryanma01,Mark Bryant,PHX,Phoenix Suns,PHO,1996-97,1997-98,2
bryanma01,Mark Bryant,CHI,Chicago Bulls,CHI,1998-99,1998-99,1
bryanma01,Mark Bryant,CLE,Cleveland Cavaliers,CLE,1999-00,1999-00,1
bryanma01,Mark Bryant,DAL,Dallas Mavericks,DAL,2000-01,2000-01,1
bryanma01,Mark Bryant,SAS,San Antonio Spurs,SAS,2001-02,2001-02,1
bryanma01,Mark Bryant,PHI,Philadelphia 76ers,PHI,2002-03,2002-03,1
bryanma01,Mark Bryant,DEN,Denver Nuggets,DEN,2002-03,2002-03,1
bryanma01,Mark Bryant,BOS,Boston Celtics,BOS,2002-03,2002-03,1
curryse01,Seth Curry,MEM,Memphis Grizzlies,MEM,2013-14,2013-14,1
curryse01,Seth Curry,CLE,Cleveland Cavaliers,CLE,2013-14,2013-14,1
curryse01,Seth Curry,PHX,Phoenix Suns,PHO,2014-15,2014-15,1
curryse01,Seth Curry,SAC,Sacramento Kings,SAC,2015-16,2015-16,1
curryse01,Seth Curry,DAL,Dallas Mavericks,DAL,2016-17,2023-24,3
curryse01,Seth Curry,POR,Portland Trail Blazers,POR,2018-19,2018-19,1
curryse01,Seth Curry,PHI,Philadelphia 76ers,PHI,2020-21,2021-22,2
curryse01,Seth Curry,BKN,Brooklyn Nets,BRK,2021-22,2022-23,2
curryse01,Seth Curry,CHA,Charlotte Hornets,CHO,2023-24,2024-25,2
curryse01,Seth Curry,GSW,Golden State Warriors,GSW,2025-26,2025-26,1
arizatr01,Trevor Ariza,NYK,New York Knicks,NYK,2004-05,2005-06,2
arizatr01,Trevor Ariza,ORL,Orlando Magic,ORL,2005-06,2007-08,3
arizatr01,Trevor Ariza,LAL,Los Angeles Lakers,LAL,2007-08,2021-22,3
arizatr01,Trevor Ariza,HOU,Houston Rockets,HOU,2009-10,2017-18,5
arizatr01,Trevor Ariza,NOP,New Orleans Pelicans,NOH,2010-11,2011-12,2
arizatr01,Trevor Ariza,WAS,Washington Wizards,WAS,2012-13,2018-19,3
arizatr01,Trevor Ariza,PHX,Phoenix Suns,PHO,2018-19,2018-19,1
arizatr01,Trevor Ariza,SAC,Sacramento Kings,SAC,2019-20,2019-20,1
arizatr01,Trevor Ariza,POR,Portland Trail Blazers,POR,2019-20,2019-20,1
arizatr01,Trevor Ariza,MIA,Miami Heat,MIA,2020-21,2020-21,1
millean02,Andre Miller,CLE,Cleveland Cavaliers,CLE,1999-00,2001-02,3
millean02,Andre Miller,LAC,LA Clippers,LAC,2002-03,2002-03,1
millean02,Andre Miller,DEN,Denver Nuggets,DEN,2003-04,2013-14,7
millean02,Andre Miller,PHI,Philadelphia 76ers,PHI,2006-07,2008-09,3
millean02,Andre Miller,POR,Portland Trail Blazers,POR,2009-10,2010-11,2
millean02,Andre Miller,WAS,Washington Wizards,WAS,2013-14,2014-15,2
millean02,Andre Miller,SAC,Sacramento Kings,SAC,2014-15,2014-15,1
millean02,Andre Miller,MIN,Minnesota Timberwolves,MIN,2015-16,2015-16,1
millean02,Andre Miller,SAS,San Antonio Spurs,SAS,2015-16,2015-16,1
goldwan01,Anthony Goldwire,CHA,Charlotte Hornets,CHH,1995-96,1996-97,2
goldwan01,Anthony Goldwire,DEN,Denver Nuggets,DEN,1996-97,2000-01,3
goldwan01,Anthony Goldwire,SAS,San Antonio Spurs,SAS,2002-03,2002-03,1
goldwan01,Anthony Goldwire,WAS,Washington Wizards,WAS,2002-03,2002-03,1
goldwan01,Anthony Goldwire,MIN,Minnesota Timberwolves,MIN,2003-04,2003-04,1
goldwan01,Anthony Goldwire,BKN,Brooklyn Nets,NJN,2003-04,2003-04,1
goldwan01,Anthony Goldwire,DET,Detroit Pistons,DET,2004-05,2004-05,1
goldwan01,Anthony Goldwire,MIL,Milwaukee Bucks,MIL,2004-05,2004-05,1
goldwan01,Anthony Goldwire,LAC,LA Clippers,LAC,2005-06,2005-06,1
benjabe01,Benoit Benjamin,LAC,LA Clippers,LAC,1985-86,1990-91,6
benjabe01,Benoit Benjamin,OKC,Oklahoma City Thunder,SEA,1990-91,1992-93,3
benjabe01,Benoit Benjamin,LAL,Los Angeles Lakers,LAL,1992-93,1992-93,1
benjabe01,Benoit Benjamin,BKN,Brooklyn Nets,NJN,1993-94,1994-95,2
benjabe01,Benoit Benjamin,MEM,Memphis Grizzlies,VAN,1995-96,1995-96,1
benjabe01,Benoit Benjamin,MIL,Milwaukee Bucks,MIL,1995-96,1995-96,1
benjabe01,Benoit Benjamin,TOR,Toronto Raptors,TOR,1996-97,1996-97,1
benjabe01,Benoit Benjamin,PHI,Philadelphia 76ers,PHI,1997-98,1998-99,2
benjabe01,Benoit Benjamin,CLE,Cleveland Cavaliers,CLE,1999-00,1999-00,1
knighbr01,Brevin Knight,CLE,Cleveland Cavaliers,CLE,1997-98,2000-01,4
knighbr01,Brevin Knight,ATL,Atlanta Hawks,ATL,2000-01,2000-01,1
knighbr01,Brevin Knight,MEM,Memphis Grizzlies,MEM,2001-02,2002-03,2
knighbr01,Brevin Knight,PHX,Phoenix Suns,PHO,2003-04,2003-04,1
knighbr01,Brevin Knight,WAS,Washington Wizards,WAS,2003-04,2003-04,1
knighbr01,Brevin Knight,MIL,Milwaukee Bucks,MIL,2003-04,2003-04,1
knighbr01,Brevin Knight,CHA,Charlotte Hornets,CHA,2004-05,2006-07,3
knighbr01,Brevin Knight,LAC,LA Clippers,LAC,2007-08,2007-08,1
knighbr01,Brevin Knight,UTA,Utah Jazz,UTA,2008-09,2008-09,1
butleca01,Caron Butler,MIA,Miami Heat,MIA,2002-03,2003-04,2
butleca01,Caron Butler,LAL,Los Angeles Lakers,LAL,2004-05,2004-05,1
butleca01,Caron Butler,WAS,Washington Wizards,WAS,2005-06,2009-10,5
butleca01,Caron Butler,DAL,Dallas Mavericks,DAL,2009-10,2010-11,2
butleca01,Caron Butler,LAC,LA Clippers,LAC,2011-12,2012-13,2
butleca01,Caron Butler,MIL,Milwaukee Bucks,MIL,2013-14,2013-14,1
butleca01,Caron Butler,OKC,Oklahoma City Thunder,OKC,2013-14,2013-14,1
butleca01,Caron Butler,DET,Detroit Pistons,DET,2014-15,2014-15,1
butleca01,Caron Butler,SAC,Sacramento Kings,SAC,2015-16,2015-16,1
houseed01,Eddie House,MIA,Miami Heat,MIA,2000-01,2010-11,4
houseed01,Eddie House,LAC,LA Clippers,LAC,2003-04,2003-04,1
houseed01,Eddie House,CHA,Charlotte Hornets,CHA,2004-05,2004-05,1
houseed01,Eddie House,MIL,Milwaukee Bucks,MIL,2004-05,2004-05,1
houseed01,Eddie House,SAC,Sacramento Kings,SAC,2004-05,2004-05,1
houseed01,Eddie House,PHX,Phoenix Suns,PHO,2005-06,2005-06,1
houseed01,Eddie House,BKN,Brooklyn Nets,NJN,2006-07,2006-07,1
houseed01,Eddie House,BOS,Boston Celtics,BOS,2007-08,2009-10,3
houseed01,Eddie House,NYK,New York Knicks,NYK,2009-10,2009-10,1
fostegr01,Greg Foster,WAS,Washington Wizards,WSB,1990-91,1992-93,3
fostegr01,Greg Foster,ATL,Atlanta Hawks,ATL,1992-93,1992-93,1
fostegr01,Greg Foster,MIL,Milwaukee Bucks,MIL,1993-94,2001-02,2
fostegr01,Greg Foster,CHI,Chicago Bulls,CHI,1994-95,1994-95,1
fostegr01,Greg Foster,MIN,Minnesota Timberwolves,MIN,1994-95,1994-95,1
fostegr01,Greg Foster,UTA,Utah Jazz,UTA,1995-96,1998-99,4
fostegr01,Greg Foster,OKC,Oklahoma City Thunder,SEA,1999-00,1999-00,1
fostegr01,Greg Foster,LAL,Los Angeles Lakers,LAL,2000-01,2000-01,1
fostegr01,Greg Foster,TOR,Toronto Raptors,TOR,2002-03,2002-03,1
monrogr01,Greg Monroe,DET,Detroit Pistons,DET,2010-11,2014-15,5
monrogr01,Greg Monroe,MIL,Milwaukee Bucks,MIL,2015-16,2021-22,4
monrogr01,Greg Monroe,PHX,Phoenix Suns,PHO,2017-18,2017-18,1
monrogr01,Greg Monroe,BOS,Boston Celtics,BOS,2017-18,2018-19,2
monrogr01,Greg Monroe,TOR,Toronto Raptors,TOR,2018-19,2018-19,1
monrogr01,Greg Monroe,PHI,Philadelphia 76ers,PHI,2018-19,2018-19,1
monrogr01,Greg Monroe,MIN,Minnesota Timberwolves,MIN,2021-22,2021-22,1
monrogr01,Greg Monroe,WAS,Washington Wizards,WAS,2021-22,2021-22,1
monrogr01,Greg Monroe,UTA,Utah Jazz,UTA,2021-22,2021-22,1
mcgeeja01,JaVale McGee,WAS,Washington Wizards,WAS,2008-09,2011-12,4
mcgeeja01,JaVale McGee,DEN,Denver Nuggets,DEN,2011-12,2020-21,5
mcgeeja01,JaVale McGee,PHI,Philadelphia 76ers,PHI,2014-15,2014-15,1
mcgeeja01,JaVale McGee,DAL,Dallas Mavericks,DAL,2015-16,2022-23,2
mcgeeja01,JaVale McGee,GSW,Golden State Warriors,GSW,2016-17,2017-18,2
mcgeeja01,JaVale McGee,LAL,Los Angeles Lakers,LAL,2018-19,2019-20,2
mcgeeja01,JaVale McGee,CLE,Cleveland Cavaliers,CLE,2020-21,2020-21,1
mcgeeja01,JaVale McGee,PHX,Phoenix Suns,PHO,2021-22,2021-22,1
mcgeeja01,JaVale McGee,SAC,Sacramento Kings,SAC,2023-24,2023-24,1
crowdja01,Jae Crowder,DAL,Dallas Mavericks,DAL,2012-13,2014-15,3
crowdja01,Jae Crowder,BOS,Boston Celtics,BOS,2014-15,2016-17,3
crowdja01,Jae Crowder,CLE,Cleveland Cavaliers,CLE,2017-18,2017-18,1
crowdja01,Jae Crowder,UTA,Utah Jazz,UTA,2017-18,2018-19,2
crowdja01,Jae Crowder,MEM,Memphis Grizzlies,MEM,2019-20,2019-20,1
crowdja01,Jae Crowder,MIA,Miami Heat,MIA,2019-20,2019-20,1
crowdja01,Jae Crowder,PHX,Phoenix Suns,PHO,2020-21,2021-22,2
crowdja01,Jae Crowder,MIL,Milwaukee Bucks,MIL,2022-23,2023-24,2
crowdja01,Jae Crowder,SAC,Sacramento Kings,SAC,2024-25,2024-25,1
crawfja01,Jamal Crawford,CHI,Chicago Bulls,CHI,2000-01,2003-04,4
crawfja01,Jamal Crawford,NYK,New York Knicks,NYK,2004-05,2008-09,5
crawfja01,Jamal Crawford,GSW,Golden State Warriors,GSW,2008-09,2008-09,1
crawfja01,Jamal Crawford,ATL,Atlanta Hawks,ATL,2009-10,2010-11,2
crawfja01,Jamal Crawford,POR,Portland Trail Blazers,POR,2011-12,2011-12,1
crawfja01,Jamal Crawford,LAC,LA Clippers,LAC,2012-13,2016-17,5
crawfja01,Jamal Crawford,MIN,Minnesota Timberwolves,MIN,2017-18,2017-18,1
crawfja01,Jamal Crawford,PHX,Phoenix Suns,PHO,2018-19,2018-19,1
crawfja01,Jamal Crawford,BKN,Brooklyn Nets,BRK,2019-20,2019-20,1
jacksja01,Jaren Jackson,BKN,Brooklyn Nets,NJN,1989-90,1989-90,1
jacksja01,Jaren Jackson,GSW,Golden State Warriors,GSW,1991-92,1991-92,1
jacksja01,Jaren Jackson,LAC,LA Clippers,LAC,1992-93,1992-93,1
jacksja01,Jaren Jackson,POR,Portland Trail Blazers,POR,1993-94,1993-94,1
jacksja01,Jaren Jackson,PHI,Philadelphia 76ers,PHI,1994-95,1994-95,1
jacksja01,Jaren Jackson,HOU,Houston Rockets,HOU,1995-96,1995-96,1
jacksja01,Jaren Jackson,WAS,Washington Wizards,WSB,1996-97,1996-97,1
jacksja01,Jaren Jackson,SAS,San Antonio Spurs,SAS,1997-98,2000-01,4
jacksja01,Jaren Jackson,ORL,Orlando Magic,ORL,2001-02,2001-02,1
hartja01,Jason Hart,MIL,Milwaukee Bucks,MIL,2000-01,2000-01,1
hartja01,Jason Hart,SAS,San Antonio Spurs,SAS,2001-02,2003-04,2
hartja01,Jason Hart,CHA,Charlotte Hornets,CHA,2004-05,2004-05,1
hartja01,Jason Hart,SAC,Sacramento Kings,SAC,2005-06,2006-07,2
hartja01,Jason Hart,LAC,LA Clippers,LAC,2006-07,2008-09,2
hartja01,Jason Hart,UTA,Utah Jazz,UTA,2007-08,2007-08,1
hartja01,Jason Hart,DEN,Denver Nuggets,DEN,2008-09,2008-09,1
hartja01,Jason Hart,MIN,Minnesota Timberwolves,MIN,2009-10,2009-10,1
hartja01,Jason Hart,NOP,New Orleans Pelicans,NOH,2009-10,2009-10,1
anderke01,Kenny Anderson,BKN,Brooklyn Nets,NJN,1991-92,1995-96,5
anderke01,Kenny Anderson,CHA,Charlotte Hornets,CHH,1995-96,1995-96,1
anderke01,Kenny Anderson,POR,Portland Trail Blazers,POR,1996-97,1997-98,2
anderke01,Kenny Anderson,BOS,Boston Celtics,BOS,1997-98,2001-02,5
anderke01,Kenny Anderson,OKC,Oklahoma City Thunder,SEA,2002-03,2002-03,1
anderke01,Kenny Anderson,NOP,New Orleans Pelicans,NOH,2002-03,2002-03,1
anderke01,Kenny Anderson,IND,Indiana Pacers,IND,2003-04,2003-04,1
anderke01,Kenny Anderson,ATL,Atlanta Hawks,ATL,2004-05,2004-05,1
anderke01,Kenny Anderson,LAC,LA Clippers,LAC,2004-05,2004-05,1
thomaku01,Kurt Thomas,MIA,Miami Heat,MIA,1995-96,1996-97,2
thomaku01,Kurt Thomas,DAL,Dallas Mavericks,DAL,1997-98,1997-98,1
thomaku01,Kurt Thomas,NYK,New York Knicks,NYK,1998-99,2012-13,8
thomaku01,Kurt Thomas,PHX,Phoenix Suns,PHO,2005-06,2006-07,2
thomaku01,Kurt Thomas,OKC,Oklahoma City Thunder,SEA,2007-08,2007-08,1
thomaku01,Kurt Thomas,SAS,San Antonio Spurs,SAS,2007-08,2008-09,2
thomaku01,Kurt Thomas,MIL,Milwaukee Bucks,MIL,2009-10,2009-10,1
thomaku01,Kurt Thomas,CHI,Chicago Bulls,CHI,2010-11,2010-11,1
thomaku01,Kurt Thomas,POR,Portland Trail Blazers,POR,2011-12,2011-12,1
belinma01,Marco Belinelli,GSW,Golden State Warriors,GSW,2007-08,2008-09,2
belinma01,Marco Belinelli,TOR,Toronto Raptors,TOR,2009-10,2009-10,1
belinma01,Marco Belinelli,NOP,New Orleans Pelicans,NOH,2010-11,2011-12,2
belinma01,Marco Belinelli,CHI,Chicago Bulls,CHI,2012-13,2012-13,1
belinma01,Marco Belinelli,SAS,San Antonio Spurs,SAS,2013-14,2019-20,4
belinma01,Marco Belinelli,SAC,Sacramento Kings,SAC,2015-16,2015-16,1
belinma01,Marco Belinelli,CHA,Charlotte Hornets,CHO,2016-17,2016-17,1
belinma01,Marco Belinelli,ATL,Atlanta Hawks,ATL,2017-18,2017-18,1
belinma01,Marco Belinelli,PHI,Philadelphia 76ers,PHI,2017-18,2017-18,1
barnema02,Matt Barnes,LAC,LA Clippers,LAC,2003-04,2014-15,4
barnema02,Matt Barnes,SAC,Sacramento Kings,SAC,2004-05,2016-17,2
barnema02,Matt Barnes,NYK,New York Knicks,NYK,2005-06,2005-06,1
barnema02,Matt Barnes,PHI,Philadelphia 76ers,PHI,2005-06,2005-06,1
barnema02,Matt Barnes,GSW,Golden State Warriors,GSW,2006-07,2016-17,3
barnema02,Matt Barnes,PHX,Phoenix Suns,PHO,2008-09,2008-09,1
barnema02,Matt Barnes,ORL,Orlando Magic,ORL,2009-10,2009-10,1
barnema02,Matt Barnes,LAL,Los Angeles Lakers,LAL,2010-11,2011-12,2
barnema02,Matt Barnes,MEM,Memphis Grizzlies,MEM,2015-16,2015-16,1
mooremi01,Mikki Moore,DET,Detroit Pistons,DET,1998-99,2001-02,4
mooremi01,Mikki Moore,BOS,Boston Celtics,BOS,2002-03,2008-09,2
mooremi01,Mikki Moore,ATL,Atlanta Hawks,ATL,2002-03,2002-03,1
mooremi01,Mikki Moore,BKN,Brooklyn Nets,NJN,2003-04,2006-07,2
mooremi01,Mikki Moore,UTA,Utah Jazz,UTA,2003-04,2003-04,1
mooremi01,Mikki Moore,LAC,LA Clippers,LAC,2004-05,2004-05,1
mooremi01,Mikki Moore,OKC,Oklahoma City Thunder,SEA,2005-06,2005-06,1
mooremi01,Mikki Moore,SAC,Sacramento Kings,SAC,2007-08,2008-09,2
mooremi01,Mikki Moore,GSW,Golden State Warriors,GSW,2009-10,2011-12,2
rondora01,Rajon Rondo,BOS,Boston Celtics,BOS,2006-07,2014-15,9
rondora01,Rajon Rondo,DAL,Dallas Mavericks,DAL,2014-15,2014-15,1
rondora01,Rajon Rondo,SAC,Sacramento Kings,SAC,2015-16,2015-16,1
rondora01,Rajon Rondo,CHI,Chicago Bulls,CHI,2016-17,2016-17,1
rondora01,Rajon Rondo,NOP,New Orleans Pelicans,NOP,2017-18,2017-18,1
rondora01,Rajon Rondo,LAL,Los Angeles Lakers,LAL,2018-19,2021-22,3
rondora01,Rajon Rondo,ATL,Atlanta Hawks,ATL,2020-21,2020-21,1
rondora01,Rajon Rondo,LAC,LA Clippers,LAC,2020-21,2020-21,1
rondora01,Rajon Rondo,CLE,Cleveland Cavaliers,CLE,2021-22,2021-22,1
livinra01,Randy Livingston,HOU,Houston Rockets,HOU,1996-97,1996-97,1
livinra01,Randy Livingston,ATL,Atlanta Hawks,ATL,1997-98,1997-98,1
livinra01,Randy Livingston,PHX,Phoenix Suns,PHO,1998-99,1999-00,2
livinra01,Randy Livingston,GSW,Golden State Warriors,GSW,2000-01,2000-01,1
livinra01,Randy Livingston,OKC,Oklahoma City Thunder,SEA,2001-02,2006-07,2
livinra01,Randy Livingston,NOP,New Orleans Pelicans,NOH,2002-03,2002-03,1
livinra01,Randy Livingston,LAC,LA Clippers,LAC,2003-04,2003-04,1
livinra01,Randy Livingston,UTA,Utah Jazz,UTA,2004-05,2004-05,1
livinra01,Randy Livingston,CHI,Chicago Bulls,CHI,2005-06,2005-06,1
lopezro01,Robin Lopez,PHX,Phoenix Suns,PHO,2008-09,2011-12,4
lopezro01,Robin Lopez,NOP,New Orleans Pelicans,NOH,2012-13,2012-13,1
lopezro01,Robin Lopez,POR,Portland Trail Blazers,POR,2013-14,2014-15,2
lopezro01,Robin Lopez,NYK,New York Knicks,NYK,2015-16,2015-16,1
lopezro01,Robin Lopez,CHI,Chicago Bulls,CHI,2016-17,2018-19,3
lopezro01,Robin Lopez,MIL,Milwaukee Bucks,MIL,2019-20,2023-24,2
lopezro01,Robin Lopez,WAS,Washington Wizards,WAS,2020-21,2020-21,1
lopezro01,Robin Lopez,ORL,Orlando Magic,ORL,2021-22,2021-22,1
lopezro01,Robin Lopez,CLE,Cleveland Cavaliers,CLE,2022-23,2022-23,1
stricro02,Rod Strickland,NYK,New York Knicks,NYK,1988-89,1989-90,2
stricro02,Rod Strickland,SAS,San Antonio Spurs,SAS,1989-90,1991-92,3
stricro02,Rod Strickland,POR,Portland Trail Blazers,POR,1992-93,2000-01,5
stricro02,Rod Strickland,WAS,Washington Wizards,"WAS,WSB",1996-97,2000-01,5
stricro02,Rod Strickland,MIA,Miami Heat,MIA,2001-02,2001-02,1
stricro02,Rod Strickland,MIN,Minnesota Timberwolves,MIN,2002-03,2002-03,1
stricro02,Rod Strickland,ORL,Orlando Magic,ORL,2003-04,2003-04,1
stricro02,Rod Strickland,TOR,Toronto Raptors,TOR,2003-04,2003-04,1
stricro02,Rod Strickland,HOU,Houston Rockets,HOU,2004-05,2004-05,1
holliry01,Ryan Hollins,CHA,Charlotte Hornets,CHA,2006-07,2008-09,3
holliry01,Ryan Hollins,DAL,Dallas Mavericks,DAL,2008-09,2008-09,1
holliry01,Ryan Hollins,MIN,Minnesota Timberwolves,MIN,2009-10,2009-10,1
holliry01,Ryan Hollins,CLE,Cleveland Cavaliers,CLE,2010-11,2011-12,2
holliry01,Ryan Hollins,BOS,Boston Celtics,BOS,2011-12,2011-12,1
holliry01,Ryan Hollins,LAC,LA Clippers,LAC,2012-13,2013-14,2
holliry01,Ryan Hollins,SAC,Sacramento Kings,SAC,2014-15,2014-15,1
holliry01,Ryan Hollins,WAS,Washington Wizards,WAS,2015-16,2015-16,1
holliry01,Ryan Hollins,MEM,Memphis Grizzlies,MEM,2015-16,2015-16,1
livinsh01,Shaun Livingston,LAC,LA Clippers,LAC,2004-05,2006-07,3
livinsh01,Shaun Livingston,MIA,Miami Heat,MIA,2008-09,2008-09,1
livinsh01,Shaun Livingston,OKC,Oklahoma City Thunder,OKC,2008-09,2009-10,2
livinsh01,Shaun Livingston,WAS,Washington Wizards,WAS,2009-10,2012-13,2
livinsh01,Shaun Livingston,CHA,Charlotte Hornets,CHA,2010-11,2010-11,1
livinsh01,Shaun Livingston,MIL,Milwaukee Bucks,MIL,2011-12,2011-12,1
livinsh01,Shaun Livingston,CLE,Cleveland Cavaliers,CLE,2012-13,2012-13,1
livinsh01,Shaun Livingston,BKN,Brooklyn Nets,BRK,2013-14,2013-14,1
livinsh01,Shaun Livingston,GSW,Golden State Warriors,GSW,2014-15,2018-19,5
novakst01,Steve Novak,HOU,Houston Rockets,HOU,2006-07,2007-08,2
novakst01,Steve Novak,LAC,LA Clippers,LAC,2008-09,2009-10,2
novakst01,Steve Novak,DAL,Dallas Mavericks,DAL,2010-11,2010-11,1
novakst01,Steve Novak,SAS,San Antonio Spurs,SAS,2010-11,2010-11,1
novakst01,Steve Novak,NYK,New York Knicks,NYK,2011-12,2012-13,2
novakst01,Steve Novak,TOR,Toronto Raptors,TOR,2013-14,2013-14,1
novakst01,Steve Novak,UTA,Utah Jazz,UTA,2014-15,2014-15,1
novakst01,Steve Novak,OKC,Oklahoma City Thunder,OKC,2014-15,2015-16,2
novakst01,Steve Novak,MIL,Milwaukee Bucks,MIL,2015-16,2016-17,2
ratlith01,Theo Ratliff,DET,Detroit Pistons,DET,1995-96,2007-08,4
ratlith01,Theo Ratliff,PHI,Philadelphia 76ers,PHI,1997-98,2008-09,5
ratlith01,Theo Ratliff,ATL,Atlanta Hawks,ATL,2001-02,2003-04,3
ratlith01,Theo Ratliff,POR,Portland Trail Blazers,POR,2003-04,2005-06,3
ratlith01,Theo Ratliff,BOS,Boston Celtics,BOS,2006-07,2006-07,1
ratlith01,Theo Ratliff,MIN,Minnesota Timberwolves,MIN,2007-08,2007-08,1
ratlith01,Theo Ratliff,SAS,San Antonio Spurs,SAS,2009-10,2009-10,1
ratlith01,Theo Ratliff,CHA,Charlotte Hornets,CHA,2009-10,2009-10,1
ratlith01,Theo Ratliff,LAL,Los Angeles Lakers,LAL,2010-11,2010-11,1
fraziti01,Tim Frazier,PHI,Philadelphia 76ers,PHI,2014-15,2014-15,1
fraziti01,Tim Frazier,POR,Portland Trail Blazers,POR,2014-15,2015-16,2
fraziti01,Tim Frazier,NOP,New Orleans Pelicans,NOP,2015-16,2018-19,3
fraziti01,Tim Frazier,WAS,Washington Wizards,WAS,2017-18,2017-18,1
fraziti01,Tim Frazier,MIL,Milwaukee Bucks,MIL,2018-19,2018-19,1
fraziti01,Tim Frazier,DET,Detroit Pistons,DET,2019-20,2019-20,1
fraziti01,Tim Frazier,MEM,Memphis Grizzlies,MEM,2020-21,2020-21,1
fraziti01,Tim Frazier,ORL,Orlando Magic,ORL,2021-22,2021-22,1
fraziti01,Tim Frazier,CLE,Cleveland Cavaliers,CLE,2021-22,2021-22,1
kemptti01,Tim Kempton,LAC,LA Clippers,LAC,1986-87,1986-87,1
kemptti01,Tim Kempton,CHA,Charlotte Hornets,CHH,1988-89,1993-94,2
kemptti01,Tim Kempton,DEN,Denver Nuggets,DEN,1989-90,1989-90,1
kemptti01,Tim Kempton,PHX,Phoenix Suns,PHO,1992-93,1992-93,1
kemptti01,Tim Kempton,CLE,Cleveland Cavaliers,CLE,1993-94,1993-94,1
kemptti01,Tim Kempton,ATL,Atlanta Hawks,ATL,1995-96,1995-96,1
kemptti01,Tim Kempton,SAS,San Antonio Spurs,SAS,1996-97,1996-97,1
kemptti01,Tim Kempton,ORL,Orlando Magic,ORL,1997-98,1997-98,1
kemptti01,Tim Kempton,TOR,Toronto Raptors,TOR,1997-98,1997-98,1
brownto01,Tony Brown,IND,Indiana Pacers,IND,1984-85,1984-85,1
brownto01,Tony Brown,CHI,Chicago Bulls,CHI,1985-86,1985-86,1
brownto01,Tony Brown,BKN,Brooklyn Nets,NJN,1986-87,1986-87,1
brownto01,Tony Brown,HOU,Houston Rockets,HOU,1988-89,1988-89,1
brownto01,Tony Brown,MIL,Milwaukee Bucks,MIL,1988-89,1989-90,2
brownto01,Tony Brown,LAL,Los Angeles Lakers,LAL,1990-91,1990-91,1
brownto01,Tony Brown,UTA,Utah Jazz,UTA,1990-91,1990-91,1
brownto01,Tony Brown,LAC,LA Clippers,LAC,1991-92,1991-92,1
brownto01,Tony Brown,OKC,Oklahoma City Thunder,SEA,1991-92,1991-92,1
corbity01,Tyrone Corbin,SAS,San Antonio Spurs,SAS,1985-86,1986-87,2
corbity01,Tyrone Corbin,CLE,Cleveland Cavaliers,CLE,1986-87,1987-88,2
corbity01,Tyrone Corbin,PHX,Phoenix Suns,PHO,1987-88,1988-89,2
corbity01,Tyrone Corbin,MIN,Minnesota Timberwolves,MIN,1989-90,1991-92,3
corbity01,Tyrone Corbin,UTA,Utah Jazz,UTA,1991-92,1993-94,3
corbity01,Tyrone Corbin,ATL,Atlanta Hawks,ATL,1994-95,1998-99,4
corbity01,Tyrone Corbin,SAC,Sacramento Kings,SAC,1995-96,1999-00,2
corbity01,Tyrone Corbin,MIA,Miami Heat,MIA,1995-96,1995-96,1
corbity01,Tyrone Corbin,TOR,Toronto Raptors,TOR,2000-01,2000-01,1
ellinwa01,Wayne Ellington,MIN,Minnesota Timberwolves,MIN,2009-10,2011-12,3
ellinwa01,Wayne Ellington,MEM,Memphis Grizzlies,MEM,2012-13,2012-13,1
ellinwa01,Wayne Ellington,CLE,Cleveland Cavaliers,CLE,2012-13,2012-13,1
ellinwa01,Wayne Ellington,DAL,Dallas Mavericks,DAL,2013-14,2013-14,1
ellinwa01,Wayne Ellington,LAL,Los Angeles Lakers,LAL,2014-15,2021-22,2
ellinwa01,Wayne Ellington,BKN,Brooklyn Nets,BRK,2015-16,2015-16,1
ellinwa01,Wayne Ellington,MIA,Miami Heat,MIA,2016-17,2018-19,3
ellinwa01,Wayne Ellington,DET,Detroit Pistons,DET,2018-19,2020-21,2
ellinwa01,Wayne Ellington,NYK,New York Knicks,NYK,2019-20,2019-20,1
burksal01,Alec Burks,UTA,Utah Jazz,UTA,2011-12,2018-19,8
burksal01,Alec Burks,CLE,Cleveland Cavaliers,CLE,2018-19,2018-19,1
burksal01,Alec Burks,SAC,Sacramento Kings,SAC,2018-19,2018-19,1
burksal01,Alec Burks,GSW,Golden State Warriors,GSW,2019-20,2019-20,1
burksal01,Alec Burks,PHI,Philadelphia 76ers,PHI,2019-20,2019-20,1
burksal01,Alec Burks,NYK,New York Knicks,NYK,2020-21,2023-24,3
burksal01,Alec Burks,DET,Detroit Pistons,DET,2022-23,2023-24,2
burksal01,Alec Burks,MIA,Miami Heat,MIA,2024-25,2024-25,1
udrihbe01,Beno Udrih,SAS,San Antonio Spurs,SAS,2004-05,2006-07,3
udrihbe01,Beno Udrih,SAC,Sacramento Kings,SAC,2007-08,2010-11,4
udrihbe01,Beno Udrih,MIL,Milwaukee Bucks,MIL,2011-12,2012-13,2
udrihbe01,Beno Udrih,ORL,Orlando Magic,ORL,2012-13,2012-13,1
udrihbe01,Beno Udrih,NYK,New York Knicks,NYK,2013-14,2013-14,1
udrihbe01,Beno Udrih,MEM,Memphis Grizzlies,MEM,2013-14,2015-16,3
udrihbe01,Beno Udrih,MIA,Miami Heat,MIA,2015-16,2015-16,1
udrihbe01,Beno Udrih,DET,Detroit Pistons,DET,2016-17,2016-17,1
lohaubr01,Brad Lohaus,BOS,Boston Celtics,BOS,1987-88,1988-89,2
lohaubr01,Brad Lohaus,SAC,Sacramento Kings,SAC,1988-89,1988-89,1
lohaubr01,Brad Lohaus,MIN,Minnesota Timberwolves,MIN,1989-90,1989-90,1
lohaubr01,Brad Lohaus,MIL,Milwaukee Bucks,MIL,1989-90,1993-94,5
lohaubr01,Brad Lohaus,MIA,Miami Heat,MIA,1994-95,1994-95,1
lohaubr01,Brad Lohaus,SAS,San Antonio Spurs,SAS,1995-96,1997-98,2
lohaubr01,Brad Lohaus,NYK,New York Knicks,NYK,1995-96,1995-96,1
lohaubr01,Brad Lohaus,TOR,Toronto Raptors,TOR,1996-97,1996-97,1
skinnbr01,Brian Skinner,LAC,LA Clippers,LAC,1998-99,2009-10,5
skinnbr01,Brian Skinner,CLE,Cleveland Cavaliers,CLE,2001-02,2001-02,1
skinnbr01,Brian Skinner,PHI,Philadelphia 76ers,PHI,2002-03,2004-05,2
skinnbr01,Brian Skinner,MIL,Milwaukee Bucks,MIL,2003-04,2010-11,3
skinnbr01,Brian Skinner,SAC,Sacramento Kings,SAC,2004-05,2005-06,2
skinnbr01,Brian Skinner,POR,Portland Trail Blazers,POR,2005-06,2005-06,1
skinnbr01,Brian Skinner,PHX,Phoenix Suns,PHO,2007-08,2007-08,1
skinnbr01,Brian Skinner,MEM,Memphis Grizzlies,MEM,2011-12,2011-12,1
gatlich01,Chris Gatling,GSW,Golden State Warriors,GSW,1991-92,1995-96,5
gatlich01,Chris Gatling,MIA,Miami Heat,MIA,1995-96,2001-02,2
gatlich01,Chris Gatling,DAL,Dallas Mavericks,DAL,1996-97,1996-97,1
gatlich01,Chris Gatling,BKN,Brooklyn Nets,NJN,1996-97,1998-99,3
gatlich01,Chris Gatling,MIL,Milwaukee Bucks,MIL,1998-99,1998-99,1
gatlich01,Chris Gatling,ORL,Orlando Magic,ORL,1999-00,1999-00,1
gatlich01,Chris Gatling,DEN,Denver Nuggets,DEN,1999-00,1999-00,1
gatlich01,Chris Gatling,CLE,Cleveland Cavaliers,CLE,2000-01,2000-01,1
woodch01,Christian Wood,PHI,Philadelphia 76ers,PHI,2015-16,2015-16,1
woodch01,Christian Wood,CHA,Charlotte Hornets,CHO,2016-17,2016-17,1
woodch01,Christian Wood,MIL,Milwaukee Bucks,MIL,2018-19,2018-19,1
woodch01,Christian Wood,NOP,New Orleans Pelicans,NOP,2018-19,2018-19,1
woodch01,Christian Wood,DET,Detroit Pistons,DET,2019-20,2019-20,1
woodch01,Christian Wood,HOU,Houston Rockets,HOU,2020-21,2021-22,2
woodch01,Christian Wood,DAL,Dallas Mavericks,DAL,2022-23,2022-23,1
woodch01,Christian Wood,LAL,Los Angeles Lakers,LAL,2023-24,2023-24,1
atkinch01,Chucky Atkins,ORL,Orlando Magic,ORL,1999-00,1999-00,1
atkinch01,Chucky Atkins,DET,Detroit Pistons,DET,2000-01,2009-10,5
atkinch01,Chucky Atkins,BOS,Boston Celtics,BOS,2003-04,2003-04,1
atkinch01,Chucky Atkins,LAL,Los Angeles Lakers,LAL,2004-05,2004-05,1
atkinch01,Chucky Atkins,WAS,Washington Wizards,WAS,2005-06,2005-06,1
atkinch01,Chucky Atkins,MEM,Memphis Grizzlies,MEM,2005-06,2006-07,2
atkinch01,Chucky Atkins,DEN,Denver Nuggets,DEN,2007-08,2008-09,2
atkinch01,Chucky Atkins,OKC,Oklahoma City Thunder,OKC,2008-09,2008-09,1
breweco01,Corey Brewer,MIN,Minnesota Timberwolves,MIN,2007-08,2014-15,6
breweco01,Corey Brewer,DAL,Dallas Mavericks,DAL,2010-11,2010-11,1
breweco01,Corey Brewer,DEN,Denver Nuggets,DEN,2011-12,2012-13,2
breweco01,Corey Brewer,HOU,Houston Rockets,HOU,2014-15,2016-17,3
breweco01,Corey Brewer,LAL,Los Angeles Lakers,LAL,2016-17,2017-18,2
breweco01,Corey Brewer,OKC,Oklahoma City Thunder,OKC,2017-18,2017-18,1
breweco01,Corey Brewer,PHI,Philadelphia 76ers,PHI,2018-19,2018-19,1
breweco01,Corey Brewer,SAC,Sacramento Kings,SAC,2018-19,2019-20,2
leeco01,Courtney Lee,ORL,Orlando Magic,ORL,2008-09,2008-09,1
leeco01,Courtney Lee,BKN,Brooklyn Nets,NJN,2009-10,2009-10,1
leeco01,Courtney Lee,HOU,Houston Rockets,HOU,2010-11,2011-12,2
leeco01,Courtney Lee,BOS,Boston Celtics,BOS,2012-13,2013-14,2
leeco01,Courtney Lee,MEM,Memphis Grizzlies,MEM,2013-14,2015-16,3
leeco01,Courtney Lee,CHA,Charlotte Hornets,CHO,2015-16,2015-16,1
leeco01,Courtney Lee,NYK,New York Knicks,NYK,2016-17,2018-19,3
leeco01,Courtney Lee,DAL,Dallas Mavericks,DAL,2018-19,2019-20,2
jonesda02,Dahntay Jones,MEM,Memphis Grizzlies,MEM,2003-04,2006-07,4
jonesda02,Dahntay Jones,SAC,Sacramento Kings,SAC,2007-08,2007-08,1
jonesda02,Dahntay Jones,DEN,Denver Nuggets,DEN,2008-09,2008-09,1
jonesda02,Dahntay Jones,IND,Indiana Pacers,IND,2009-10,2011-12,3
jonesda02,Dahntay Jones,DAL,Dallas Mavericks,DAL,2012-13,2012-13,1
jonesda02,Dahntay Jones,ATL,Atlanta Hawks,ATL,2012-13,2012-13,1
jonesda02,Dahntay Jones,LAC,LA Clippers,LAC,2014-15,2014-15,1
jonesda02,Dahntay Jones,CLE,Cleveland Cavaliers,CLE,2015-16,2016-17,2
gallida01,Danilo Gallinari,NYK,New York Knicks,NYK,2008-09,2010-11,3
gallida01,Danilo Gallinari,DEN,Denver Nuggets,DEN,2010-11,2016-17,6
gallida01,Danilo Gallinari,LAC,LA Clippers,LAC,2017-18,2018-19,2
gallida01,Danilo Gallinari,OKC,Oklahoma City Thunder,OKC,2019-20,2019-20,1
gallida01,Danilo Gallinari,ATL,Atlanta Hawks,ATL,2020-21,2021-22,2
gallida01,Danilo Gallinari,WAS,Washington Wizards,WAS,2023-24,2023-24,1
gallida01,Danilo Gallinari,DET,Detroit Pistons,DET,2023-24,2023-24,1
gallida01,Danilo Gallinari,MIL,Milwaukee Bucks,MIL,2023-24,2023-24,1
woodda01,David Wood,CHI,Chicago Bulls,CHI,1988-89,1988-89,1
woodda01,David Wood,HOU,Houston Rockets,HOU,1990-91,1990-91,1
woodda01,David Wood,SAS,San Antonio Spurs,SAS,1992-93,1992-93,1
woodda01,David Wood,DET,Detroit Pistons,DET,1993-94,1993-94,1
woodda01,David Wood,GSW,Golden State Warriors,GSW,1994-95,1995-96,2
woodda01,David Wood,PHX,Phoenix Suns,PHO,1995-96,1995-96,1
woodda01,David Wood,DAL,Dallas Mavericks,DAL,1995-96,1995-96,1
woodda01,David Wood,MIL,Milwaukee Bucks,MIL,1996-97,1996-97,1
jordade01,DeAndre Jordan,LAC,LA Clippers,LAC,2008-09,2017-18,10
jordade01,DeAndre Jordan,DAL,Dallas Mavericks,DAL,2018-19,2018-19,1
jordade01,DeAndre Jordan,NYK,New York Knicks,NYK,2018-19,2018-19,1
jordade01,DeAndre Jordan,BKN,Brooklyn Nets,BRK,2019-20,2020-21,2
jordade01,DeAndre Jordan,LAL,Los Angeles Lakers,LAL,2021-22,2021-22,1
jordade01,DeAndre Jordan,PHI,Philadelphia 76ers,PHI,2021-22,2021-22,1
jordade01,DeAndre Jordan,DEN,Denver Nuggets,DEN,2022-23,2024-25,3
jordade01,DeAndre Jordan,NOP,New Orleans Pelicans,NOP,2025-26,2025-26,1
carrode01,DeMarre Carroll,MEM,Memphis Grizzlies,MEM,2009-10,2010-11,2
carrode01,DeMarre Carroll,HOU,Houston Rockets,HOU,2010-11,2019-20,2
carrode01,DeMarre Carroll,DEN,Denver Nuggets,DEN,2011-12,2011-12,1
carrode01,DeMarre Carroll,UTA,Utah Jazz,UTA,2011-12,2012-13,2
carrode01,DeMarre Carroll,ATL,Atlanta Hawks,ATL,2013-14,2014-15,2
carrode01,DeMarre Carroll,TOR,Toronto Raptors,TOR,2015-16,2016-17,2
carrode01,DeMarre Carroll,BKN,Brooklyn Nets,BRK,2017-18,2018-19,2
carrode01,DeMarre Carroll,SAS,San Antonio Spurs,SAS,2019-20,2019-20,1
marshdo01,Donyell Marshall,MIN,Minnesota Timberwolves,MIN,1994-95,1994-95,1
marshdo01,Donyell Marshall,GSW,Golden State Warriors,GSW,1994-95,1999-00,6
marshdo01,Donyell Marshall,UTA,Utah Jazz,UTA,2000-01,2001-02,2
marshdo01,Donyell Marshall,CHI,Chicago Bulls,CHI,2002-03,2003-04,2
marshdo01,Donyell Marshall,TOR,Toronto Raptors,TOR,2003-04,2004-05,2
marshdo01,Donyell Marshall,CLE,Cleveland Cavaliers,CLE,2005-06,2007-08,3
marshdo01,Donyell Marshall,OKC,Oklahoma City Thunder,SEA,2007-08,2007-08,1
marshdo01,Donyell Marshall,PHI,Philadelphia 76ers,PHI,2008-09,2008-09,1
overtdo01,Doug Overton,WAS,Washington Wizards,WSB,1992-93,1994-95,3
overtdo01,Doug Overton,DEN,Denver Nuggets,DEN,1995-96,1995-96,1
overtdo01,Doug Overton,PHI,Philadelphia 76ers,PHI,1996-97,1998-99,3
overtdo01,Doug Overton,ORL,Orlando Magic,ORL,1998-99,1998-99,1
overtdo01,Doug Overton,BKN,Brooklyn Nets,NJN,1998-99,2003-04,3
overtdo01,Doug Overton,BOS,Boston Celtics,BOS,1999-00,2000-01,2
overtdo01,Doug Overton,CHA,Charlotte Hornets,CHH,2000-01,2000-01,1
overtdo01,Doug Overton,LAC,LA Clippers,LAC,2001-02,2003-04,2
davised01,Ed Davis,TOR,Toronto Raptors,TOR,2010-11,2012-13,3
davised01,Ed Davis,MEM,Memphis Grizzlies,MEM,2012-13,2013-14,2
davised01,Ed Davis,LAL,Los Angeles Lakers,LAL,2014-15,2014-15,1
davised01,Ed Davis,POR,Portland Trail Blazers,POR,2015-16,2017-18,3
davised01,Ed Davis,BKN,Brooklyn Nets,BRK,2018-19,2018-19,1
davised01,Ed Davis,UTA,Utah Jazz,UTA,2019-20,2019-20,1
davised01,Ed Davis,MIN,Minnesota Timberwolves,MIN,2020-21,2020-21,1
davised01,Ed Davis,CLE,Cleveland Cavaliers,CLE,2021-22,2021-22,1
hillge01,George Hill,SAS,San Antonio Spurs,SAS,2008-09,2010-11,3
hillge01,George Hill,IND,Indiana Pacers,IND,2011-12,2022-23,6
hillge01,George Hill,UTA,Utah Jazz,UTA,2016-17,2016-17,1
hillge01,George Hill,SAC,Sacramento Kings,SAC,2017-18,2017-18,1
hillge01,George Hill,CLE,Cleveland Cavaliers,CLE,2017-18,2018-19,2
hillge01,George Hill,MIL,Milwaukee Bucks,MIL,2018-19,2022-23,4
hillge01,George Hill,OKC,Oklahoma City Thunder,OKC,2020-21,2020-21,1
hillge01,George Hill,PHI,Philadelphia 76ers,PHI,2020-21,2020-21,1
greenge01,Gerald Green,BOS,Boston Celtics,BOS,2005-06,2016-17,3
greenge01,Gerald Green,MIN,Minnesota Timberwolves,MIN,2007-08,2007-08,1
greenge01,Gerald Green,HOU,Houston Rockets,HOU,2007-08,2018-19,3
greenge01,Gerald Green,DAL,Dallas Mavericks,DAL,2008-09,2008-09,1
greenge01,Gerald Green,BKN,Brooklyn Nets,NJN,2011-12,2011-12,1
greenge01,Gerald Green,IND,Indiana Pacers,IND,2012-13,2012-13,1
greenge01,Gerald Green,PHX,Phoenix Suns,PHO,2013-14,2014-15,2
greenge01,Gerald Green,MIA,Miami Heat,MIA,2015-16,2015-16,1
eisleho01,Howard Eisley,MIN,Minnesota Timberwolves,MIN,1994-95,1994-95,1
eisleho01,Howard Eisley,SAS,San Antonio Spurs,SAS,1994-95,1994-95,1
eisleho01,Howard Eisley,UTA,Utah Jazz,UTA,1995-96,2004-05,6
eisleho01,Howard Eisley,DAL,Dallas Mavericks,DAL,2000-01,2000-01,1
eisleho01,Howard Eisley,NYK,New York Knicks,NYK,2001-02,2003-04,3
eisleho01,Howard Eisley,PHX,Phoenix Suns,PHO,2003-04,2003-04,1
eisleho01,Howard Eisley,LAC,LA Clippers,LAC,2005-06,2005-06,1
eisleho01,Howard Eisley,DEN,Denver Nuggets,DEN,2005-06,2005-06,1
magloja01,Jamaal Magloire,CHA,Charlotte Hornets,CHH,2000-01,2001-02,2
magloja01,Jamaal Magloire,NOP,New Orleans Pelicans,NOH,2002-03,2004-05,3
magloja01,Jamaal Magloire,MIL,Milwaukee Bucks,MIL,2005-06,2005-06,1
magloja01,Jamaal Magloire,POR,Portland Trail Blazers,POR,2006-07,2006-07,1
magloja01,Jamaal Magloire,BKN,Brooklyn Nets,NJN,2007-08,2007-08,1
magloja01,Jamaal Magloire,DAL,Dallas Mavericks,DAL,2007-08,2007-08,1
magloja01,Jamaal Magloire,MIA,Miami Heat,MIA,2008-09,2010-11,3
magloja01,Jamaal Magloire,TOR,Toronto Raptors,TOR,2011-12,2011-12,1
edwarja01,James Edwards,IND,Indiana Pacers,IND,1979-80,1980-81,2
edwarja01,James Edwards,CLE,Cleveland Cavaliers,CLE,1981-82,1982-83,2
edwarja01,James Edwards,PHX,Phoenix Suns,PHO,1982-83,1987-88,6
edwarja01,James Edwards,DET,Detroit Pistons,DET,1987-88,1990-91,4
edwarja01,James Edwards,LAC,LA Clippers,LAC,1991-92,1991-92,1
edwarja01,James Edwards,LAL,Los Angeles Lakers,LAL,1992-93,1993-94,2
edwarja01,James Edwards,POR,Portland Trail Blazers,POR,1994-95,1994-95,1
edwarja01,James Edwards,CHI,Chicago Bulls,CHI,1995-96,1995-96,1
jackja01,Jarrett Jack,POR,Portland Trail Blazers,POR,2005-06,2007-08,3
jackja01,Jarrett Jack,IND,Indiana Pacers,IND,2008-09,2008-09,1
jackja01,Jarrett Jack,TOR,Toronto Raptors,TOR,2009-10,2010-11,2
jackja01,Jarrett Jack,NOP,New Orleans Pelicans,"NOH,NOP",2010-11,2016-17,3
jackja01,Jarrett Jack,GSW,Golden State Warriors,GSW,2012-13,2012-13,1
jackja01,Jarrett Jack,CLE,Cleveland Cavaliers,CLE,2013-14,2013-14,1
jackja01,Jarrett Jack,BKN,Brooklyn Nets,BRK,2014-15,2015-16,2
jackja01,Jarrett Jack,NYK,New York Knicks,NYK,2017-18,2017-18,1
oldhaja01,Jawann Oldham,DEN,Denver Nuggets,DEN,1980-81,1980-81,1
oldhaja01,Jawann Oldham,HOU,Houston Rockets,HOU,1981-82,1981-82,1
oldhaja01,Jawann Oldham,CHI,Chicago Bulls,CHI,1982-83,1985-86,4
oldhaja01,Jawann Oldham,NYK,New York Knicks,NYK,1986-87,1986-87,1
oldhaja01,Jawann Oldham,SAC,Sacramento Kings,SAC,1987-88,1987-88,1
oldhaja01,Jawann Oldham,ORL,Orlando Magic,ORL,1989-90,1989-90,1
oldhaja01,Jawann Oldham,LAL,Los Angeles Lakers,LAL,1989-90,1989-90,1
oldhaja01,Jawann Oldham,IND,Indiana Pacers,IND,1990-91,1990-91,1
linje01,Jeremy Lin,GSW,Golden State Warriors,GSW,2010-11,2010-11,1
linje01,Jeremy Lin,NYK,New York Knicks,NYK,2011-12,2011-12,1
linje01,Jeremy Lin,HOU,Houston Rockets,HOU,2012-13,2013-14,2
linje01,Jeremy Lin,LAL,Los Angeles Lakers,LAL,2014-15,2014-15,1
linje01,Jeremy Lin,CHA,Charlotte Hornets,CHO,2015-16,2015-16,1
linje01,Jeremy Lin,BKN,Brooklyn Nets,BRK,2016-17,2017-18,2
linje01,Jeremy Lin,ATL,Atlanta Hawks,ATL,2018-19,2018-19,1
linje01,Jeremy Lin,TOR,Toronto Raptors,TOR,2018-19,2018-19,1
stackje01,Jerry Stackhouse,PHI,Philadelphia 76ers,PHI,1995-96,1997-98,3
stackje01,Jerry Stackhouse,DET,Detroit Pistons,DET,1997-98,2001-02,5
stackje01,Jerry Stackhouse,WAS,Washington Wizards,WAS,2002-03,2003-04,2
stackje01,Jerry Stackhouse,DAL,Dallas Mavericks,DAL,2004-05,2008-09,5
stackje01,Jerry Stackhouse,MIL,Milwaukee Bucks,MIL,2009-10,2009-10,1
stackje01,Jerry Stackhouse,MIA,Miami Heat,MIA,2010-11,2010-11,1
stackje01,Jerry Stackhouse,ATL,Atlanta Hawks,ATL,2011-12,2011-12,1
stackje01,Jerry Stackhouse,BKN,Brooklyn Nets,BRK,2012-13,2012-13,1
bayleje01,Jerryd Bayless,POR,Portland Trail Blazers,POR,2008-09,2009-10,2
bayleje01,Jerryd Bayless,NOP,New Orleans Pelicans,NOH,2010-11,2010-11,1
bayleje01,Jerryd Bayless,TOR,Toronto Raptors,TOR,2010-11,2011-12,2
bayleje01,Jerryd Bayless,MEM,Memphis Grizzlies,MEM,2012-13,2013-14,2
bayleje01,Jerryd Bayless,BOS,Boston Celtics,BOS,2013-14,2013-14,1
bayleje01,Jerryd Bayless,MIL,Milwaukee Bucks,MIL,2014-15,2015-16,2
bayleje01,Jerryd Bayless,PHI,Philadelphia 76ers,PHI,2016-17,2017-18,2
bayleje01,Jerryd Bayless,MIN,Minnesota Timberwolves,MIN,2018-19,2018-19,1
barryjo01,Jon Barry,MIL,Milwaukee Bucks,MIL,1992-93,1994-95,3
barryjo01,Jon Barry,GSW,Golden State Warriors,GSW,1995-96,1995-96,1
barryjo01,Jon Barry,ATL,Atlanta Hawks,ATL,1996-97,2004-05,2
barryjo01,Jon Barry,LAL,Los Angeles Lakers,LAL,1997-98,1997-98,1
barryjo01,Jon Barry,SAC,Sacramento Kings,SAC,1998-99,2000-01,3
barryjo01,Jon Barry,DET,Detroit Pistons,DET,2001-02,2002-03,2
barryjo01,Jon Barry,DEN,Denver Nuggets,DEN,2003-04,2003-04,1
barryjo01,Jon Barry,HOU,Houston Rockets,HOU,2004-05,2005-06,2
howarju01,Juwan Howard,WAS,Washington Wizards,"WAS,WSB",1994-95,2000-01,7
howarju01,Juwan Howard,DAL,Dallas Mavericks,DAL,2000-01,2007-08,3
howarju01,Juwan Howard,DEN,Denver Nuggets,DEN,2001-02,2008-09,3
howarju01,Juwan Howard,ORL,Orlando Magic,ORL,2003-04,2003-04,1
howarju01,Juwan Howard,HOU,Houston Rockets,HOU,2004-05,2006-07,3
howarju01,Juwan Howard,CHA,Charlotte Hornets,CHA,2008-09,2008-09,1
howarju01,Juwan Howard,POR,Portland Trail Blazers,POR,2009-10,2009-10,1
howarju01,Juwan Howard,MIA,Miami Heat,MIA,2010-11,2012-13,3
boganke01,Keith Bogans,ORL,Orlando Magic,ORL,2003-04,2008-09,4
boganke01,Keith Bogans,CHA,Charlotte Hornets,CHA,2004-05,2005-06,2
boganke01,Keith Bogans,HOU,Houston Rockets,HOU,2005-06,2005-06,1
boganke01,Keith Bogans,MIL,Milwaukee Bucks,MIL,2008-09,2008-09,1
boganke01,Keith Bogans,SAS,San Antonio Spurs,SAS,2009-10,2009-10,1
boganke01,Keith Bogans,CHI,Chicago Bulls,CHI,2010-11,2010-11,1
boganke01,Keith Bogans,BKN,Brooklyn Nets,"BRK,NJN",2011-12,2012-13,2
boganke01,Keith Bogans,BOS,Boston Celtics,BOS,2013-14,2013-14,1
olynyke01,Kelly Olynyk,BOS,Boston Celtics,BOS,2013-14,2016-17,4
olynyke01,Kelly Olynyk,MIA,Miami Heat,MIA,2017-18,2020-21,4
olynyke01,Kelly Olynyk,HOU,Houston Rockets,HOU,2020-21,2020-21,1
olynyke01,Kelly Olynyk,DET,Detroit Pistons,DET,2021-22,2021-22,1
olynyke01,Kelly Olynyk,UTA,Utah Jazz,UTA,2022-23,2023-24,2
olynyke01,Kelly Olynyk,TOR,Toronto Raptors,TOR,2023-24,2024-25,2
olynyke01,Kelly Olynyk,NOP,New Orleans Pelicans,NOP,2024-25,2024-25,1
olynyke01,Kelly Olynyk,SAS,San Antonio Spurs,SAS,2025-26,2025-26,1
willike02,Kevin Willis,ATL,Atlanta Hawks,ATL,1984-85,2004-05,11
willike02,Kevin Willis,MIA,Miami Heat,MIA,1994-95,1995-96,2
willike02,Kevin Willis,GSW,Golden State Warriors,GSW,1995-96,1995-96,1
willike02,Kevin Willis,HOU,Houston Rockets,HOU,1996-97,2001-02,3
willike02,Kevin Willis,TOR,Toronto Raptors,TOR,1998-99,2000-01,3
willike02,Kevin Willis,DEN,Denver Nuggets,DEN,2000-01,2000-01,1
willike02,Kevin Willis,SAS,San Antonio Spurs,SAS,2002-03,2003-04,2
willike02,Kevin Willis,DAL,Dallas Mavericks,DAL,2006-07,2006-07,1
humphkr01,Kris Humphries,UTA,Utah Jazz,UTA,2004-05,2005-06,2
humphkr01,Kris Humphries,TOR,Toronto Raptors,TOR,2006-07,2008-09,3
humphkr01,Kris Humphries,DAL,Dallas Mavericks,DAL,2009-10,2009-10,1
humphkr01,Kris Humphries,BKN,Brooklyn Nets,"BRK,NJN",2009-10,2012-13,4
humphkr01,Kris Humphries,BOS,Boston Celtics,BOS,2013-14,2013-14,1
humphkr01,Kris Humphries,WAS,Washington Wizards,WAS,2014-15,2015-16,2
humphkr01,Kris Humphries,PHX,Phoenix Suns,PHO,2015-16,2015-16,1
humphkr01,Kris Humphries,ATL,Atlanta Hawks,ATL,2015-16,2016-17,2
stephla01,Lance Stephenson,IND,Indiana Pacers,IND,2010-11,2021-22,7
stephla01,Lance Stephenson,CHA,Charlotte Hornets,CHO,2014-15,2014-15,1
stephla01,Lance Stephenson,LAC,LA Clippers,LAC,2015-16,2015-16,1
stephla01,Lance Stephenson,MEM,Memphis Grizzlies,MEM,2015-16,2015-16,1
stephla01,Lance Stephenson,NOP,New Orleans Pelicans,NOP,2016-17,2016-17,1
stephla01,Lance Stephenson,MIN,Minnesota Timberwolves,MIN,2016-17,2016-17,1
stephla01,Lance Stephenson,LAL,Los Angeles Lakers,LAL,2018-19,2018-19,1
stephla01,Lance Stephenson,ATL,Atlanta Hawks,ATL,2021-22,2021-22,1
hughela01,Larry Hughes,PHI,Philadelphia 76ers,PHI,1998-99,1999-00,2
hughela01,Larry Hughes,GSW,Golden State Warriors,GSW,1999-00,2001-02,3
hughela01,Larry Hughes,WAS,Washington Wizards,WAS,2002-03,2004-05,3
hughela01,Larry Hughes,CLE,Cleveland Cavaliers,CLE,2005-06,2007-08,3
hughela01,Larry Hughes,CHI,Chicago Bulls,CHI,2007-08,2008-09,2
hughela01,Larry Hughes,NYK,New York Knicks,NYK,2008-09,2009-10,2
hughela01,Larry Hughes,CHA,Charlotte Hornets,CHA,2009-10,2009-10,1
hughela01,Larry Hughes,ORL,Orlando Magic,ORL,2011-12,2011-12,1
robinla01,Larry Robinson,GSW,Golden State Warriors,GSW,1990-91,1990-91,1
robinla01,Larry Robinson,WAS,Washington Wizards,WSB,1990-91,1992-93,2
robinla01,Larry Robinson,BOS,Boston Celtics,BOS,1991-92,1991-92,1
robinla01,Larry Robinson,HOU,Houston Rockets,HOU,1993-94,1993-94,1
robinla01,Larry Robinson,MEM,Memphis Grizzlies,VAN,1997-98,1997-98,1
robinla01,Larry Robinson,CLE,Cleveland Cavaliers,CLE,2000-01,2000-01,1
robinla01,Larry Robinson,ATL,Atlanta Hawks,ATL,2000-01,2000-01,1
robinla01,Larry Robinson,NYK,New York Knicks,NYK,2001-02,2001-02,1
allenma01,Malik Allen,MIA,Miami Heat,MIA,2001-02,2004-05,4
allenma01,Malik Allen,CHA,Charlotte Hornets,CHA,2004-05,2004-05,1
allenma01,Malik Allen,CHI,Chicago Bulls,CHI,2005-06,2006-07,2
allenma01,Malik Allen,BKN,Brooklyn Nets,NJN,2007-08,2007-08,1
allenma01,Malik Allen,DAL,Dallas Mavericks,DAL,2007-08,2007-08,1
allenma01,Malik Allen,MIL,Milwaukee Bucks,MIL,2008-09,2008-09,1
allenma01,Malik Allen,DEN,Denver Nuggets,DEN,2009-10,2009-10,1
allenma01,Malik Allen,ORL,Orlando Magic,ORL,2010-11,2010-11,1
morrima03,Marcus Morris,HOU,Houston Rockets,HOU,2011-12,2012-13,2
morrima03,Marcus Morris,PHX,Phoenix Suns,PHO,2012-13,2014-15,3
morrima03,Marcus Morris,DET,Detroit Pistons,DET,2015-16,2016-17,2
morrima03,Marcus Morris,BOS,Boston Celtics,BOS,2017-18,2018-19,2
morrima03,Marcus Morris,NYK,New York Knicks,NYK,2019-20,2019-20,1
morrima03,Marcus Morris,LAC,LA Clippers,LAC,2019-20,2022-23,4
morrima03,Marcus Morris,PHI,Philadelphia 76ers,PHI,2023-24,2023-24,1
morrima03,Marcus Morris,CLE,Cleveland Cavaliers,CLE,2023-24,2023-24,1
morrima02,Markieff Morris,PHX,Phoenix Suns,PHO,2011-12,2015-16,5
morrima02,Markieff Morris,WAS,Washington Wizards,WAS,2015-16,2018-19,4
morrima02,Markieff Morris,OKC,Oklahoma City Thunder,OKC,2018-19,2018-19,1
morrima02,Markieff Morris,DET,Detroit Pistons,DET,2019-20,2019-20,1
morrima02,Markieff Morris,LAL,Los Angeles Lakers,LAL,2019-20,2024-25,3
morrima02,Markieff Morris,MIA,Miami Heat,MIA,2021-22,2021-22,1
morrima02,Markieff Morris,BKN,Brooklyn Nets,BRK,2022-23,2022-23,1
morrima02,Markieff Morris,DAL,Dallas Mavericks,DAL,2022-23,2024-25,3
conloma01,Marty Conlon,OKC,Oklahoma City Thunder,SEA,1991-92,1991-92,1
conloma01,Marty Conlon,SAC,Sacramento Kings,SAC,1992-93,1992-93,1
conloma01,Marty Conlon,CHA,Charlotte Hornets,CHH,1993-94,1993-94,1
conloma01,Marty Conlon,WAS,Washington Wizards,WSB,1993-94,1993-94,1
conloma01,Marty Conlon,MIL,Milwaukee Bucks,MIL,1994-95,1995-96,2
conloma01,Marty Conlon,BOS,Boston Celtics,BOS,1996-97,1996-97,1
conloma01,Marty Conlon,MIA,Miami Heat,MIA,1997-98,1998-99,2
conloma01,Marty Conlon,LAC,LA Clippers,LAC,1999-00,1999-00,1
plumlma01,Mason Plumlee,BKN,Brooklyn Nets,BRK,2013-14,2014-15,2
plumlma01,Mason Plumlee,POR,Portland Trail Blazers,POR,2015-16,2016-17,2
plumlma01,Mason Plumlee,DEN,Denver Nuggets,DEN,2016-17,2019-20,4
plumlma01,Mason Plumlee,DET,Detroit Pistons,DET,2020-21,2020-21,1
plumlma01,Mason Plumlee,CHA,Charlotte Hornets,CHO,2021-22,2025-26,3
plumlma01,Mason Plumlee,LAC,LA Clippers,LAC,2022-23,2023-24,2
plumlma01,Mason Plumlee,PHX,Phoenix Suns,PHO,2024-25,2024-25,1
plumlma01,Mason Plumlee,SAS,San Antonio Spurs,SAS,2025-26,2025-26,1
wilksmi01,Mike Wilks,ATL,Atlanta Hawks,ATL,2002-03,2002-03,1
wilksmi01,Mike Wilks,MIN,Minnesota Timberwolves,MIN,2002-03,2002-03,1
wilksmi01,Mike Wilks,HOU,Houston Rockets,HOU,2003-04,2003-04,1
wilksmi01,Mike Wilks,SAS,San Antonio Spurs,SAS,2004-05,2004-05,1
wilksmi01,Mike Wilks,CLE,Cleveland Cavaliers,CLE,2005-06,2005-06,1
wilksmi01,Mike Wilks,OKC,Oklahoma City Thunder,"OKC,SEA",2005-06,2009-10,4
wilksmi01,Mike Wilks,DEN,Denver Nuggets,DEN,2007-08,2007-08,1
wilksmi01,Mike Wilks,WAS,Washington Wizards,WAS,2007-08,2007-08,1
robinna01,Nate Robinson,NYK,New York Knicks,NYK,2005-06,2009-10,5
robinna01,Nate Robinson,BOS,Boston Celtics,BOS,2009-10,2010-11,2
robinna01,Nate Robinson,OKC,Oklahoma City Thunder,OKC,2010-11,2010-11,1
robinna01,Nate Robinson,GSW,Golden State Warriors,GSW,2011-12,2011-12,1
robinna01,Nate Robinson,CHI,Chicago Bulls,CHI,2012-13,2012-13,1
robinna01,Nate Robinson,DEN,Denver Nuggets,DEN,2013-14,2014-15,2
robinna01,Nate Robinson,LAC,LA Clippers,LAC,2014-15,2014-15,1
robinna01,Nate Robinson,NOP,New Orleans Pelicans,NOP,2015-16,2015-16,1
mohamna01,Nazr Mohammed,PHI,Philadelphia 76ers,PHI,1998-99,2000-01,3
mohamna01,Nazr Mohammed,ATL,Atlanta Hawks,ATL,2000-01,2003-04,4
mohamna01,Nazr Mohammed,NYK,New York Knicks,NYK,2003-04,2004-05,2
mohamna01,Nazr Mohammed,SAS,San Antonio Spurs,SAS,2004-05,2005-06,2
mohamna01,Nazr Mohammed,DET,Detroit Pistons,DET,2006-07,2007-08,2
mohamna01,Nazr Mohammed,CHA,Charlotte Hornets,CHA,2007-08,2010-11,4
mohamna01,Nazr Mohammed,OKC,Oklahoma City Thunder,OKC,2010-11,2015-16,3
mohamna01,Nazr Mohammed,CHI,Chicago Bulls,CHI,2012-13,2014-15,3
vonleno01,Noah Vonleh,CHA,Charlotte Hornets,CHO,2014-15,2014-15,1
vonleno01,Noah Vonleh,POR,Portland Trail Blazers,POR,2015-16,2017-18,3
vonleno01,Noah Vonleh,CHI,Chicago Bulls,CHI,2017-18,2017-18,1
vonleno01,Noah Vonleh,NYK,New York Knicks,NYK,2018-19,2018-19,1
vonleno01,Noah Vonleh,MIN,Minnesota Timberwolves,MIN,2019-20,2019-20,1
vonleno01,Noah Vonleh,DEN,Denver Nuggets,DEN,2019-20,2019-20,1
vonleno01,Noah Vonleh,BKN,Brooklyn Nets,BRK,2020-21,2020-21,1
vonleno01,Noah Vonleh,BOS,Boston Celtics,BOS,2022-23,2022-23,1
thorpot01,Otis Thorpe,SAC,Sacramento Kings,"KCK,SAC",1984-85,1997-98,5
thorpot01,Otis Thorpe,HOU,Houston Rockets,HOU,1988-89,1994-95,7
thorpot01,Otis Thorpe,POR,Portland Trail Blazers,POR,1994-95,1994-95,1
thorpot01,Otis Thorpe,DET,Detroit Pistons,DET,1995-96,1996-97,2
thorpot01,Otis Thorpe,MEM,Memphis Grizzlies,VAN,1997-98,1997-98,1
thorpot01,Otis Thorpe,WAS,Washington Wizards,WAS,1998-99,1998-99,1
thorpot01,Otis Thorpe,MIA,Miami Heat,MIA,1999-00,1999-00,1
thorpot01,Otis Thorpe,CHA,Charlotte Hornets,CHH,2000-01,2000-01,1
tuckepj01,P.J. Tucker,TOR,Toronto Raptors,TOR,2006-07,2016-17,2
tuckepj01,P.J. Tucker,PHX,Phoenix Suns,PHO,2012-13,2016-17,5
tuckepj01,P.J. Tucker,HOU,Houston Rockets,HOU,2017-18,2020-21,4
tuckepj01,P.J. Tucker,MIL,Milwaukee Bucks,MIL,2020-21,2020-21,1
tuckepj01,P.J. Tucker,MIA,Miami Heat,MIA,2021-22,2021-22,1
tuckepj01,P.J. Tucker,PHI,Philadelphia 76ers,PHI,2022-23,2023-24,2
tuckepj01,P.J. Tucker,LAC,LA Clippers,LAC,2023-24,2023-24,1
tuckepj01,P.J. Tucker,NYK,New York Knicks,NYK,2024-25,2024-25,1
sessira01,Ramon Sessions,MIL,Milwaukee Bucks,MIL,2007-08,2013-14,3
sessira01,Ramon Sessions,MIN,Minnesota Timberwolves,MIN,2009-10,2009-10,1
sessira01,Ramon Sessions,CLE,Cleveland Cavaliers,CLE,2010-11,2011-12,2
sessira01,Ramon Sessions,LAL,Los Angeles Lakers,LAL,2011-12,2011-12,1
sessira01,Ramon Sessions,CHA,Charlotte Hornets,"CHA,CHO",2012-13,2016-17,3
sessira01,Ramon Sessions,SAC,Sacramento Kings,SAC,2014-15,2014-15,1
sessira01,Ramon Sessions,WAS,Washington Wizards,WAS,2014-15,2017-18,3
sessira01,Ramon Sessions,NYK,New York Knicks,NYK,2017-18,2017-18,1
butlera01,Rasual Butler,MIA,Miami Heat,MIA,2002-03,2004-05,3
butlera01,Rasual Butler,NOP,New Orleans Pelicans,"NOH,NOK",2005-06,2008-09,4
butlera01,Rasual Butler,LAC,LA Clippers,LAC,2009-10,2010-11,2
butlera01,Rasual Butler,CHI,Chicago Bulls,CHI,2010-11,2010-11,1
butlera01,Rasual Butler,TOR,Toronto Raptors,TOR,2011-12,2011-12,1
butlera01,Rasual Butler,IND,Indiana Pacers,IND,2013-14,2013-14,1
butlera01,Rasual Butler,WAS,Washington Wizards,WAS,2014-15,2014-15,1
butlera01,Rasual Butler,SAS,San Antonio Spurs,SAS,2015-16,2015-16,1
jefferi01,Richard Jefferson,BKN,Brooklyn Nets,NJN,2001-02,2007-08,7
jefferi01,Richard Jefferson,MIL,Milwaukee Bucks,MIL,2008-09,2008-09,1
jefferi01,Richard Jefferson,SAS,San Antonio Spurs,SAS,2009-10,2011-12,3
jefferi01,Richard Jefferson,GSW,Golden State Warriors,GSW,2011-12,2012-13,2
jefferi01,Richard Jefferson,UTA,Utah Jazz,UTA,2013-14,2013-14,1
jefferi01,Richard Jefferson,DAL,Dallas Mavericks,DAL,2014-15,2014-15,1
jefferi01,Richard Jefferson,CLE,Cleveland Cavaliers,CLE,2015-16,2016-17,2
jefferi01,Richard Jefferson,DEN,Denver Nuggets,DEN,2017-18,2017-18,1
brunsri01,Rick Brunson,POR,Portland Trail Blazers,POR,1997-98,2001-02,2
brunsri01,Rick Brunson,NYK,New York Knicks,NYK,1998-99,2000-01,3
brunsri01,Rick Brunson,BOS,Boston Celtics,BOS,2000-01,2000-01,1
brunsri01,Rick Brunson,CHI,Chicago Bulls,CHI,2002-03,2003-04,2
brunsri01,Rick Brunson,TOR,Toronto Raptors,TOR,2003-04,2003-04,1
brunsri01,Rick Brunson,LAC,LA Clippers,LAC,2004-05,2004-05,1
brunsri01,Rick Brunson,OKC,Oklahoma City Thunder,SEA,2005-06,2005-06,1
brunsri01,Rick Brunson,HOU,Houston Rockets,HOU,2005-06,2005-06,1
piercri01,Ricky Pierce,DET,Detroit Pistons,DET,1982-83,1982-83,1
piercri01,Ricky Pierce,LAC,LA Clippers,SDC,1983-84,1983-84,1
piercri01,Ricky Pierce,MIL,Milwaukee Bucks,MIL,1984-85,1997-98,8
piercri01,Ricky Pierce,OKC,Oklahoma City Thunder,SEA,1990-91,1993-94,4
piercri01,Ricky Pierce,GSW,Golden State Warriors,GSW,1994-95,1994-95,1
piercri01,Ricky Pierce,IND,Indiana Pacers,IND,1995-96,1995-96,1
piercri01,Ricky Pierce,DEN,Denver Nuggets,DEN,1996-97,1996-97,1
piercri01,Ricky Pierce,CHA,Charlotte Hornets,CHH,1996-97,1996-97,1
murraro01,Ronald Murray,MIL,Milwaukee Bucks,MIL,2002-03,2002-03,1
murraro01,Ronald Murray,OKC,Oklahoma City Thunder,SEA,2002-03,2005-06,4
murraro01,Ronald Murray,CLE,Cleveland Cavaliers,CLE,2005-06,2005-06,1
murraro01,Ronald Murray,DET,Detroit Pistons,DET,2006-07,2007-08,2
murraro01,Ronald Murray,IND,Indiana Pacers,IND,2007-08,2007-08,1
murraro01,Ronald Murray,ATL,Atlanta Hawks,ATL,2008-09,2008-09,1
murraro01,Ronald Murray,CHA,Charlotte Hornets,CHA,2009-10,2009-10,1
murraro01,Ronald Murray,CHI,Chicago Bulls,CHI,2009-10,2009-10,1
cassesa01,Sam Cassell,HOU,Houston Rockets,HOU,1993-94,1995-96,3
cassesa01,Sam Cassell,PHX,Phoenix Suns,PHO,1996-97,1996-97,1
cassesa01,Sam Cassell,DAL,Dallas Mavericks,DAL,1996-97,1996-97,1
cassesa01,Sam Cassell,BKN,Brooklyn Nets,NJN,1996-97,1998-99,3
cassesa01,Sam Cassell,MIL,Milwaukee Bucks,MIL,1998-99,2002-03,5
cassesa01,Sam Cassell,MIN,Minnesota Timberwolves,MIN,2003-04,2004-05,2
cassesa01,Sam Cassell,LAC,LA Clippers,LAC,2005-06,2007-08,3
cassesa01,Sam Cassell,BOS,Boston Celtics,BOS,2007-08,2007-08,1
telfase01,Sebastian Telfair,POR,Portland Trail Blazers,POR,2004-05,2005-06,2
telfase01,Sebastian Telfair,BOS,Boston Celtics,BOS,2006-07,2006-07,1
telfase01,Sebastian Telfair,MIN,Minnesota Timberwolves,MIN,2007-08,2010-11,3
telfase01,Sebastian Telfair,LAC,LA Clippers,LAC,2009-10,2009-10,1
telfase01,Sebastian Telfair,CLE,Cleveland Cavaliers,CLE,2009-10,2009-10,1
telfase01,Sebastian Telfair,PHX,Phoenix Suns,PHO,2011-12,2012-13,2
telfase01,Sebastian Telfair,TOR,Toronto Raptors,TOR,2012-13,2012-13,1
telfase01,Sebastian Telfair,OKC,Oklahoma City Thunder,OKC,2014-15,2014-15,1
brownsh01,Shannon Brown,CLE,Cleveland Cavaliers,CLE,2006-07,2007-08,2
brownsh01,Shannon Brown,CHI,Chicago Bulls,CHI,2007-08,2007-08,1
brownsh01,Shannon Brown,CHA,Charlotte Hornets,CHA,2008-09,2008-09,1
brownsh01,Shannon Brown,LAL,Los Angeles Lakers,LAL,2008-09,2010-11,3
brownsh01,Shannon Brown,PHX,Phoenix Suns,PHO,2011-12,2012-13,2
brownsh01,Shannon Brown,SAS,San Antonio Spurs,SAS,2013-14,2013-14,1
brownsh01,Shannon Brown,NYK,New York Knicks,NYK,2013-14,2013-14,1
brownsh01,Shannon Brown,MIA,Miami Heat,MIA,2014-15,2014-15,1
jacksst02,Stephen Jackson,BKN,Brooklyn Nets,NJN,2000-01,2000-01,1
jacksst02,Stephen Jackson,SAS,San Antonio Spurs,SAS,2001-02,2012-13,4
jacksst02,Stephen Jackson,ATL,Atlanta Hawks,ATL,2003-04,2003-04,1
jacksst02,Stephen Jackson,IND,Indiana Pacers,IND,2004-05,2006-07,3
jacksst02,Stephen Jackson,GSW,Golden State Warriors,GSW,2006-07,2009-10,4
jacksst02,Stephen Jackson,CHA,Charlotte Hornets,CHA,2009-10,2010-11,2
jacksst02,Stephen Jackson,MIL,Milwaukee Bucks,MIL,2011-12,2011-12,1
jacksst02,Stephen Jackson,LAC,LA Clippers,LAC,2013-14,2013-14,1
blakest01,Steve Blake,WAS,Washington Wizards,WAS,2003-04,2004-05,2
blakest01,Steve Blake,POR,Portland Trail Blazers,POR,2005-06,2014-15,5
blakest01,Steve Blake,MIL,Milwaukee Bucks,MIL,2006-07,2006-07,1
blakest01,Steve Blake,DEN,Denver Nuggets,DEN,2006-07,2006-07,1
blakest01,Steve Blake,LAC,LA Clippers,LAC,2009-10,2009-10,1
blakest01,Steve Blake,LAL,Los Angeles Lakers,LAL,2010-11,2013-14,4
blakest01,Steve Blake,GSW,Golden State Warriors,GSW,2013-14,2013-14,1
blakest01,Steve Blake,DET,Detroit Pistons,DET,2015-16,2015-16,1
mykhasv01,Svi Mykhailiuk,LAL,Los Angeles Lakers,LAL,2018-19,2018-19,1
mykhasv01,Svi Mykhailiuk,DET,Detroit Pistons,DET,2018-19,2020-21,3
mykhasv01,Svi Mykhailiuk,OKC,Oklahoma City Thunder,OKC,2020-21,2020-21,1
mykhasv01,Svi Mykhailiuk,TOR,Toronto Raptors,TOR,2021-22,2021-22,1
mykhasv01,Svi Mykhailiuk,NYK,New York Knicks,NYK,2022-23,2022-23,1
mykhasv01,Svi Mykhailiuk,CHA,Charlotte Hornets,CHO,2022-23,2022-23,1
mykhasv01,Svi Mykhailiuk,BOS,Boston Celtics,BOS,2023-24,2023-24,1
mykhasv01,Svi Mykhailiuk,UTA,Utah Jazz,UTA,2024-25,2025-26,2
gibsota01,Taj Gibson,CHI,Chicago Bulls,CHI,2009-10,2016-17,8
gibsota01,Taj Gibson,OKC,Oklahoma City Thunder,OKC,2016-17,2016-17,1
gibsota01,Taj Gibson,MIN,Minnesota Timberwolves,MIN,2017-18,2018-19,2
gibsota01,Taj Gibson,NYK,New York Knicks,NYK,2019-20,2023-24,4
gibsota01,Taj Gibson,WAS,Washington Wizards,WAS,2022-23,2022-23,1
gibsota01,Taj Gibson,DET,Detroit Pistons,DET,2023-24,2023-24,1
gibsota01,Taj Gibson,CHA,Charlotte Hornets,CHO,2024-25,2024-25,1
gibsota01,Taj Gibson,MEM,Memphis Grizzlies,MEM,2025-26,2025-26,1
youngth01,Thaddeus Young,PHI,Philadelphia 76ers,PHI,2007-08,2013-14,7
youngth01,Thaddeus Young,MIN,Minnesota Timberwolves,MIN,2014-15,2014-15,1
youngth01,Thaddeus Young,BKN,Brooklyn Nets,BRK,2014-15,2015-16,2
youngth01,Thaddeus Young,IND,Indiana Pacers,IND,2016-17,2018-19,3
youngth01,Thaddeus Young,CHI,Chicago Bulls,CHI,2019-20,2020-21,2
youngth01,Thaddeus Young,SAS,San Antonio Spurs,SAS,2021-22,2021-22,1
youngth01,Thaddeus Young,TOR,Toronto Raptors,TOR,2021-22,2023-24,3
youngth01,Thaddeus Young,PHX,Phoenix Suns,PHO,2023-24,2023-24,1
delkto01,Tony Delk,CHA,Charlotte Hornets,CHH,1996-97,1997-98,2
delkto01,Tony Delk,GSW,Golden State Warriors,GSW,1997-98,1998-99,2
delkto01,Tony Delk,SAC,Sacramento Kings,SAC,1999-00,1999-00,1
delkto01,Tony Delk,PHX,Phoenix Suns,PHO,2000-01,2001-02,2
delkto01,Tony Delk,BOS,Boston Celtics,BOS,2001-02,2002-03,2
delkto01,Tony Delk,DAL,Dallas Mavericks,DAL,2003-04,2003-04,1
delkto01,Tony Delk,ATL,Atlanta Hawks,ATL,2004-05,2005-06,2
delkto01,Tony Delk,DET,Detroit Pistons,DET,2005-06,2005-06,1
chandty01,Tyson Chandler,CHI,Chicago Bulls,CHI,2001-02,2005-06,5
chandty01,Tyson Chandler,NOP,New Orleans Pelicans,"NOH,NOK",2006-07,2008-09,3
chandty01,Tyson Chandler,CHA,Charlotte Hornets,CHA,2009-10,2009-10,1
chandty01,Tyson Chandler,DAL,Dallas Mavericks,DAL,2010-11,2014-15,2
chandty01,Tyson Chandler,NYK,New York Knicks,NYK,2011-12,2013-14,3
chandty01,Tyson Chandler,PHX,Phoenix Suns,PHO,2015-16,2018-19,4
chandty01,Tyson Chandler,LAL,Los Angeles Lakers,LAL,2018-19,2018-19,1
chandty01,Tyson Chandler,HOU,Houston Rockets,HOU,2019-20,2019-20,1
maxweve01,Vernon Maxwell,SAS,San Antonio Spurs,SAS,1988-89,1996-97,3
maxweve01,Vernon Maxwell,HOU,Houston Rockets,HOU,1989-90,1994-95,6
maxweve01,Vernon Maxwell,PHI,Philadelphia 76ers,PHI,1995-96,2000-01,2
maxweve01,Vernon Maxwell,ORL,Orlando Magic,ORL,1997-98,1997-98,1
maxweve01,Vernon Maxwell,CHA,Charlotte Hornets,CHH,1997-98,1997-98,1
maxweve01,Vernon Maxwell,SAC,Sacramento Kings,SAC,1998-99,1998-99,1
maxweve01,Vernon Maxwell,OKC,Oklahoma City Thunder,SEA,1999-00,1999-00,1
maxweve01,Vernon Maxwell,DAL,Dallas Mavericks,DAL,2000-01,2000-01,1
cartevi01,Vince Carter,TOR,Toronto Raptors,TOR,1998-99,2004-05,7
cartevi01,Vince Carter,BKN,Brooklyn Nets,NJN,2004-05,2008-09,5
cartevi01,Vince Carter,ORL,Orlando Magic,ORL,2009-10,2010-11,2
cartevi01,Vince Carter,PHX,Phoenix Suns,PHO,2010-11,2010-11,1
cartevi01,Vince Carter,DAL,Dallas Mavericks,DAL,2011-12,2013-14,3
cartevi01,Vince Carter,MEM,Memphis Grizzlies,MEM,2014-15,2016-17,3
cartevi01,Vince Carter,SAC,Sacramento Kings,SAC,2017-18,2017-18,1
cartevi01,Vince Carter,ATL,Atlanta Hawks,ATL,2018-19,2019-20,2
askewvi01,Vincent Askew,PHI,Philadelphia 76ers,PHI,1987-88,1987-88,1
askewvi01,Vincent Askew,GSW,Golden State Warriors,GSW,1990-91,1991-92,2
askewvi01,Vincent Askew,SAC,Sacramento Kings,SAC,1992-93,1992-93,1
askewvi01,Vincent Askew,OKC,Oklahoma City Thunder,SEA,1992-93,1995-96,4
askewvi01,Vincent Askew,BKN,Brooklyn Nets,NJN,1996-97,1996-97,1
askewvi01,Vincent Askew,IND,Indiana Pacers,IND,1996-97,1996-97,1
askewvi01,Vincent Askew,DEN,Denver Nuggets,DEN,1996-97,1996-97,1
askewvi01,Vincent Askew,POR,Portland Trail Blazers,POR,1997-98,1997-98,1
matthwe02,Wesley Matthews,UTA,Utah Jazz,UTA,2009-10,2009-10,1
matthwe02,Wesley Matthews,POR,Portland Trail Blazers,POR,2010-11,2014-15,5
matthwe02,Wesley Matthews,DAL,Dallas Mavericks,DAL,2015-16,2018-19,4
matthwe02,Wesley Matthews,NYK,New York Knicks,NYK,2018-19,2018-19,1
matthwe02,Wesley Matthews,IND,Indiana Pacers,IND,2018-19,2018-19,1
matthwe02,Wesley Matthews,MIL,Milwaukee Bucks,MIL,2019-20,2022-23,3
matthwe02,Wesley Matthews,LAL,Los Angeles Lakers,LAL,2020-21,2020-21,1
matthwe02,Wesley Matthews,ATL,Atlanta Hawks,ATL,2023-24,2023-24,1
brookaa01,Aaron Brooks,HOU,Houston Rockets,HOU,2007-08,2013-14,6
brookaa01,Aaron Brooks,PHX,Phoenix Suns,PHO,2010-11,2010-11,1
brookaa01,Aaron Brooks,SAC,Sacramento Kings,SAC,2012-13,2012-13,1
brookaa01,Aaron Brooks,DEN,Denver Nuggets,DEN,2013-14,2013-14,1
brookaa01,Aaron Brooks,CHI,Chicago Bulls,CHI,2014-15,2015-16,2
brookaa01,Aaron Brooks,IND,Indiana Pacers,IND,2016-17,2016-17,1
brookaa01,Aaron Brooks,MIN,Minnesota Timberwolves,MIN,2017-18,2017-18,1
harrial01,Al Harrington,IND,Indiana Pacers,IND,1998-99,2006-07,7
harrial01,Al Harrington,ATL,Atlanta Hawks,ATL,2004-05,2005-06,2
harrial01,Al Harrington,GSW,Golden State Warriors,GSW,2006-07,2008-09,3
harrial01,Al Harrington,NYK,New York Knicks,NYK,2008-09,2009-10,2
harrial01,Al Harrington,DEN,Denver Nuggets,DEN,2010-11,2011-12,2
harrial01,Al Harrington,ORL,Orlando Magic,ORL,2012-13,2012-13,1
harrial01,Al Harrington,WAS,Washington Wizards,WAS,2013-14,2013-14,1
turnean01,Andre Turner,BOS,Boston Celtics,BOS,1986-87,1986-87,1
turnean01,Andre Turner,HOU,Houston Rockets,HOU,1987-88,1987-88,1
turnean01,Andre Turner,MIL,Milwaukee Bucks,MIL,1988-89,1988-89,1
turnean01,Andre Turner,LAC,LA Clippers,LAC,1989-90,1989-90,1
turnean01,Andre Turner,CHA,Charlotte Hornets,CHH,1989-90,1989-90,1
turnean01,Andre Turner,PHI,Philadelphia 76ers,PHI,1990-91,1990-91,1
turnean01,Andre Turner,WAS,Washington Wizards,WSB,1991-92,1991-92,1
langan01,Andrew Lang,PHX,Phoenix Suns,PHO,1988-89,1991-92,4
langan01,Andrew Lang,PHI,Philadelphia 76ers,PHI,1992-93,1992-93,1
langan01,Andrew Lang,ATL,Atlanta Hawks,ATL,1993-94,1995-96,3
langan01,Andrew Lang,MIN,Minnesota Timberwolves,MIN,1995-96,1995-96,1
langan01,Andrew Lang,MIL,Milwaukee Bucks,MIL,1996-97,1997-98,2
langan01,Andrew Lang,CHI,Chicago Bulls,CHI,1998-99,1998-99,1
langan01,Andrew Lang,NYK,New York Knicks,NYK,1999-00,1999-00,1
johnsan02,Anthony Johnson,SAC,Sacramento Kings,SAC,1997-98,2007-08,2
johnsan02,Anthony Johnson,ATL,Atlanta Hawks,ATL,1998-99,2007-08,5
johnsan02,Anthony Johnson,ORL,Orlando Magic,ORL,1999-00,2009-10,3
johnsan02,Anthony Johnson,CLE,Cleveland Cavaliers,CLE,2000-01,2000-01,1
johnsan02,Anthony Johnson,BKN,Brooklyn Nets,NJN,2001-02,2002-03,2
johnsan02,Anthony Johnson,IND,Indiana Pacers,IND,2003-04,2005-06,3
johnsan02,Anthony Johnson,DAL,Dallas Mavericks,DAL,2006-07,2006-07,1
morroan01,Anthony Morrow,GSW,Golden State Warriors,GSW,2008-09,2009-10,2
morroan01,Anthony Morrow,BKN,Brooklyn Nets,NJN,2010-11,2011-12,2
morroan01,Anthony Morrow,ATL,Atlanta Hawks,ATL,2012-13,2012-13,1
morroan01,Anthony Morrow,DAL,Dallas Mavericks,DAL,2012-13,2012-13,1
morroan01,Anthony Morrow,NOP,New Orleans Pelicans,NOP,2013-14,2013-14,1
morroan01,Anthony Morrow,OKC,Oklahoma City Thunder,OKC,2014-15,2016-17,3
morroan01,Anthony Morrow,CHI,Chicago Bulls,CHI,2016-17,2016-17,1
daniean01,Antonio Daniels,MEM,Memphis Grizzlies,VAN,1997-98,1997-98,1
daniean01,Antonio Daniels,SAS,San Antonio Spurs,SAS,1998-99,2001-02,4
daniean01,Antonio Daniels,POR,Portland Trail Blazers,POR,2002-03,2002-03,1
daniean01,Antonio Daniels,OKC,Oklahoma City Thunder,SEA,2003-04,2004-05,2
daniean01,Antonio Daniels,WAS,Washington Wizards,WAS,2005-06,2008-09,4
daniean01,Antonio Daniels,NOP,New Orleans Pelicans,NOH,2008-09,2008-09,1
daniean01,Antonio Daniels,PHI,Philadelphia 76ers,PHI,2010-11,2010-11,1
riverau01,Austin Rivers,NOP,New Orleans Pelicans,"NOH,NOP",2012-13,2014-15,3
riverau01,Austin Rivers,LAC,LA Clippers,LAC,2014-15,2017-18,4
riverau01,Austin Rivers,WAS,Washington Wizards,WAS,2018-19,2018-19,1
riverau01,Austin Rivers,HOU,Houston Rockets,HOU,2018-19,2019-20,2
riverau01,Austin Rivers,NYK,New York Knicks,NYK,2020-21,2020-21,1
riverau01,Austin Rivers,DEN,Denver Nuggets,DEN,2020-21,2021-22,2
riverau01,Austin Rivers,MIN,Minnesota Timberwolves,MIN,2022-23,2022-23,1
bradlav01,Avery Bradley,BOS,Boston Celtics,BOS,2010-11,2016-17,7
bradlav01,Avery Bradley,DET,Detroit Pistons,DET,2017-18,2017-18,1
bradlav01,Avery Bradley,LAC,LA Clippers,LAC,2017-18,2018-19,2
bradlav01,Avery Bradley,MEM,Memphis Grizzlies,MEM,2018-19,2018-19,1
bradlav01,Avery Bradley,LAL,Los Angeles Lakers,LAL,2019-20,2021-22,2
bradlav01,Avery Bradley,MIA,Miami Heat,MIA,2020-21,2020-21,1
bradlav01,Avery Bradley,HOU,Houston Rockets,HOU,2020-21,2020-21,1
biyombi01,Bismack Biyombo,CHA,Charlotte Hornets,"CHA,CHO",2011-12,2020-21,7
biyombi01,Bismack Biyombo,TOR,Toronto Raptors,TOR,2015-16,2015-16,1
biyombi01,Bismack Biyombo,ORL,Orlando Magic,ORL,2016-17,2017-18,2
biyombi01,Bismack Biyombo,PHX,Phoenix Suns,PHO,2021-22,2022-23,2
biyombi01,Bismack Biyombo,MEM,Memphis Grizzlies,MEM,2023-24,2023-24,1
biyombi01,Bismack Biyombo,OKC,Oklahoma City Thunder,OKC,2023-24,2023-24,1
biyombi01,Bismack Biyombo,SAS,San Antonio Spurs,SAS,2024-25,2025-26,2
wrighbr03,Brandan Wright,GSW,Golden State Warriors,GSW,2007-08,2010-11,3
wrighbr03,Brandan Wright,BKN,Brooklyn Nets,NJN,2010-11,2010-11,1
wrighbr03,Brandan Wright,DAL,Dallas Mavericks,DAL,2011-12,2014-15,4
wrighbr03,Brandan Wright,BOS,Boston Celtics,BOS,2014-15,2014-15,1
wrighbr03,Brandan Wright,PHX,Phoenix Suns,PHO,2014-15,2014-15,1
wrighbr03,Brandan Wright,MEM,Memphis Grizzlies,MEM,2015-16,2017-18,3
wrighbr03,Brandan Wright,HOU,Houston Rockets,HOU,2017-18,2017-18,1
shawbr01,Brian Shaw,BOS,Boston Celtics,BOS,1988-89,1991-92,3
shawbr01,Brian Shaw,MIA,Miami Heat,MIA,1991-92,1993-94,3
shawbr01,Brian Shaw,ORL,Orlando Magic,ORL,1994-95,1996-97,3
shawbr01,Brian Shaw,GSW,Golden State Warriors,GSW,1997-98,1997-98,1
shawbr01,Brian Shaw,PHI,Philadelphia 76ers,PHI,1997-98,1997-98,1
shawbr01,Brian Shaw,POR,Portland Trail Blazers,POR,1998-99,1998-99,1
shawbr01,Brian Shaw,LAL,Los Angeles Lakers,LAL,1999-00,2002-03,4
milescj01,C.J. Miles,UTA,Utah Jazz,UTA,2005-06,2011-12,7
milescj01,C.J. Miles,CLE,Cleveland Cavaliers,CLE,2012-13,2013-14,2
milescj01,C.J. Miles,IND,Indiana Pacers,IND,2014-15,2016-17,3
milescj01,C.J. Miles,TOR,Toronto Raptors,TOR,2017-18,2018-19,2
milescj01,C.J. Miles,MEM,Memphis Grizzlies,MEM,2018-19,2018-19,1
milescj01,C.J. Miles,WAS,Washington Wizards,WAS,2019-20,2019-20,1
milescj01,C.J. Miles,BOS,Boston Celtics,BOS,2021-22,2021-22,1
boothca01,Calvin Booth,WAS,Washington Wizards,WAS,1999-00,2006-07,4
boothca01,Calvin Booth,DAL,Dallas Mavericks,DAL,2000-01,2004-05,2
boothca01,Calvin Booth,OKC,Oklahoma City Thunder,SEA,2001-02,2003-04,3
boothca01,Calvin Booth,MIL,Milwaukee Bucks,MIL,2004-05,2004-05,1
boothca01,Calvin Booth,PHI,Philadelphia 76ers,PHI,2007-08,2007-08,1
boothca01,Calvin Booth,MIN,Minnesota Timberwolves,MIN,2008-09,2008-09,1
boothca01,Calvin Booth,SAC,Sacramento Kings,SAC,2008-09,2008-09,1
payneca01,Cameron Payne,OKC,Oklahoma City Thunder,OKC,2015-16,2016-17,2
payneca01,Cameron Payne,CHI,Chicago Bulls,CHI,2016-17,2018-19,3
payneca01,Cameron Payne,CLE,Cleveland Cavaliers,CLE,2018-19,2018-19,1
payneca01,Cameron Payne,PHX,Phoenix Suns,PHO,2019-20,2022-23,4
payneca01,Cameron Payne,MIL,Milwaukee Bucks,MIL,2023-24,2023-24,1
payneca01,Cameron Payne,PHI,Philadelphia 76ers,PHI,2023-24,2025-26,2
payneca01,Cameron Payne,NYK,New York Knicks,NYK,2024-25,2024-25,1
arroyca01,Carlos Arroyo,TOR,Toronto Raptors,TOR,2001-02,2001-02,1
arroyca01,Carlos Arroyo,DEN,Denver Nuggets,DEN,2001-02,2001-02,1
arroyca01,Carlos Arroyo,UTA,Utah Jazz,UTA,2002-03,2004-05,3
arroyca01,Carlos Arroyo,DET,Detroit Pistons,DET,2004-05,2005-06,2
arroyca01,Carlos Arroyo,ORL,Orlando Magic,ORL,2005-06,2007-08,3
arroyca01,Carlos Arroyo,MIA,Miami Heat,MIA,2009-10,2010-11,2
arroyca01,Carlos Arroyo,BOS,Boston Celtics,BOS,2010-11,2010-11,1
billuch01,Chauncey Billups,BOS,Boston Celtics,BOS,1997-98,1997-98,1
billuch01,Chauncey Billups,TOR,Toronto Raptors,TOR,1997-98,1997-98,1
billuch01,Chauncey Billups,DEN,Denver Nuggets,DEN,1998-99,2010-11,5
billuch01,Chauncey Billups,MIN,Minnesota Timberwolves,MIN,2000-01,2001-02,2
billuch01,Chauncey Billups,DET,Detroit Pistons,DET,2002-03,2013-14,8
billuch01,Chauncey Billups,NYK,New York Knicks,NYK,2010-11,2010-11,1
billuch01,Chauncey Billups,LAC,LA Clippers,LAC,2011-12,2012-13,2
parksch02,Cherokee Parks,DAL,Dallas Mavericks,DAL,1995-96,1995-96,1
parksch02,Cherokee Parks,MIN,Minnesota Timberwolves,MIN,1996-97,1997-98,2
parksch02,Cherokee Parks,MEM,Memphis Grizzlies,VAN,1998-99,1999-00,2
parksch02,Cherokee Parks,WAS,Washington Wizards,WAS,2000-01,2000-01,1
parksch02,Cherokee Parks,LAC,LA Clippers,LAC,2000-01,2002-03,2
parksch02,Cherokee Parks,SAS,San Antonio Spurs,SAS,2001-02,2001-02,1
parksch02,Cherokee Parks,GSW,Golden State Warriors,GSW,2003-04,2003-04,1
paulch01,Chris Paul,NOP,New Orleans Pelicans,"NOH,NOK",2005-06,2010-11,6
paulch01,Chris Paul,LAC,LA Clippers,LAC,2011-12,2025-26,7
paulch01,Chris Paul,HOU,Houston Rockets,HOU,2017-18,2018-19,2
paulch01,Chris Paul,OKC,Oklahoma City Thunder,OKC,2019-20,2019-20,1
paulch01,Chris Paul,PHX,Phoenix Suns,PHO,2020-21,2022-23,3
paulch01,Chris Paul,GSW,Golden State Warriors,GSW,2023-24,2023-24,1
paulch01,Chris Paul,SAS,San Antonio Spurs,SAS,2024-25,2024-25,1
blounco01,Corie Blount,CHI,Chicago Bulls,CHI,1993-94,2003-04,4
blounco01,Corie Blount,LAL,Los Angeles Lakers,LAL,1995-96,1998-99,4
blounco01,Corie Blount,CLE,Cleveland Cavaliers,CLE,1998-99,1998-99,1
blounco01,Corie Blount,PHX,Phoenix Suns,PHO,1999-00,2000-01,2
blounco01,Corie Blount,GSW,Golden State Warriors,GSW,2000-01,2000-01,1
blounco01,Corie Blount,PHI,Philadelphia 76ers,PHI,2001-02,2001-02,1
blounco01,Corie Blount,TOR,Toronto Raptors,TOR,2003-04,2003-04,1
josepco01,Cory Joseph,SAS,San Antonio Spurs,SAS,2011-12,2014-15,4
josepco01,Cory Joseph,TOR,Toronto Raptors,TOR,2015-16,2016-17,2
josepco01,Cory Joseph,IND,Indiana Pacers,IND,2017-18,2018-19,2
josepco01,Cory Joseph,SAC,Sacramento Kings,SAC,2019-20,2020-21,2
josepco01,Cory Joseph,DET,Detroit Pistons,DET,2020-21,2022-23,3
josepco01,Cory Joseph,GSW,Golden State Warriors,GSW,2023-24,2023-24,1
josepco01,Cory Joseph,ORL,Orlando Magic,ORL,2024-25,2024-25,1
jonesda03,Damian Jones,GSW,Golden State Warriors,GSW,2016-17,2018-19,3
jonesda03,Damian Jones,ATL,Atlanta Hawks,ATL,2019-20,2019-20,1
jonesda03,Damian Jones,PHX,Phoenix Suns,PHO,2020-21,2020-21,1
jonesda03,Damian Jones,LAL,Los Angeles Lakers,LAL,2020-21,2022-23,2
jonesda03,Damian Jones,SAC,Sacramento Kings,SAC,2020-21,2021-22,2
jonesda03,Damian Jones,UTA,Utah Jazz,UTA,2022-23,2022-23,1
jonesda03,Damian Jones,CLE,Cleveland Cavaliers,CLE,2023-24,2023-24,1
mannida01,Danny Manning,LAC,LA Clippers,LAC,1988-89,1993-94,6
mannida01,Danny Manning,ATL,Atlanta Hawks,ATL,1993-94,1993-94,1
mannida01,Danny Manning,PHX,Phoenix Suns,PHO,1994-95,1998-99,5
mannida01,Danny Manning,MIL,Milwaukee Bucks,MIL,1999-00,1999-00,1
mannida01,Danny Manning,UTA,Utah Jazz,UTA,2000-01,2000-01,1
mannida01,Danny Manning,DAL,Dallas Mavericks,DAL,2001-02,2001-02,1
mannida01,Danny Manning,DET,Detroit Pistons,DET,2002-03,2002-03,1
schayda01,Danny Schayes,UTA,Utah Jazz,UTA,1981-82,1982-83,2
schayda01,Danny Schayes,DEN,Denver Nuggets,DEN,1982-83,1989-90,8
schayda01,Danny Schayes,MIL,Milwaukee Bucks,MIL,1990-91,1993-94,4
schayda01,Danny Schayes,LAL,Los Angeles Lakers,LAL,1993-94,1993-94,1
schayda01,Danny Schayes,PHX,Phoenix Suns,PHO,1994-95,1994-95,1
schayda01,Danny Schayes,MIA,Miami Heat,MIA,1995-96,1995-96,1
schayda01,Danny Schayes,ORL,Orlando Magic,ORL,1996-97,1998-99,3
cunnida01,Dante Cunningham,POR,Portland Trail Blazers,POR,2009-10,2010-11,2
cunnida01,Dante Cunningham,CHA,Charlotte Hornets,CHA,2010-11,2010-11,1
cunnida01,Dante Cunningham,MEM,Memphis Grizzlies,MEM,2011-12,2011-12,1
cunnida01,Dante Cunningham,MIN,Minnesota Timberwolves,MIN,2012-13,2013-14,2
cunnida01,Dante Cunningham,NOP,New Orleans Pelicans,NOP,2014-15,2017-18,4
cunnida01,Dante Cunningham,BKN,Brooklyn Nets,BRK,2017-18,2017-18,1
cunnida01,Dante Cunningham,SAS,San Antonio Spurs,SAS,2018-19,2018-19,1
saricda01,Dario Šarić,PHI,Philadelphia 76ers,PHI,2016-17,2018-19,3
saricda01,Dario Šarić,MIN,Minnesota Timberwolves,MIN,2018-19,2018-19,1
saricda01,Dario Šarić,PHX,Phoenix Suns,PHO,2019-20,2022-23,3
saricda01,Dario Šarić,OKC,Oklahoma City Thunder,OKC,2022-23,2022-23,1
saricda01,Dario Šarić,GSW,Golden State Warriors,GSW,2023-24,2023-24,1
saricda01,Dario Šarić,DEN,Denver Nuggets,DEN,2024-25,2024-25,1
saricda01,Dario Šarić,SAC,Sacramento Kings,SAC,2025-26,2025-26,1
liggide01,DeAndre Liggins,ORL,Orlando Magic,ORL,2011-12,2011-12,1
liggide01,DeAndre Liggins,OKC,Oklahoma City Thunder,OKC,2012-13,2012-13,1
liggide01,DeAndre Liggins,MIA,Miami Heat,MIA,2013-14,2013-14,1
liggide01,DeAndre Liggins,CLE,Cleveland Cavaliers,CLE,2016-17,2016-17,1
liggide01,DeAndre Liggins,DAL,Dallas Mavericks,DAL,2016-17,2016-17,1
liggide01,DeAndre Liggins,MIL,Milwaukee Bucks,MIL,2017-18,2017-18,1
liggide01,DeAndre Liggins,NOP,New Orleans Pelicans,NOP,2017-18,2017-18,1
couside01,DeMarcus Cousins,SAC,Sacramento Kings,SAC,2010-11,2016-17,7
couside01,DeMarcus Cousins,NOP,New Orleans Pelicans,NOP,2016-17,2017-18,2
couside01,DeMarcus Cousins,GSW,Golden State Warriors,GSW,2018-19,2018-19,1
couside01,DeMarcus Cousins,HOU,Houston Rockets,HOU,2020-21,2020-21,1
couside01,DeMarcus Cousins,LAC,LA Clippers,LAC,2020-21,2020-21,1
couside01,DeMarcus Cousins,MIL,Milwaukee Bucks,MIL,2021-22,2021-22,1
couside01,DeMarcus Cousins,DEN,Denver Nuggets,DEN,2021-22,2021-22,1
anderde01,Derek Anderson,CLE,Cleveland Cavaliers,CLE,1997-98,1998-99,2
anderde01,Derek Anderson,LAC,LA Clippers,LAC,1999-00,1999-00,1
anderde01,Derek Anderson,SAS,San Antonio Spurs,SAS,2000-01,2000-01,1
anderde01,Derek Anderson,POR,Portland Trail Blazers,POR,2001-02,2004-05,4
anderde01,Derek Anderson,HOU,Houston Rockets,HOU,2005-06,2005-06,1
anderde01,Derek Anderson,MIA,Miami Heat,MIA,2005-06,2005-06,1
anderde01,Derek Anderson,CHA,Charlotte Hornets,CHA,2006-07,2007-08,2
dedmode01,Dewayne Dedmon,GSW,Golden State Warriors,GSW,2013-14,2013-14,1
dedmode01,Dewayne Dedmon,PHI,Philadelphia 76ers,PHI,2013-14,2022-23,2
dedmode01,Dewayne Dedmon,ORL,Orlando Magic,ORL,2013-14,2015-16,3
dedmode01,Dewayne Dedmon,SAS,San Antonio Spurs,SAS,2016-17,2016-17,1
dedmode01,Dewayne Dedmon,ATL,Atlanta Hawks,ATL,2017-18,2019-20,3
dedmode01,Dewayne Dedmon,SAC,Sacramento Kings,SAC,2019-20,2019-20,1
dedmode01,Dewayne Dedmon,MIA,Miami Heat,MIA,2020-21,2022-23,3
mcguido01,Dominic McGuire,WAS,Washington Wizards,WAS,2007-08,2009-10,3
mcguido01,Dominic McGuire,SAC,Sacramento Kings,SAC,2009-10,2009-10,1
mcguido01,Dominic McGuire,CHA,Charlotte Hornets,CHA,2010-11,2010-11,1
mcguido01,Dominic McGuire,GSW,Golden State Warriors,GSW,2011-12,2011-12,1
mcguido01,Dominic McGuire,TOR,Toronto Raptors,TOR,2012-13,2012-13,1
mcguido01,Dominic McGuire,NOP,New Orleans Pelicans,NOH,2012-13,2012-13,1
mcguido01,Dominic McGuire,IND,Indiana Pacers,IND,2012-13,2012-13,1
macledo01,Don MacLean,WAS,Washington Wizards,WSB,1992-93,1994-95,3
macledo01,Don MacLean,DEN,Denver Nuggets,DEN,1995-96,1995-96,1
macledo01,Don MacLean,PHI,Philadelphia 76ers,PHI,1996-97,1996-97,1
macledo01,Don MacLean,BKN,Brooklyn Nets,NJN,1997-98,1997-98,1
macledo01,Don MacLean,OKC,Oklahoma City Thunder,SEA,1998-99,1998-99,1
macledo01,Don MacLean,PHX,Phoenix Suns,PHO,1999-00,1999-00,1
macledo01,Don MacLean,MIA,Miami Heat,MIA,2000-01,2000-01,1
chrisdo01,Doug Christie,LAL,Los Angeles Lakers,LAL,1992-93,1993-94,2
chrisdo01,Doug Christie,NYK,New York Knicks,NYK,1994-95,1995-96,2
chrisdo01,Doug Christie,TOR,Toronto Raptors,TOR,1995-96,1999-00,5
chrisdo01,Doug Christie,SAC,Sacramento Kings,SAC,2000-01,2004-05,5
chrisdo01,Doug Christie,ORL,Orlando Magic,ORL,2004-05,2004-05,1
chrisdo01,Doug Christie,DAL,Dallas Mavericks,DAL,2005-06,2005-06,1
chrisdo01,Doug Christie,LAC,LA Clippers,LAC,2006-07,2006-07,1
mcderdo01,Doug McDermott,CHI,Chicago Bulls,CHI,2014-15,2016-17,3
mcderdo01,Doug McDermott,OKC,Oklahoma City Thunder,OKC,2016-17,2016-17,1
mcderdo01,Doug McDermott,NYK,New York Knicks,NYK,2017-18,2017-18,1
mcderdo01,Doug McDermott,DAL,Dallas Mavericks,DAL,2017-18,2017-18,1
mcderdo01,Doug McDermott,IND,Indiana Pacers,IND,2018-19,2023-24,4
mcderdo01,Doug McDermott,SAS,San Antonio Spurs,SAS,2021-22,2023-24,3
mcderdo01,Doug McDermott,SAC,Sacramento Kings,SAC,2024-25,2025-26,2
bradldu01,Dudley Bradley,IND,Indiana Pacers,IND,1979-80,1980-81,2
bradldu01,Dudley Bradley,PHX,Phoenix Suns,PHO,1981-82,1981-82,1
bradldu01,Dudley Bradley,CHI,Chicago Bulls,CHI,1982-83,1982-83,1
bradldu01,Dudley Bradley,WAS,Washington Wizards,WSB,1984-85,1985-86,2
bradldu01,Dudley Bradley,MIL,Milwaukee Bucks,MIL,1986-87,1987-88,2
bradldu01,Dudley Bradley,BKN,Brooklyn Nets,NJN,1987-88,1987-88,1
bradldu01,Dudley Bradley,ATL,Atlanta Hawks,ATL,1988-89,1988-89,1
howardw01,Dwight Howard,ORL,Orlando Magic,ORL,2004-05,2011-12,8
howardw01,Dwight Howard,LAL,Los Angeles Lakers,LAL,2012-13,2021-22,3
howardw01,Dwight Howard,HOU,Houston Rockets,HOU,2013-14,2015-16,3
howardw01,Dwight Howard,ATL,Atlanta Hawks,ATL,2016-17,2016-17,1
howardw01,Dwight Howard,CHA,Charlotte Hornets,CHO,2017-18,2017-18,1
howardw01,Dwight Howard,WAS,Washington Wizards,WAS,2018-19,2018-19,1
howardw01,Dwight Howard,PHI,Philadelphia 76ers,PHI,2020-21,2020-21,1
barroea01,Earl Barron,MIA,Miami Heat,MIA,2005-06,2007-08,3
barroea01,Earl Barron,NYK,New York Knicks,NYK,2009-10,2012-13,2
barroea01,Earl Barron,PHX,Phoenix Suns,PHO,2010-11,2014-15,2
barroea01,Earl Barron,MIL,Milwaukee Bucks,MIL,2010-11,2010-11,1
barroea01,Earl Barron,POR,Portland Trail Blazers,POR,2010-11,2010-11,1
barroea01,Earl Barron,GSW,Golden State Warriors,GSW,2011-12,2011-12,1
barroea01,Earl Barron,WAS,Washington Wizards,WAS,2012-13,2012-13,1
curetea01,Earl Cureton,PHI,Philadelphia 76ers,PHI,1980-81,1982-83,3
curetea01,Earl Cureton,DET,Detroit Pistons,DET,1983-84,1985-86,3
curetea01,Earl Cureton,CHI,Chicago Bulls,CHI,1986-87,1986-87,1
curetea01,Earl Cureton,LAC,LA Clippers,LAC,1986-87,1987-88,2
curetea01,Earl Cureton,CHA,Charlotte Hornets,CHH,1988-89,1990-91,2
curetea01,Earl Cureton,HOU,Houston Rockets,HOU,1993-94,1993-94,1
curetea01,Earl Cureton,TOR,Toronto Raptors,TOR,1996-97,1996-97,1
pincked01,Ed Pinckney,PHX,Phoenix Suns,PHO,1985-86,1986-87,2
pincked01,Ed Pinckney,SAC,Sacramento Kings,SAC,1987-88,1988-89,2
pincked01,Ed Pinckney,BOS,Boston Celtics,BOS,1988-89,1993-94,6
pincked01,Ed Pinckney,MIL,Milwaukee Bucks,MIL,1994-95,1994-95,1
pincked01,Ed Pinckney,TOR,Toronto Raptors,TOR,1995-96,1995-96,1
pincked01,Ed Pinckney,PHI,Philadelphia 76ers,PHI,1995-96,1995-96,1
pincked01,Ed Pinckney,MIA,Miami Heat,MIA,1996-97,1996-97,1
perryel01,Elliot Perry,LAC,LA Clippers,LAC,1991-92,1991-92,1
perryel01,Elliot Perry,CHA,Charlotte Hornets,CHH,1991-92,1991-92,1
perryel01,Elliot Perry,PHX,Phoenix Suns,PHO,1993-94,2000-01,4
perryel01,Elliot Perry,MIL,Milwaukee Bucks,MIL,1996-97,1998-99,3
perryel01,Elliot Perry,BKN,Brooklyn Nets,NJN,1998-99,1999-00,2
perryel01,Elliot Perry,ORL,Orlando Magic,ORL,2000-01,2000-01,1
perryel01,Elliot Perry,MEM,Memphis Grizzlies,MEM,2001-02,2001-02,1
whatlen01,Ennis Whatley,CHI,Chicago Bulls,CHI,1983-84,1984-85,2
whatlen01,Ennis Whatley,CLE,Cleveland Cavaliers,CLE,1985-86,1985-86,1
whatlen01,Ennis Whatley,WAS,Washington Wizards,WSB,1985-86,1986-87,2
whatlen01,Ennis Whatley,SAS,San Antonio Spurs,SAS,1985-86,1985-86,1
whatlen01,Ennis Whatley,ATL,Atlanta Hawks,ATL,1987-88,1994-95,3
whatlen01,Ennis Whatley,LAC,LA Clippers,LAC,1988-89,1988-89,1
whatlen01,Ennis Whatley,POR,Portland Trail Blazers,POR,1991-92,1996-97,2
murdoer01,Eric Murdock,UTA,Utah Jazz,UTA,1991-92,1991-92,1
murdoer01,Eric Murdock,MIL,Milwaukee Bucks,MIL,1992-93,1995-96,4
murdoer01,Eric Murdock,MEM,Memphis Grizzlies,VAN,1995-96,1995-96,1
murdoer01,Eric Murdock,DEN,Denver Nuggets,DEN,1996-97,1996-97,1
murdoer01,Eric Murdock,MIA,Miami Heat,MIA,1997-98,1997-98,1
murdoer01,Eric Murdock,BKN,Brooklyn Nets,NJN,1998-99,1998-99,1
murdoer01,Eric Murdock,LAC,LA Clippers,LAC,1999-00,1999-00,1
willier01,Eric Williams,BOS,Boston Celtics,BOS,1995-96,2003-04,7
willier01,Eric Williams,DEN,Denver Nuggets,DEN,1997-98,1998-99,2
willier01,Eric Williams,CLE,Cleveland Cavaliers,CLE,2003-04,2003-04,1
willier01,Eric Williams,BKN,Brooklyn Nets,NJN,2004-05,2004-05,1
willier01,Eric Williams,TOR,Toronto Raptors,TOR,2004-05,2005-06,2
willier01,Eric Williams,SAS,San Antonio Spurs,SAS,2006-07,2006-07,1
willier01,Eric Williams,CHA,Charlotte Hornets,CHA,2006-07,2006-07,1
ilyaser01,Ersan İlyasova,MIL,Milwaukee Bucks,MIL,2006-07,2019-20,9
ilyaser01,Ersan İlyasova,DET,Detroit Pistons,DET,2015-16,2015-16,1
ilyaser01,Ersan İlyasova,ORL,Orlando Magic,ORL,2015-16,2015-16,1
ilyaser01,Ersan İlyasova,OKC,Oklahoma City Thunder,OKC,2016-17,2016-17,1
ilyaser01,Ersan İlyasova,PHI,Philadelphia 76ers,PHI,2016-17,2017-18,2
ilyaser01,Ersan İlyasova,ATL,Atlanta Hawks,ATL,2016-17,2017-18,2
ilyaser01,Ersan İlyasova,UTA,Utah Jazz,UTA,2020-21,2020-21,1
roberfr01,Fred Roberts,SAS,San Antonio Spurs,SAS,1983-84,1984-85,2
roberfr01,Fred Roberts,UTA,Utah Jazz,UTA,1984-85,1985-86,2
roberfr01,Fred Roberts,BOS,Boston Celtics,BOS,1986-87,1987-88,2
roberfr01,Fred Roberts,MIL,Milwaukee Bucks,MIL,1988-89,1992-93,5
roberfr01,Fred Roberts,CLE,Cleveland Cavaliers,CLE,1994-95,1994-95,1
roberfr01,Fred Roberts,LAL,Los Angeles Lakers,LAL,1995-96,1995-96,1
roberfr01,Fred Roberts,DAL,Dallas Mavericks,DAL,1996-97,1996-97,1
hendege01,Gerald Henderson,BOS,Boston Celtics,BOS,1979-80,1983-84,5
hendege01,Gerald Henderson,OKC,Oklahoma City Thunder,SEA,1984-85,1986-87,3
hendege01,Gerald Henderson,NYK,New York Knicks,NYK,1986-87,1987-88,2
hendege01,Gerald Henderson,PHI,Philadelphia 76ers,PHI,1987-88,1988-89,2
hendege01,Gerald Henderson,MIL,Milwaukee Bucks,MIL,1989-90,1989-90,1
hendege01,Gerald Henderson,DET,Detroit Pistons,DET,1989-90,1991-92,3
hendege01,Gerald Henderson,HOU,Houston Rockets,HOU,1991-92,1991-92,1
dragigo01,Goran Dragić,PHX,Phoenix Suns,PHO,2008-09,2014-15,6
dragigo01,Goran Dragić,HOU,Houston Rockets,HOU,2010-11,2011-12,2
dragigo01,Goran Dragić,MIA,Miami Heat,MIA,2014-15,2020-21,7
dragigo01,Goran Dragić,TOR,Toronto Raptors,TOR,2021-22,2021-22,1
dragigo01,Goran Dragić,BKN,Brooklyn Nets,BRK,2021-22,2021-22,1
dragigo01,Goran Dragić,CHI,Chicago Bulls,CHI,2022-23,2022-23,1
dragigo01,Goran Dragić,MIL,Milwaukee Bucks,MIL,2022-23,2022-23,1
kitegr01,Greg Kite,BOS,Boston Celtics,BOS,1983-84,1987-88,5
kitegr01,Greg Kite,LAC,LA Clippers,LAC,1987-88,1988-89,2
kitegr01,Greg Kite,CHA,Charlotte Hornets,CHH,1988-89,1988-89,1
kitegr01,Greg Kite,SAC,Sacramento Kings,SAC,1989-90,1989-90,1
kitegr01,Greg Kite,ORL,Orlando Magic,ORL,1990-91,1993-94,4
kitegr01,Greg Kite,NYK,New York Knicks,NYK,1994-95,1994-95,1
kitegr01,Greg Kite,IND,Indiana Pacers,IND,1994-95,1994-95,1
austiis01,Isaac Austin,UTA,Utah Jazz,UTA,1991-92,1992-93,2
austiis01,Isaac Austin,PHI,Philadelphia 76ers,PHI,1993-94,1993-94,1
austiis01,Isaac Austin,MIA,Miami Heat,MIA,1996-97,1997-98,2
austiis01,Isaac Austin,LAC,LA Clippers,LAC,1997-98,1997-98,1
austiis01,Isaac Austin,ORL,Orlando Magic,ORL,1998-99,1998-99,1
austiis01,Isaac Austin,WAS,Washington Wizards,WAS,1999-00,1999-00,1
austiis01,Isaac Austin,MEM,Memphis Grizzlies,"MEM,VAN",2000-01,2001-02,2
poseyja01,James Posey,DEN,Denver Nuggets,DEN,1999-00,2002-03,4
poseyja01,James Posey,HOU,Houston Rockets,HOU,2002-03,2002-03,1
poseyja01,James Posey,MEM,Memphis Grizzlies,MEM,2003-04,2004-05,2
poseyja01,James Posey,MIA,Miami Heat,MIA,2005-06,2006-07,2
poseyja01,James Posey,BOS,Boston Celtics,BOS,2007-08,2007-08,1
poseyja01,James Posey,NOP,New Orleans Pelicans,NOH,2008-09,2009-10,2
poseyja01,James Posey,IND,Indiana Pacers,IND,2010-11,2010-11,1
pargoja01,Jannero Pargo,LAL,Los Angeles Lakers,LAL,2002-03,2003-04,2
pargoja01,Jannero Pargo,TOR,Toronto Raptors,TOR,2003-04,2003-04,1
pargoja01,Jannero Pargo,CHI,Chicago Bulls,CHI,2003-04,2009-10,4
pargoja01,Jannero Pargo,NOP,New Orleans Pelicans,"NOH,NOK",2006-07,2007-08,2
pargoja01,Jannero Pargo,ATL,Atlanta Hawks,ATL,2011-12,2012-13,2
pargoja01,Jannero Pargo,WAS,Washington Wizards,WAS,2012-13,2012-13,1
pargoja01,Jannero Pargo,CHA,Charlotte Hornets,"CHA,CHO",2012-13,2014-15,3
dudleja01,Jared Dudley,CHA,Charlotte Hornets,CHA,2007-08,2008-09,2
dudleja01,Jared Dudley,PHX,Phoenix Suns,PHO,2008-09,2017-18,7
dudleja01,Jared Dudley,LAC,LA Clippers,LAC,2013-14,2013-14,1
dudleja01,Jared Dudley,MIL,Milwaukee Bucks,MIL,2014-15,2014-15,1
dudleja01,Jared Dudley,WAS,Washington Wizards,WAS,2015-16,2015-16,1
dudleja01,Jared Dudley,BKN,Brooklyn Nets,BRK,2018-19,2018-19,1
dudleja01,Jared Dudley,LAL,Los Angeles Lakers,LAL,2019-20,2020-21,2
mcinnje01,Jeff McInnis,DEN,Denver Nuggets,DEN,1996-97,1996-97,1
mcinnje01,Jeff McInnis,WAS,Washington Wizards,WAS,1998-99,1998-99,1
mcinnje01,Jeff McInnis,LAC,LA Clippers,LAC,1999-00,2001-02,3
mcinnje01,Jeff McInnis,POR,Portland Trail Blazers,POR,2002-03,2003-04,2
mcinnje01,Jeff McInnis,CLE,Cleveland Cavaliers,CLE,2003-04,2004-05,2
mcinnje01,Jeff McInnis,BKN,Brooklyn Nets,NJN,2005-06,2005-06,1
mcinnje01,Jeff McInnis,CHA,Charlotte Hornets,CHA,2006-07,2007-08,2
onealje01,Jermaine O'Neal,POR,Portland Trail Blazers,POR,1996-97,1999-00,4
onealje01,Jermaine O'Neal,IND,Indiana Pacers,IND,2000-01,2007-08,8
onealje01,Jermaine O'Neal,TOR,Toronto Raptors,TOR,2008-09,2008-09,1
onealje01,Jermaine O'Neal,MIA,Miami Heat,MIA,2008-09,2009-10,2
onealje01,Jermaine O'Neal,BOS,Boston Celtics,BOS,2010-11,2011-12,2
onealje01,Jermaine O'Neal,PHX,Phoenix Suns,PHO,2012-13,2012-13,1
onealje01,Jermaine O'Neal,GSW,Golden State Warriors,GSW,2013-14,2013-14,1
meeksjo01,Jodie Meeks,MIL,Milwaukee Bucks,MIL,2009-10,2009-10,1
meeksjo01,Jodie Meeks,PHI,Philadelphia 76ers,PHI,2009-10,2011-12,3
meeksjo01,Jodie Meeks,LAL,Los Angeles Lakers,LAL,2012-13,2013-14,2
meeksjo01,Jodie Meeks,DET,Detroit Pistons,DET,2014-15,2015-16,2
meeksjo01,Jodie Meeks,ORL,Orlando Magic,ORL,2016-17,2016-17,1
meeksjo01,Jodie Meeks,WAS,Washington Wizards,WAS,2017-18,2017-18,1
meeksjo01,Jodie Meeks,TOR,Toronto Raptors,TOR,2018-19,2018-19,1
courtjo01,Joe Courtney,CHI,Chicago Bulls,CHI,1992-93,1992-93,1
courtjo01,Joe Courtney,GSW,Golden State Warriors,GSW,1992-93,1992-93,1
courtjo01,Joe Courtney,PHX,Phoenix Suns,PHO,1993-94,1993-94,1
courtjo01,Joe Courtney,MIL,Milwaukee Bucks,MIL,1993-94,1993-94,1
courtjo01,Joe Courtney,CLE,Cleveland Cavaliers,CLE,1995-96,1995-96,1
courtjo01,Joe Courtney,PHI,Philadelphia 76ers,PHI,1996-97,1996-97,1
courtjo01,Joe Courtney,SAS,San Antonio Spurs,SAS,1996-97,1996-97,1
johnsjo02,Joe Johnson,BOS,Boston Celtics,BOS,2001-02,2021-22,2
johnsjo02,Joe Johnson,PHX,Phoenix Suns,PHO,2001-02,2004-05,4
johnsjo02,Joe Johnson,ATL,Atlanta Hawks,ATL,2005-06,2011-12,7
johnsjo02,Joe Johnson,BKN,Brooklyn Nets,BRK,2012-13,2015-16,4
johnsjo02,Joe Johnson,MIA,Miami Heat,MIA,2015-16,2015-16,1
johnsjo02,Joe Johnson,UTA,Utah Jazz,UTA,2016-17,2017-18,2
johnsjo02,Joe Johnson,HOU,Houston Rockets,HOU,2017-18,2017-18,1
kleinjo01,Joe Kleine,SAC,Sacramento Kings,SAC,1985-86,1988-89,4
kleinjo01,Joe Kleine,BOS,Boston Celtics,BOS,1988-89,1992-93,5
kleinjo01,Joe Kleine,PHX,Phoenix Suns,PHO,1993-94,1998-99,5
kleinjo01,Joe Kleine,LAL,Los Angeles Lakers,LAL,1996-97,1996-97,1
kleinjo01,Joe Kleine,BKN,Brooklyn Nets,NJN,1996-97,1996-97,1
kleinjo01,Joe Kleine,CHI,Chicago Bulls,CHI,1997-98,1997-98,1
kleinjo01,Joe Kleine,POR,Portland Trail Blazers,POR,1999-00,1999-00,1
wolfjo01,Joe Wolf,LAC,LA Clippers,LAC,1987-88,1989-90,3
wolfjo01,Joe Wolf,DEN,Denver Nuggets,DEN,1990-91,1997-98,3
wolfjo01,Joe Wolf,BOS,Boston Celtics,BOS,1992-93,1992-93,1
wolfjo01,Joe Wolf,POR,Portland Trail Blazers,POR,1992-93,1992-93,1
wolfjo01,Joe Wolf,CHA,Charlotte Hornets,CHH,1994-95,1998-99,3
wolfjo01,Joe Wolf,ORL,Orlando Magic,ORL,1995-96,1995-96,1
wolfjo01,Joe Wolf,MIL,Milwaukee Bucks,MIL,1996-97,1996-97,1
crottjo01,John Crotty,UTA,Utah Jazz,UTA,1992-93,2001-02,5
crottjo01,John Crotty,CLE,Cleveland Cavaliers,CLE,1995-96,1995-96,1
crottjo01,John Crotty,MIA,Miami Heat,MIA,1996-97,1996-97,1
crottjo01,John Crotty,POR,Portland Trail Blazers,POR,1997-98,1998-99,2
crottjo01,John Crotty,OKC,Oklahoma City Thunder,SEA,1998-99,1998-99,1
crottjo01,John Crotty,DET,Detroit Pistons,DET,1999-00,1999-00,1
crottjo01,John Crotty,DEN,Denver Nuggets,DEN,2002-03,2002-03,1
newmajo01,Johnny Newman,CLE,Cleveland Cavaliers,CLE,1986-87,1998-99,2
newmajo01,Johnny Newman,NYK,New York Knicks,NYK,1987-88,1989-90,3
newmajo01,Johnny Newman,CHA,Charlotte Hornets,CHH,1990-91,1993-94,4
newmajo01,Johnny Newman,BKN,Brooklyn Nets,NJN,1993-94,2000-01,3
newmajo01,Johnny Newman,MIL,Milwaukee Bucks,MIL,1994-95,1996-97,3
newmajo01,Johnny Newman,DEN,Denver Nuggets,DEN,1997-98,1997-98,1
newmajo01,Johnny Newman,DAL,Dallas Mavericks,DAL,2001-02,2001-02,1
mcrobjo01,Josh McRoberts,POR,Portland Trail Blazers,POR,2007-08,2007-08,1
mcrobjo01,Josh McRoberts,IND,Indiana Pacers,IND,2008-09,2010-11,3
mcrobjo01,Josh McRoberts,LAL,Los Angeles Lakers,LAL,2011-12,2011-12,1
mcrobjo01,Josh McRoberts,ORL,Orlando Magic,ORL,2012-13,2012-13,1
mcrobjo01,Josh McRoberts,CHA,Charlotte Hornets,CHA,2012-13,2013-14,2
mcrobjo01,Josh McRoberts,MIA,Miami Heat,MIA,2014-15,2016-17,3
mcrobjo01,Josh McRoberts,DAL,Dallas Mavericks,DAL,2017-18,2017-18,1
poweljo01,Josh Powell,DAL,Dallas Mavericks,DAL,2005-06,2005-06,1
poweljo01,Josh Powell,IND,Indiana Pacers,IND,2006-07,2006-07,1
poweljo01,Josh Powell,GSW,Golden State Warriors,GSW,2006-07,2006-07,1
poweljo01,Josh Powell,LAC,LA Clippers,LAC,2007-08,2007-08,1
poweljo01,Josh Powell,LAL,Los Angeles Lakers,LAL,2008-09,2009-10,2
poweljo01,Josh Powell,ATL,Atlanta Hawks,ATL,2010-11,2010-11,1
poweljo01,Josh Powell,HOU,Houston Rockets,HOU,2013-14,2013-14,1
caldejo01,José Calderón,TOR,Toronto Raptors,TOR,2005-06,2012-13,8
caldejo01,José Calderón,DET,Detroit Pistons,DET,2012-13,2018-19,2
caldejo01,José Calderón,DAL,Dallas Mavericks,DAL,2013-14,2013-14,1
caldejo01,José Calderón,NYK,New York Knicks,NYK,2014-15,2015-16,2
caldejo01,José Calderón,LAL,Los Angeles Lakers,LAL,2016-17,2016-17,1
caldejo01,José Calderón,ATL,Atlanta Hawks,ATL,2016-17,2016-17,1
caldejo01,José Calderón,CLE,Cleveland Cavaliers,CLE,2017-18,2017-18,1
buechju01,Jud Buechler,BKN,Brooklyn Nets,NJN,1990-91,1991-92,2
buechju01,Jud Buechler,SAS,San Antonio Spurs,SAS,1991-92,1991-92,1
buechju01,Jud Buechler,GSW,Golden State Warriors,GSW,1991-92,1993-94,3
buechju01,Jud Buechler,CHI,Chicago Bulls,CHI,1994-95,1997-98,4
buechju01,Jud Buechler,DET,Detroit Pistons,DET,1998-99,2000-01,3
buechju01,Jud Buechler,PHX,Phoenix Suns,PHO,2001-02,2001-02,1
buechju01,Jud Buechler,ORL,Orlando Magic,ORL,2001-02,2001-02,1
jacksju01,Justin Jackson,SAC,Sacramento Kings,SAC,2017-18,2018-19,2
jacksju01,Justin Jackson,DAL,Dallas Mavericks,DAL,2018-19,2019-20,2
jacksju01,Justin Jackson,OKC,Oklahoma City Thunder,OKC,2020-21,2020-21,1
jacksju01,Justin Jackson,MIL,Milwaukee Bucks,MIL,2020-21,2020-21,1
jacksju01,Justin Jackson,BOS,Boston Celtics,BOS,2021-22,2022-23,2
jacksju01,Justin Jackson,PHX,Phoenix Suns,PHO,2021-22,2021-22,1
jacksju01,Justin Jackson,MIN,Minnesota Timberwolves,MIN,2023-24,2023-24,1
gillke01,Kendall Gill,CHA,Charlotte Hornets,CHH,1990-91,1995-96,4
gillke01,Kendall Gill,OKC,Oklahoma City Thunder,SEA,1993-94,1994-95,2
gillke01,Kendall Gill,BKN,Brooklyn Nets,NJN,1995-96,2000-01,6
gillke01,Kendall Gill,MIA,Miami Heat,MIA,2001-02,2001-02,1
gillke01,Kendall Gill,MIN,Minnesota Timberwolves,MIN,2002-03,2002-03,1
gillke01,Kendall Gill,CHI,Chicago Bulls,CHI,2003-04,2003-04,1
gillke01,Kendall Gill,MIL,Milwaukee Bucks,MIL,2004-05,2004-05,1
doolike01,Keyon Dooling,LAC,LA Clippers,LAC,2000-01,2003-04,4
doolike01,Keyon Dooling,MIA,Miami Heat,MIA,2004-05,2004-05,1
doolike01,Keyon Dooling,ORL,Orlando Magic,ORL,2005-06,2007-08,3
doolike01,Keyon Dooling,BKN,Brooklyn Nets,NJN,2008-09,2009-10,2
doolike01,Keyon Dooling,MIL,Milwaukee Bucks,MIL,2010-11,2010-11,1
doolike01,Keyon Dooling,BOS,Boston Celtics,BOS,2011-12,2011-12,1
doolike01,Keyon Dooling,MEM,Memphis Grizzlies,MEM,2012-13,2012-13,1
brownkw01,Kwame Brown,WAS,Washington Wizards,WAS,2001-02,2004-05,4
brownkw01,Kwame Brown,LAL,Los Angeles Lakers,LAL,2005-06,2007-08,3
brownkw01,Kwame Brown,MEM,Memphis Grizzlies,MEM,2007-08,2007-08,1
brownkw01,Kwame Brown,DET,Detroit Pistons,DET,2008-09,2009-10,2
brownkw01,Kwame Brown,CHA,Charlotte Hornets,CHA,2010-11,2010-11,1
brownkw01,Kwame Brown,GSW,Golden State Warriors,GSW,2011-12,2011-12,1
brownkw01,Kwame Brown,PHI,Philadelphia 76ers,PHI,2012-13,2012-13,1
gallola01,Langston Galloway,NYK,New York Knicks,NYK,2014-15,2015-16,2
gallola01,Langston Galloway,NOP,New Orleans Pelicans,NOP,2016-17,2016-17,1
gallola01,Langston Galloway,SAC,Sacramento Kings,SAC,2016-17,2016-17,1
gallola01,Langston Galloway,DET,Detroit Pistons,DET,2017-18,2019-20,3
gallola01,Langston Galloway,PHX,Phoenix Suns,PHO,2020-21,2020-21,1
gallola01,Langston Galloway,BKN,Brooklyn Nets,BRK,2021-22,2021-22,1
gallola01,Langston Galloway,MIL,Milwaukee Bucks,MIL,2021-22,2021-22,1
nailole01,Lee Nailon,CHA,Charlotte Hornets,CHH,2000-01,2001-02,2
nailole01,Lee Nailon,NYK,New York Knicks,NYK,2002-03,2002-03,1
nailole01,Lee Nailon,ATL,Atlanta Hawks,ATL,2003-04,2003-04,1
nailole01,Lee Nailon,ORL,Orlando Magic,ORL,2003-04,2003-04,1
nailole01,Lee Nailon,CLE,Cleveland Cavaliers,CLE,2003-04,2003-04,1
nailole01,Lee Nailon,NOP,New Orleans Pelicans,NOH,2004-05,2004-05,1
nailole01,Lee Nailon,PHI,Philadelphia 76ers,PHI,2005-06,2005-06,1
connele01,Lester Conner,GSW,Golden State Warriors,GSW,1982-83,1985-86,4
connele01,Lester Conner,HOU,Houston Rockets,HOU,1987-88,1987-88,1
connele01,Lester Conner,BKN,Brooklyn Nets,NJN,1988-89,1990-91,3
connele01,Lester Conner,MIL,Milwaukee Bucks,MIL,1990-91,1991-92,2
connele01,Lester Conner,LAC,LA Clippers,LAC,1992-93,1992-93,1
connele01,Lester Conner,IND,Indiana Pacers,IND,1993-94,1993-94,1
connele01,Lester Conner,LAL,Los Angeles Lakers,LAL,1994-95,1994-95,1
johnsli01,Linton Johnson,CHI,Chicago Bulls,CHI,2003-04,2008-09,2
johnsli01,Linton Johnson,SAS,San Antonio Spurs,SAS,2004-05,2004-05,1
johnsli01,Linton Johnson,BKN,Brooklyn Nets,NJN,2005-06,2005-06,1
johnsli01,Linton Johnson,NOP,New Orleans Pelicans,NOK,2005-06,2006-07,2
johnsli01,Linton Johnson,PHX,Phoenix Suns,PHO,2007-08,2007-08,1
johnsli01,Linton Johnson,TOR,Toronto Raptors,TOR,2007-08,2007-08,1
johnsli01,Linton Johnson,CHA,Charlotte Hornets,CHA,2008-09,2008-09,1
thornma01,Marcus Thornton,NOP,New Orleans Pelicans,NOH,2009-10,2010-11,2
thornma01,Marcus Thornton,SAC,Sacramento Kings,SAC,2010-11,2013-14,4
thornma01,Marcus Thornton,BKN,Brooklyn Nets,BRK,2013-14,2013-14,1
thornma01,Marcus Thornton,BOS,Boston Celtics,BOS,2014-15,2014-15,1
thornma01,Marcus Thornton,PHX,Phoenix Suns,PHO,2014-15,2014-15,1
thornma01,Marcus Thornton,HOU,Houston Rockets,HOU,2015-16,2015-16,1
thornma01,Marcus Thornton,WAS,Washington Wizards,WAS,2015-16,2016-17,2
jacksma01,Mark Jackson,NYK,New York Knicks,NYK,1987-88,2001-02,7
jacksma01,Mark Jackson,LAC,LA Clippers,LAC,1992-93,1993-94,2
jacksma01,Mark Jackson,IND,Indiana Pacers,IND,1994-95,1999-00,6
jacksma01,Mark Jackson,DEN,Denver Nuggets,DEN,1996-97,1996-97,1
jacksma01,Mark Jackson,TOR,Toronto Raptors,TOR,2000-01,2000-01,1
jacksma01,Mark Jackson,UTA,Utah Jazz,UTA,2002-03,2002-03,1
jacksma01,Mark Jackson,HOU,Houston Rockets,HOU,2003-04,2003-04,1
westma01,Mark West,DAL,Dallas Mavericks,DAL,1983-84,1983-84,1
westma01,Mark West,MIL,Milwaukee Bucks,MIL,1984-85,1984-85,1
westma01,Mark West,CLE,Cleveland Cavaliers,CLE,1984-85,1996-97,5
westma01,Mark West,PHX,Phoenix Suns,PHO,1987-88,1999-00,8
westma01,Mark West,DET,Detroit Pistons,DET,1994-95,1995-96,2
westma01,Mark West,IND,Indiana Pacers,IND,1997-98,1997-98,1
westma01,Mark West,ATL,Atlanta Hawks,ATL,1998-99,1998-99,1
evansma01,Maurice Evans,MIN,Minnesota Timberwolves,MIN,2001-02,2001-02,1
evansma01,Maurice Evans,SAC,Sacramento Kings,SAC,2004-05,2004-05,1
evansma01,Maurice Evans,DET,Detroit Pistons,DET,2005-06,2005-06,1
evansma01,Maurice Evans,LAL,Los Angeles Lakers,LAL,2006-07,2007-08,2
evansma01,Maurice Evans,ORL,Orlando Magic,ORL,2007-08,2007-08,1
evansma01,Maurice Evans,ATL,Atlanta Hawks,ATL,2008-09,2010-11,3
evansma01,Maurice Evans,WAS,Washington Wizards,WAS,2010-11,2011-12,2
beaslmi01,Michael Beasley,MIA,Miami Heat,MIA,2008-09,2014-15,4
beaslmi01,Michael Beasley,MIN,Minnesota Timberwolves,MIN,2010-11,2011-12,2
beaslmi01,Michael Beasley,PHX,Phoenix Suns,PHO,2012-13,2012-13,1
beaslmi01,Michael Beasley,HOU,Houston Rockets,HOU,2015-16,2015-16,1
beaslmi01,Michael Beasley,MIL,Milwaukee Bucks,MIL,2016-17,2016-17,1
beaslmi01,Michael Beasley,NYK,New York Knicks,NYK,2017-18,2017-18,1
beaslmi01,Michael Beasley,LAL,Los Angeles Lakers,LAL,2018-19,2018-19,1
millemi01,Mike Miller,ORL,Orlando Magic,ORL,2000-01,2002-03,3
millemi01,Mike Miller,MEM,Memphis Grizzlies,MEM,2002-03,2013-14,7
millemi01,Mike Miller,MIN,Minnesota Timberwolves,MIN,2008-09,2008-09,1
millemi01,Mike Miller,WAS,Washington Wizards,WAS,2009-10,2009-10,1
millemi01,Mike Miller,MIA,Miami Heat,MIA,2010-11,2012-13,3
millemi01,Mike Miller,CLE,Cleveland Cavaliers,CLE,2014-15,2014-15,1
millemi01,Mike Miller,DEN,Denver Nuggets,DEN,2015-16,2016-17,2
muscami01,Mike Muscala,ATL,Atlanta Hawks,ATL,2013-14,2017-18,5
muscami01,Mike Muscala,PHI,Philadelphia 76ers,PHI,2018-19,2018-19,1
muscami01,Mike Muscala,LAL,Los Angeles Lakers,LAL,2018-19,2018-19,1
muscami01,Mike Muscala,OKC,Oklahoma City Thunder,OKC,2019-20,2023-24,5
muscami01,Mike Muscala,BOS,Boston Celtics,BOS,2022-23,2022-23,1
muscami01,Mike Muscala,WAS,Washington Wizards,WAS,2023-24,2023-24,1
muscami01,Mike Muscala,DET,Detroit Pistons,DET,2023-24,2023-24,1
bambamo01,Mo Bamba,ORL,Orlando Magic,ORL,2018-19,2022-23,5
bambamo01,Mo Bamba,LAL,Los Angeles Lakers,LAL,2022-23,2022-23,1
bambamo01,Mo Bamba,PHI,Philadelphia 76ers,PHI,2023-24,2023-24,1
bambamo01,Mo Bamba,LAC,LA Clippers,LAC,2024-25,2024-25,1
bambamo01,Mo Bamba,NOP,New Orleans Pelicans,NOP,2024-25,2024-25,1
bambamo01,Mo Bamba,TOR,Toronto Raptors,TOR,2025-26,2025-26,1
bambamo01,Mo Bamba,UTA,Utah Jazz,UTA,2025-26,2025-26,1
willima01,Mo Williams,UTA,Utah Jazz,UTA,2003-04,2012-13,2
willima01,Mo Williams,MIL,Milwaukee Bucks,MIL,2004-05,2007-08,4
willima01,Mo Williams,CLE,Cleveland Cavaliers,CLE,2008-09,2015-16,4
willima01,Mo Williams,LAC,LA Clippers,LAC,2010-11,2011-12,2
willima01,Mo Williams,POR,Portland Trail Blazers,POR,2013-14,2013-14,1
willima01,Mo Williams,MIN,Minnesota Timberwolves,MIN,2014-15,2014-15,1
willima01,Mo Williams,CHA,Charlotte Hornets,CHO,2014-15,2014-15,1
brownmo01,Moses Brown,POR,Portland Trail Blazers,POR,2019-20,2023-24,2
brownmo01,Moses Brown,OKC,Oklahoma City Thunder,OKC,2020-21,2020-21,1
brownmo01,Moses Brown,DAL,Dallas Mavericks,DAL,2021-22,2024-25,2
brownmo01,Moses Brown,CLE,Cleveland Cavaliers,CLE,2021-22,2021-22,1
brownmo01,Moses Brown,LAC,LA Clippers,LAC,2022-23,2022-23,1
brownmo01,Moses Brown,BKN,Brooklyn Nets,BRK,2022-23,2022-23,1
brownmo01,Moses Brown,IND,Indiana Pacers,IND,2024-25,2024-25,1
stausni01,Nik Stauskas,SAC,Sacramento Kings,SAC,2014-15,2014-15,1
stausni01,Nik Stauskas,PHI,Philadelphia 76ers,PHI,2015-16,2017-18,3
stausni01,Nik Stauskas,BKN,Brooklyn Nets,BRK,2017-18,2017-18,1
stausni01,Nik Stauskas,POR,Portland Trail Blazers,POR,2018-19,2018-19,1
stausni01,Nik Stauskas,CLE,Cleveland Cavaliers,CLE,2018-19,2018-19,1
stausni01,Nik Stauskas,MIA,Miami Heat,MIA,2021-22,2021-22,1
stausni01,Nik Stauskas,BOS,Boston Celtics,BOS,2021-22,2021-22,1
casspom01,Omri Casspi,SAC,Sacramento Kings,SAC,2009-10,2016-17,5
casspom01,Omri Casspi,CLE,Cleveland Cavaliers,CLE,2011-12,2012-13,2
casspom01,Omri Casspi,HOU,Houston Rockets,HOU,2013-14,2013-14,1
casspom01,Omri Casspi,NOP,New Orleans Pelicans,NOP,2016-17,2016-17,1
casspom01,Omri Casspi,MIN,Minnesota Timberwolves,MIN,2016-17,2016-17,1
casspom01,Omri Casspi,GSW,Golden State Warriors,GSW,2017-18,2017-18,1
casspom01,Omri Casspi,MEM,Memphis Grizzlies,MEM,2018-19,2018-19,1
woolror01,Orlando Woolridge,CHI,Chicago Bulls,CHI,1981-82,1985-86,5
woolror01,Orlando Woolridge,BKN,Brooklyn Nets,NJN,1986-87,1987-88,2
woolror01,Orlando Woolridge,LAL,Los Angeles Lakers,LAL,1988-89,1989-90,2
woolror01,Orlando Woolridge,DEN,Denver Nuggets,DEN,1990-91,1990-91,1
woolror01,Orlando Woolridge,DET,Detroit Pistons,DET,1991-92,1992-93,2
woolror01,Orlando Woolridge,MIL,Milwaukee Bucks,MIL,1992-93,1992-93,1
woolror01,Orlando Woolridge,PHI,Philadelphia 76ers,PHI,1993-94,1993-94,1
beverpa01,Patrick Beverley,HOU,Houston Rockets,HOU,2012-13,2016-17,5
beverpa01,Patrick Beverley,LAC,LA Clippers,LAC,2017-18,2020-21,4
beverpa01,Patrick Beverley,MIN,Minnesota Timberwolves,MIN,2021-22,2021-22,1
beverpa01,Patrick Beverley,LAL,Los Angeles Lakers,LAL,2022-23,2022-23,1
beverpa01,Patrick Beverley,CHI,Chicago Bulls,CHI,2022-23,2022-23,1
beverpa01,Patrick Beverley,PHI,Philadelphia 76ers,PHI,2023-24,2023-24,1
beverpa01,Patrick Beverley,MIL,Milwaukee Bucks,MIL,2023-24,2023-24,1
millspa02,Patty Mills,POR,Portland Trail Blazers,POR,2009-10,2010-11,2
millspa02,Patty Mills,SAS,San Antonio Spurs,SAS,2011-12,2020-21,10
millspa02,Patty Mills,BKN,Brooklyn Nets,BRK,2021-22,2022-23,2
millspa02,Patty Mills,ATL,Atlanta Hawks,ATL,2023-24,2023-24,1
millspa02,Patty Mills,MIA,Miami Heat,MIA,2023-24,2023-24,1
millspa02,Patty Mills,UTA,Utah Jazz,UTA,2024-25,2024-25,1
millspa02,Patty Mills,LAC,LA Clippers,LAC,2024-25,2024-25,1
chilcpe01,Pete Chilcutt,SAC,Sacramento Kings,SAC,1991-92,1993-94,3
chilcpe01,Pete Chilcutt,DET,Detroit Pistons,DET,1993-94,1993-94,1
chilcpe01,Pete Chilcutt,HOU,Houston Rockets,HOU,1994-95,1995-96,2
chilcpe01,Pete Chilcutt,MEM,Memphis Grizzlies,VAN,1996-97,1998-99,3
chilcpe01,Pete Chilcutt,UTA,Utah Jazz,UTA,1999-00,1999-00,1
chilcpe01,Pete Chilcutt,CLE,Cleveland Cavaliers,CLE,1999-00,1999-00,1
chilcpe01,Pete Chilcutt,LAC,LA Clippers,LAC,1999-00,1999-00,1
myerspe01,Pete Myers,CHI,Chicago Bulls,CHI,1986-87,1994-95,3
myerspe01,Pete Myers,SAS,San Antonio Spurs,SAS,1987-88,1990-91,2
myerspe01,Pete Myers,PHI,Philadelphia 76ers,PHI,1988-89,1988-89,1
myerspe01,Pete Myers,NYK,New York Knicks,NYK,1988-89,1997-98,3
myerspe01,Pete Myers,BKN,Brooklyn Nets,NJN,1989-90,1989-90,1
myerspe01,Pete Myers,MIA,Miami Heat,MIA,1995-96,1995-96,1
myerspe01,Pete Myers,CHA,Charlotte Hornets,CHH,1995-96,1995-96,1
foyera01,Randy Foye,MIN,Minnesota Timberwolves,MIN,2006-07,2008-09,3
foyera01,Randy Foye,WAS,Washington Wizards,WAS,2009-10,2009-10,1
foyera01,Randy Foye,LAC,LA Clippers,LAC,2010-11,2011-12,2
foyera01,Randy Foye,UTA,Utah Jazz,UTA,2012-13,2012-13,1
foyera01,Randy Foye,DEN,Denver Nuggets,DEN,2013-14,2015-16,3
foyera01,Randy Foye,OKC,Oklahoma City Thunder,OKC,2015-16,2015-16,1
foyera01,Randy Foye,BKN,Brooklyn Nets,BRK,2016-17,2016-17,1
feltora01,Raymond Felton,CHA,Charlotte Hornets,CHA,2005-06,2009-10,5
feltora01,Raymond Felton,NYK,New York Knicks,NYK,2010-11,2013-14,3
feltora01,Raymond Felton,DEN,Denver Nuggets,DEN,2010-11,2010-11,1
feltora01,Raymond Felton,POR,Portland Trail Blazers,POR,2011-12,2011-12,1
feltora01,Raymond Felton,DAL,Dallas Mavericks,DAL,2014-15,2015-16,2
feltora01,Raymond Felton,LAC,LA Clippers,LAC,2016-17,2016-17,1
feltora01,Raymond Felton,OKC,Oklahoma City Thunder,OKC,2017-18,2018-19,2
bullore01,Reggie Bullock,LAC,LA Clippers,LAC,2013-14,2014-15,2
bullore01,Reggie Bullock,PHX,Phoenix Suns,PHO,2014-15,2014-15,1
bullore01,Reggie Bullock,DET,Detroit Pistons,DET,2015-16,2018-19,4
bullore01,Reggie Bullock,LAL,Los Angeles Lakers,LAL,2018-19,2018-19,1
bullore01,Reggie Bullock,NYK,New York Knicks,NYK,2019-20,2020-21,2
bullore01,Reggie Bullock,DAL,Dallas Mavericks,DAL,2021-22,2022-23,2
bullore01,Reggie Bullock,HOU,Houston Rockets,HOU,2023-24,2023-24,1
evansre01,Reggie Evans,OKC,Oklahoma City Thunder,SEA,2002-03,2005-06,4
evansre01,Reggie Evans,DEN,Denver Nuggets,DEN,2005-06,2006-07,2
evansre01,Reggie Evans,PHI,Philadelphia 76ers,PHI,2007-08,2008-09,2
evansre01,Reggie Evans,TOR,Toronto Raptors,TOR,2009-10,2010-11,2
evansre01,Reggie Evans,LAC,LA Clippers,LAC,2011-12,2011-12,1
evansre01,Reggie Evans,BKN,Brooklyn Nets,BRK,2012-13,2013-14,2
evansre01,Reggie Evans,SAC,Sacramento Kings,SAC,2013-14,2014-15,2
slatere01,Reggie Slater,DEN,Denver Nuggets,DEN,1994-95,1995-96,2
slatere01,Reggie Slater,POR,Portland Trail Blazers,POR,1995-96,1995-96,1
slatere01,Reggie Slater,DAL,Dallas Mavericks,DAL,1995-96,1995-96,1
slatere01,Reggie Slater,TOR,Toronto Raptors,TOR,1996-97,1998-99,3
slatere01,Reggie Slater,MIN,Minnesota Timberwolves,MIN,2000-01,2002-03,2
slatere01,Reggie Slater,BKN,Brooklyn Nets,NJN,2001-02,2001-02,1
slatere01,Reggie Slater,ATL,Atlanta Hawks,ATL,2001-02,2001-02,1
packro01,Robert Pack,POR,Portland Trail Blazers,POR,1991-92,1991-92,1
packro01,Robert Pack,DEN,Denver Nuggets,DEN,1992-93,2000-01,4
packro01,Robert Pack,WAS,Washington Wizards,WSB,1995-96,1995-96,1
packro01,Robert Pack,BKN,Brooklyn Nets,NJN,1996-97,2003-04,2
packro01,Robert Pack,DAL,Dallas Mavericks,DAL,1996-97,1999-00,4
packro01,Robert Pack,MIN,Minnesota Timberwolves,MIN,2001-02,2001-02,1
packro01,Robert Pack,NOP,New Orleans Pelicans,NOH,2002-03,2002-03,1
higgiro01,Rod Higgins,CHI,Chicago Bulls,CHI,1982-83,1985-86,4
higgiro01,Rod Higgins,OKC,Oklahoma City Thunder,SEA,1985-86,1985-86,1
higgiro01,Rod Higgins,SAS,San Antonio Spurs,SAS,1985-86,1985-86,1
higgiro01,Rod Higgins,BKN,Brooklyn Nets,NJN,1985-86,1985-86,1
higgiro01,Rod Higgins,GSW,Golden State Warriors,GSW,1986-87,1994-95,7
higgiro01,Rod Higgins,SAC,Sacramento Kings,SAC,1992-93,1992-93,1
higgiro01,Rod Higgins,CLE,Cleveland Cavaliers,CLE,1993-94,1993-94,1
rogerro01,Rodney Rogers,DEN,Denver Nuggets,DEN,1993-94,1994-95,2
rogerro01,Rodney Rogers,LAC,LA Clippers,LAC,1995-96,1998-99,4
rogerro01,Rodney Rogers,PHX,Phoenix Suns,PHO,1999-00,2001-02,3
rogerro01,Rodney Rogers,BOS,Boston Celtics,BOS,2001-02,2001-02,1
rogerro01,Rodney Rogers,BKN,Brooklyn Nets,NJN,2002-03,2003-04,2
rogerro01,Rodney Rogers,NOP,New Orleans Pelicans,NOH,2004-05,2004-05,1
rogerro01,Rodney Rogers,PHI,Philadelphia 76ers,PHI,2004-05,2004-05,1
masonro01,Roger Mason,CHI,Chicago Bulls,CHI,2002-03,2003-04,2
masonro01,Roger Mason,TOR,Toronto Raptors,TOR,2003-04,2003-04,1
masonro01,Roger Mason,WAS,Washington Wizards,WAS,2006-07,2011-12,3
masonro01,Roger Mason,SAS,San Antonio Spurs,SAS,2008-09,2009-10,2
masonro01,Roger Mason,NYK,New York Knicks,NYK,2010-11,2010-11,1
masonro01,Roger Mason,NOP,New Orleans Pelicans,NOH,2012-13,2012-13,1
masonro01,Roger Mason,MIA,Miami Heat,MIA,2013-14,2013-14,1
mercero01,Ron Mercer,BOS,Boston Celtics,BOS,1997-98,1998-99,2
mercero01,Ron Mercer,DEN,Denver Nuggets,DEN,1999-00,1999-00,1
mercero01,Ron Mercer,ORL,Orlando Magic,ORL,1999-00,1999-00,1
mercero01,Ron Mercer,CHI,Chicago Bulls,CHI,2000-01,2001-02,2
mercero01,Ron Mercer,IND,Indiana Pacers,IND,2001-02,2002-03,2
mercero01,Ron Mercer,SAS,San Antonio Spurs,SAS,2003-04,2003-04,1
mercero01,Ron Mercer,BKN,Brooklyn Nets,NJN,2004-05,2004-05,1
turiaro01,Ronny Turiaf,LAL,Los Angeles Lakers,LAL,2005-06,2007-08,3
turiaro01,Ronny Turiaf,GSW,Golden State Warriors,GSW,2008-09,2009-10,2
turiaro01,Ronny Turiaf,NYK,New York Knicks,NYK,2010-11,2010-11,1
turiaro01,Ronny Turiaf,WAS,Washington Wizards,WAS,2011-12,2011-12,1
turiaro01,Ronny Turiaf,MIA,Miami Heat,MIA,2011-12,2011-12,1
turiaro01,Ronny Turiaf,LAC,LA Clippers,LAC,2012-13,2012-13,1
turiaro01,Ronny Turiaf,MIN,Minnesota Timberwolves,MIN,2013-14,2014-15,2
sparrro01,Rory Sparrow,BKN,Brooklyn Nets,NJN,1980-81,1980-81,1
sparrro01,Rory Sparrow,ATL,Atlanta Hawks,ATL,1981-82,1982-83,2
sparrro01,Rory Sparrow,NYK,New York Knicks,NYK,1982-83,1987-88,6
sparrro01,Rory Sparrow,CHI,Chicago Bulls,CHI,1987-88,1991-92,2
sparrro01,Rory Sparrow,MIA,Miami Heat,MIA,1988-89,1989-90,2
sparrro01,Rory Sparrow,SAC,Sacramento Kings,SAC,1990-91,1990-91,1
sparrro01,Rory Sparrow,LAL,Los Angeles Lakers,LAL,1991-92,1991-92,1
westbru01,Russell Westbrook,OKC,Oklahoma City Thunder,OKC,2008-09,2018-19,11
westbru01,Russell Westbrook,HOU,Houston Rockets,HOU,2019-20,2019-20,1
westbru01,Russell Westbrook,WAS,Washington Wizards,WAS,2020-21,2020-21,1
westbru01,Russell Westbrook,LAL,Los Angeles Lakers,LAL,2021-22,2022-23,2
westbru01,Russell Westbrook,LAC,LA Clippers,LAC,2022-23,2023-24,2
westbru01,Russell Westbrook,DEN,Denver Nuggets,DEN,2024-25,2024-25,1
westbru01,Russell Westbrook,SAC,Sacramento Kings,SAC,2025-26,2025-26,1
pavloal01,Sasha Pavlović,UTA,Utah Jazz,UTA,2003-04,2003-04,1
pavloal01,Sasha Pavlović,CLE,Cleveland Cavaliers,CLE,2004-05,2008-09,5
pavloal01,Sasha Pavlović,MIN,Minnesota Timberwolves,MIN,2009-10,2009-10,1
pavloal01,Sasha Pavlović,DAL,Dallas Mavericks,DAL,2010-11,2010-11,1
pavloal01,Sasha Pavlović,NOP,New Orleans Pelicans,NOH,2010-11,2010-11,1
pavloal01,Sasha Pavlović,BOS,Boston Celtics,BOS,2010-11,2011-12,2
pavloal01,Sasha Pavlović,POR,Portland Trail Blazers,POR,2012-13,2012-13,1
willisc01,Scott Williams,CHI,Chicago Bulls,CHI,1990-91,1993-94,4
willisc01,Scott Williams,PHI,Philadelphia 76ers,PHI,1994-95,1998-99,5
willisc01,Scott Williams,MIL,Milwaukee Bucks,MIL,1998-99,2000-01,3
willisc01,Scott Williams,DEN,Denver Nuggets,DEN,2001-02,2001-02,1
willisc01,Scott Williams,PHX,Phoenix Suns,PHO,2002-03,2003-04,2
willisc01,Scott Williams,DAL,Dallas Mavericks,DAL,2003-04,2003-04,1
willisc01,Scott Williams,CLE,Cleveland Cavaliers,CLE,2004-05,2004-05,1
rooksse01,Sean Rooks,DAL,Dallas Mavericks,DAL,1992-93,1999-00,3
rooksse01,Sean Rooks,MIN,Minnesota Timberwolves,MIN,1994-95,1995-96,2
rooksse01,Sean Rooks,ATL,Atlanta Hawks,ATL,1995-96,1995-96,1
rooksse01,Sean Rooks,LAL,Los Angeles Lakers,LAL,1996-97,1998-99,3
rooksse01,Sean Rooks,LAC,LA Clippers,LAC,2000-01,2002-03,3
rooksse01,Sean Rooks,NOP,New Orleans Pelicans,NOH,2003-04,2003-04,1
rooksse01,Sean Rooks,ORL,Orlando Magic,ORL,2003-04,2003-04,1
willish01,Shammond Williams,ATL,Atlanta Hawks,ATL,1998-99,1998-99,1
willish01,Shammond Williams,OKC,Oklahoma City Thunder,SEA,1999-00,2001-02,3
willish01,Shammond Williams,BOS,Boston Celtics,BOS,2002-03,2002-03,1
willish01,Shammond Williams,DEN,Denver Nuggets,DEN,2002-03,2002-03,1
willish01,Shammond Williams,ORL,Orlando Magic,ORL,2003-04,2003-04,1
willish01,Shammond Williams,NOP,New Orleans Pelicans,NOH,2003-04,2003-04,1
willish01,Shammond Williams,LAL,Los Angeles Lakers,LAL,2006-07,2006-07,1
harrish01,Shaquille Harrison,PHX,Phoenix Suns,PHO,2017-18,2017-18,1
harrish01,Shaquille Harrison,CHI,Chicago Bulls,CHI,2018-19,2019-20,2
harrish01,Shaquille Harrison,UTA,Utah Jazz,UTA,2020-21,2020-21,1
harrish01,Shaquille Harrison,DEN,Denver Nuggets,DEN,2020-21,2020-21,1
harrish01,Shaquille Harrison,BKN,Brooklyn Nets,BRK,2021-22,2021-22,1
harrish01,Shaquille Harrison,POR,Portland Trail Blazers,POR,2022-23,2022-23,1
harrish01,Shaquille Harrison,MEM,Memphis Grizzlies,MEM,2023-24,2023-24,1
willish03,Shawne Williams,IND,Indiana Pacers,IND,2006-07,2007-08,2
willish03,Shawne Williams,DAL,Dallas Mavericks,DAL,2008-09,2008-09,1
willish03,Shawne Williams,NYK,New York Knicks,NYK,2010-11,2010-11,1
willish03,Shawne Williams,BKN,Brooklyn Nets,NJN,2011-12,2011-12,1
willish03,Shawne Williams,LAL,Los Angeles Lakers,LAL,2013-14,2013-14,1
willish03,Shawne Williams,MIA,Miami Heat,MIA,2014-15,2014-15,1
willish03,Shawne Williams,DET,Detroit Pistons,DET,2014-15,2014-15,1
willish02,Shelden Williams,ATL,Atlanta Hawks,ATL,2006-07,2007-08,2
willish02,Shelden Williams,SAC,Sacramento Kings,SAC,2007-08,2008-09,2
willish02,Shelden Williams,MIN,Minnesota Timberwolves,MIN,2008-09,2008-09,1
willish02,Shelden Williams,BOS,Boston Celtics,BOS,2009-10,2009-10,1
willish02,Shelden Williams,DEN,Denver Nuggets,DEN,2010-11,2010-11,1
willish02,Shelden Williams,NYK,New York Knicks,NYK,2010-11,2010-11,1
willish02,Shelden Williams,BKN,Brooklyn Nets,NJN,2011-12,2011-12,1
macksh01,Shelvin Mack,WAS,Washington Wizards,WAS,2011-12,2012-13,2
macksh01,Shelvin Mack,PHI,Philadelphia 76ers,PHI,2012-13,2012-13,1
macksh01,Shelvin Mack,ATL,Atlanta Hawks,ATL,2012-13,2015-16,4
macksh01,Shelvin Mack,UTA,Utah Jazz,UTA,2015-16,2016-17,2
macksh01,Shelvin Mack,ORL,Orlando Magic,ORL,2017-18,2017-18,1
macksh01,Shelvin Mack,MEM,Memphis Grizzlies,MEM,2018-19,2018-19,1
macksh01,Shelvin Mack,CHA,Charlotte Hornets,CHO,2018-19,2018-19,1
grahast01,Stephen Graham,HOU,Houston Rockets,HOU,2005-06,2005-06,1
grahast01,Stephen Graham,CHI,Chicago Bulls,CHI,2005-06,2005-06,1
grahast01,Stephen Graham,CLE,Cleveland Cavaliers,CLE,2005-06,2005-06,1
grahast01,Stephen Graham,POR,Portland Trail Blazers,POR,2006-07,2006-07,1
grahast01,Stephen Graham,IND,Indiana Pacers,IND,2007-08,2008-09,2
grahast01,Stephen Graham,CHA,Charlotte Hornets,CHA,2009-10,2009-10,1
grahast01,Stephen Graham,BKN,Brooklyn Nets,NJN,2010-11,2010-11,1
johnsst03,Steve Johnson,SAC,Sacramento Kings,KCK,1981-82,1983-84,3
johnsst03,Steve Johnson,CHI,Chicago Bulls,CHI,1983-84,1984-85,2
johnsst03,Steve Johnson,SAS,San Antonio Spurs,SAS,1985-86,1985-86,1
johnsst03,Steve Johnson,POR,Portland Trail Blazers,POR,1986-87,1988-89,3
johnsst03,Steve Johnson,MIN,Minnesota Timberwolves,MIN,1989-90,1989-90,1
johnsst03,Steve Johnson,OKC,Oklahoma City Thunder,SEA,1989-90,1989-90,1
johnsst03,Steve Johnson,GSW,Golden State Warriors,GSW,1990-91,1990-91,1
cummite01,Terry Cummings,LAC,LA Clippers,SDC,1982-83,1983-84,2
cummite01,Terry Cummings,MIL,Milwaukee Bucks,MIL,1984-85,1995-96,6
cummite01,Terry Cummings,SAS,San Antonio Spurs,SAS,1989-90,1994-95,6
cummite01,Terry Cummings,OKC,Oklahoma City Thunder,SEA,1996-97,1996-97,1
cummite01,Terry Cummings,PHI,Philadelphia 76ers,PHI,1997-98,1997-98,1
cummite01,Terry Cummings,NYK,New York Knicks,NYK,1997-98,1997-98,1
cummite01,Terry Cummings,GSW,Golden State Warriors,GSW,1998-99,1999-00,2
thomati01,Tim Thomas,PHI,Philadelphia 76ers,PHI,1997-98,1998-99,2
thomati01,Tim Thomas,MIL,Milwaukee Bucks,MIL,1998-99,2003-04,6
thomati01,Tim Thomas,NYK,New York Knicks,NYK,2003-04,2008-09,3
thomati01,Tim Thomas,CHI,Chicago Bulls,CHI,2005-06,2008-09,2
thomati01,Tim Thomas,PHX,Phoenix Suns,PHO,2005-06,2005-06,1
thomati01,Tim Thomas,LAC,LA Clippers,LAC,2006-07,2008-09,3
thomati01,Tim Thomas,DAL,Dallas Mavericks,DAL,2009-10,2009-10,1
guglito01,Tom Gugliotta,WAS,Washington Wizards,WSB,1992-93,1994-95,3
guglito01,Tom Gugliotta,GSW,Golden State Warriors,GSW,1994-95,1994-95,1
guglito01,Tom Gugliotta,MIN,Minnesota Timberwolves,MIN,1994-95,1997-98,4
guglito01,Tom Gugliotta,PHX,Phoenix Suns,PHO,1998-99,2003-04,6
guglito01,Tom Gugliotta,UTA,Utah Jazz,UTA,2003-04,2003-04,1
guglito01,Tom Gugliotta,BOS,Boston Celtics,BOS,2004-05,2004-05,1
guglito01,Tom Gugliotta,ATL,Atlanta Hawks,ATL,2004-05,2004-05,1
douglto01,Toney Douglas,NYK,New York Knicks,NYK,2009-10,2011-12,3
douglto01,Toney Douglas,HOU,Houston Rockets,HOU,2012-13,2012-13,1
douglto01,Toney Douglas,SAC,Sacramento Kings,SAC,2012-13,2012-13,1
douglto01,Toney Douglas,GSW,Golden State Warriors,GSW,2013-14,2013-14,1
douglto01,Toney Douglas,MIA,Miami Heat,MIA,2013-14,2013-14,1
douglto01,Toney Douglas,NOP,New Orleans Pelicans,NOP,2014-15,2015-16,2
douglto01,Toney Douglas,MEM,Memphis Grizzlies,MEM,2016-17,2016-17,1
danietr01,Troy Daniels,HOU,Houston Rockets,HOU,2013-14,2014-15,2
danietr01,Troy Daniels,MIN,Minnesota Timberwolves,MIN,2014-15,2014-15,1
danietr01,Troy Daniels,CHA,Charlotte Hornets,CHO,2014-15,2015-16,2
danietr01,Troy Daniels,MEM,Memphis Grizzlies,MEM,2016-17,2016-17,1
danietr01,Troy Daniels,PHX,Phoenix Suns,PHO,2017-18,2018-19,2
danietr01,Troy Daniels,LAL,Los Angeles Lakers,LAL,2019-20,2019-20,1
danietr01,Troy Daniels,DEN,Denver Nuggets,DEN,2019-20,2019-20,1
zellety01,Tyler Zeller,CLE,Cleveland Cavaliers,CLE,2012-13,2013-14,2
zellety01,Tyler Zeller,BOS,Boston Celtics,BOS,2014-15,2016-17,3
zellety01,Tyler Zeller,BKN,Brooklyn Nets,BRK,2017-18,2017-18,1
zellety01,Tyler Zeller,MIL,Milwaukee Bucks,MIL,2017-18,2017-18,1
zellety01,Tyler Zeller,ATL,Atlanta Hawks,ATL,2018-19,2018-19,1
zellety01,Tyler Zeller,MEM,Memphis Grizzlies,MEM,2018-19,2018-19,1
zellety01,Tyler Zeller,SAS,San Antonio Spurs,SAS,2019-20,2019-20,1
luety01,Tyronn Lue,LAL,Los Angeles Lakers,LAL,1998-99,2000-01,3
luety01,Tyronn Lue,WAS,Washington Wizards,WAS,2001-02,2002-03,2
luety01,Tyronn Lue,ORL,Orlando Magic,ORL,2003-04,2008-09,2
luety01,Tyronn Lue,HOU,Houston Rockets,HOU,2004-05,2004-05,1
luety01,Tyronn Lue,ATL,Atlanta Hawks,ATL,2004-05,2007-08,4
luety01,Tyronn Lue,DAL,Dallas Mavericks,DAL,2007-08,2007-08,1
luety01,Tyronn Lue,MIL,Milwaukee Bucks,MIL,2008-09,2008-09,1
jonesty01,Tyus Jones,MIN,Minnesota Timberwolves,MIN,2015-16,2018-19,4
jonesty01,Tyus Jones,MEM,Memphis Grizzlies,MEM,2019-20,2022-23,4
jonesty01,Tyus Jones,WAS,Washington Wizards,WAS,2023-24,2023-24,1
jonesty01,Tyus Jones,PHX,Phoenix Suns,PHO,2024-25,2024-25,1
jonesty01,Tyus Jones,ORL,Orlando Magic,ORL,2025-26,2025-26,1
jonesty01,Tyus Jones,DAL,Dallas Mavericks,DAL,2025-26,2025-26,1
jonesty01,Tyus Jones,DEN,Denver Nuggets,DEN,2025-26,2025-26,1
radmavl01,Vladimir Radmanović,OKC,Oklahoma City Thunder,SEA,2001-02,2005-06,5
radmavl01,Vladimir Radmanović,LAC,LA Clippers,LAC,2005-06,2005-06,1
radmavl01,Vladimir Radmanović,LAL,Los Angeles Lakers,LAL,2006-07,2008-09,3
radmavl01,Vladimir Radmanović,CHA,Charlotte Hornets,CHA,2008-09,2009-10,2
radmavl01,Vladimir Radmanović,GSW,Golden State Warriors,GSW,2009-10,2010-11,2
radmavl01,Vladimir Radmanović,ATL,Atlanta Hawks,ATL,2011-12,2011-12,1
radmavl01,Vladimir Radmanović,CHI,Chicago Bulls,CHI,2012-13,2012-13,1
wafervo01,Von Wafer,LAL,Los Angeles Lakers,LAL,2005-06,2005-06,1
wafervo01,Von Wafer,LAC,LA Clippers,LAC,2006-07,2006-07,1
wafervo01,Von Wafer,DEN,Denver Nuggets,DEN,2007-08,2007-08,1
wafervo01,Von Wafer,POR,Portland Trail Blazers,POR,2007-08,2007-08,1
wafervo01,Von Wafer,HOU,Houston Rockets,HOU,2008-09,2008-09,1
wafervo01,Von Wafer,BOS,Boston Celtics,BOS,2010-11,2010-11,1
wafervo01,Von Wafer,ORL,Orlando Magic,ORL,2011-12,2011-12,1
gabriwe01,Wenyen Gabriel,SAC,Sacramento Kings,SAC,2019-20,2019-20,1
gabriwe01,Wenyen Gabriel,POR,Portland Trail Blazers,POR,2019-20,2019-20,1
gabriwe01,Wenyen Gabriel,NOP,New Orleans Pelicans,NOP,2020-21,2020-21,1
gabriwe01,Wenyen Gabriel,BKN,Brooklyn Nets,BRK,2021-22,2021-22,1
gabriwe01,Wenyen Gabriel,LAC,LA Clippers,LAC,2021-22,2021-22,1
gabriwe01,Wenyen Gabriel,LAL,Los Angeles Lakers,LAL,2021-22,2022-23,2
gabriwe01,Wenyen Gabriel,MEM,Memphis Grizzlies,MEM,2023-24,2023-24,1
persowe01,Wesley Person,PHX,Phoenix Suns,PHO,1994-95,1996-97,3
persowe01,Wesley Person,CLE,Cleveland Cavaliers,CLE,1997-98,2001-02,5
persowe01,Wesley Person,MEM,Memphis Grizzlies,MEM,2002-03,2003-04,2
persowe01,Wesley Person,POR,Portland Trail Blazers,POR,2003-04,2003-04,1
persowe01,Wesley Person,ATL,Atlanta Hawks,ATL,2003-04,2003-04,1
persowe01,Wesley Person,MIA,Miami Heat,MIA,2004-05,2004-05,1
persowe01,Wesley Person,DEN,Denver Nuggets,DEN,2004-05,2004-05,1
aminual01,Al-Farouq Aminu,LAC,LA Clippers,LAC,2010-11,2010-11,1
aminual01,Al-Farouq Aminu,NOP,New Orleans Pelicans,"NOH,NOP",2011-12,2013-14,3
aminual01,Al-Farouq Aminu,DAL,Dallas Mavericks,DAL,2014-15,2014-15,1
aminual01,Al-Farouq Aminu,POR,Portland Trail Blazers,POR,2015-16,2018-19,4
aminual01,Al-Farouq Aminu,ORL,Orlando Magic,ORL,2019-20,2020-21,2
aminual01,Al-Farouq Aminu,CHI,Chicago Bulls,CHI,2020-21,2020-21,1
lenal01,Alex Len,PHX,Phoenix Suns,PHO,2013-14,2017-18,5
lenal01,Alex Len,ATL,Atlanta Hawks,ATL,2018-19,2019-20,2
lenal01,Alex Len,SAC,Sacramento Kings,SAC,2019-20,2024-25,5
lenal01,Alex Len,TOR,Toronto Raptors,TOR,2020-21,2020-21,1
lenal01,Alex Len,WAS,Washington Wizards,WAS,2020-21,2020-21,1
lenal01,Alex Len,LAL,Los Angeles Lakers,LAL,2024-25,2024-25,1
johnsal02,Alize Johnson,IND,Indiana Pacers,IND,2018-19,2019-20,2
johnsal02,Alize Johnson,BKN,Brooklyn Nets,BRK,2020-21,2020-21,1
johnsal02,Alize Johnson,CHI,Chicago Bulls,CHI,2021-22,2021-22,1
johnsal02,Alize Johnson,WAS,Washington Wizards,WAS,2021-22,2021-22,1
johnsal02,Alize Johnson,NOP,New Orleans Pelicans,NOP,2021-22,2021-22,1
johnsal02,Alize Johnson,SAS,San Antonio Spurs,SAS,2022-23,2022-23,1
geeal01,Alonzo Gee,WAS,Washington Wizards,WAS,2009-10,2010-11,2
geeal01,Alonzo Gee,SAS,San Antonio Spurs,SAS,2010-11,2010-11,1
geeal01,Alonzo Gee,CLE,Cleveland Cavaliers,CLE,2010-11,2013-14,4
geeal01,Alonzo Gee,DEN,Denver Nuggets,DEN,2014-15,2016-17,2
geeal01,Alonzo Gee,POR,Portland Trail Blazers,POR,2014-15,2014-15,1
geeal01,Alonzo Gee,NOP,New Orleans Pelicans,NOP,2015-16,2015-16,1
barrean01,Andre Barrett,HOU,Houston Rockets,HOU,2004-05,2004-05,1
barrean01,Andre Barrett,ORL,Orlando Magic,ORL,2004-05,2004-05,1
barrean01,Andre Barrett,PHX,Phoenix Suns,PHO,2005-06,2005-06,1
barrean01,Andre Barrett,TOR,Toronto Raptors,TOR,2005-06,2005-06,1
barrean01,Andre Barrett,CHI,Chicago Bulls,CHI,2006-07,2006-07,1
barrean01,Andre Barrett,LAC,LA Clippers,LAC,2007-08,2007-08,1
drumman01,Andre Drummond,DET,Detroit Pistons,DET,2012-13,2019-20,8
drumman01,Andre Drummond,CLE,Cleveland Cavaliers,CLE,2019-20,2020-21,2
drumman01,Andre Drummond,LAL,Los Angeles Lakers,LAL,2020-21,2020-21,1
drumman01,Andre Drummond,PHI,Philadelphia 76ers,PHI,2021-22,2025-26,3
drumman01,Andre Drummond,BKN,Brooklyn Nets,BRK,2021-22,2021-22,1
drumman01,Andre Drummond,CHI,Chicago Bulls,CHI,2022-23,2023-24,2
jamisan01,Antawn Jamison,GSW,Golden State Warriors,GSW,1998-99,2002-03,5
jamisan01,Antawn Jamison,DAL,Dallas Mavericks,DAL,2003-04,2003-04,1
jamisan01,Antawn Jamison,WAS,Washington Wizards,WAS,2004-05,2009-10,6
jamisan01,Antawn Jamison,CLE,Cleveland Cavaliers,CLE,2009-10,2011-12,3
jamisan01,Antawn Jamison,LAL,Los Angeles Lakers,LAL,2012-13,2012-13,1
jamisan01,Antawn Jamison,LAC,LA Clippers,LAC,2013-14,2013-14,1
cartean01,Anthony Carter,MIA,Miami Heat,MIA,1999-00,2002-03,4
cartean01,Anthony Carter,SAS,San Antonio Spurs,SAS,2003-04,2003-04,1
cartean01,Anthony Carter,MIN,Minnesota Timberwolves,MIN,2004-05,2005-06,2
cartean01,Anthony Carter,DEN,Denver Nuggets,DEN,2006-07,2010-11,5
cartean01,Anthony Carter,NYK,New York Knicks,NYK,2010-11,2010-11,1
cartean01,Anthony Carter,TOR,Toronto Raptors,TOR,2011-12,2011-12,1
masonan01,Anthony Mason,BKN,Brooklyn Nets,NJN,1989-90,1989-90,1
masonan01,Anthony Mason,DEN,Denver Nuggets,DEN,1990-91,1990-91,1
masonan01,Anthony Mason,NYK,New York Knicks,NYK,1991-92,1995-96,5
masonan01,Anthony Mason,CHA,Charlotte Hornets,CHH,1996-97,1999-00,3
masonan01,Anthony Mason,MIA,Miami Heat,MIA,2000-01,2000-01,1
masonan01,Anthony Mason,MIL,Milwaukee Bucks,MIL,2001-02,2002-03,2
carran01,Antoine Carr,ATL,Atlanta Hawks,ATL,1984-85,1989-90,6
carran01,Antoine Carr,SAC,Sacramento Kings,SAC,1989-90,1990-91,2
carran01,Antoine Carr,SAS,San Antonio Spurs,SAS,1991-92,1993-94,3
carran01,Antoine Carr,UTA,Utah Jazz,UTA,1994-95,1997-98,4
carran01,Antoine Carr,HOU,Houston Rockets,HOU,1998-99,1998-99,1
carran01,Antoine Carr,MEM,Memphis Grizzlies,VAN,1999-00,1999-00,1
harvean01,Antonio Harvey,LAL,Los Angeles Lakers,LAL,1993-94,1994-95,2
harvean01,Antonio Harvey,MEM,Memphis Grizzlies,VAN,1995-96,1995-96,1
harvean01,Antonio Harvey,LAC,LA Clippers,LAC,1995-96,1995-96,1
harvean01,Antonio Harvey,OKC,Oklahoma City Thunder,SEA,1996-97,2001-02,2
harvean01,Antonio Harvey,POR,Portland Trail Blazers,POR,1999-00,2000-01,2
harvean01,Antonio Harvey,ATL,Atlanta Hawks,ATL,2002-03,2002-03,1
gilliar01,Armen Gilliam,PHX,Phoenix Suns,PHO,1987-88,1989-90,3
gilliar01,Armen Gilliam,CHA,Charlotte Hornets,CHH,1989-90,1990-91,2
gilliar01,Armen Gilliam,PHI,Philadelphia 76ers,PHI,1990-91,1992-93,3
gilliar01,Armen Gilliam,BKN,Brooklyn Nets,NJN,1993-94,1995-96,3
gilliar01,Armen Gilliam,MIL,Milwaukee Bucks,MIL,1996-97,1998-99,3
gilliar01,Armen Gilliam,UTA,Utah Jazz,UTA,1999-00,1999-00,1
afflaar01,Arron Afflalo,DET,Detroit Pistons,DET,2007-08,2008-09,2
afflaar01,Arron Afflalo,DEN,Denver Nuggets,DEN,2009-10,2014-15,4
afflaar01,Arron Afflalo,ORL,Orlando Magic,ORL,2012-13,2017-18,3
afflaar01,Arron Afflalo,POR,Portland Trail Blazers,POR,2014-15,2014-15,1
afflaar01,Arron Afflalo,NYK,New York Knicks,NYK,2015-16,2015-16,1
afflaar01,Arron Afflalo,SAC,Sacramento Kings,SAC,2016-17,2016-17,1
johnsav01,Avery Johnson,OKC,Oklahoma City Thunder,SEA,1988-89,1989-90,2
johnsav01,Avery Johnson,DEN,Denver Nuggets,DEN,1990-91,2001-02,2
johnsav01,Avery Johnson,SAS,San Antonio Spurs,SAS,1990-91,2000-01,10
johnsav01,Avery Johnson,HOU,Houston Rockets,HOU,1991-92,1991-92,1
johnsav01,Avery Johnson,GSW,Golden State Warriors,GSW,1993-94,2003-04,2
johnsav01,Avery Johnson,DAL,Dallas Mavericks,DAL,2001-02,2002-03,2
davisba01,Baron Davis,CHA,Charlotte Hornets,CHH,1999-00,2001-02,3
davisba01,Baron Davis,NOP,New Orleans Pelicans,NOH,2002-03,2004-05,3
davisba01,Baron Davis,GSW,Golden State Warriors,GSW,2004-05,2007-08,4
davisba01,Baron Davis,LAC,LA Clippers,LAC,2008-09,2010-11,3
davisba01,Baron Davis,CLE,Cleveland Cavaliers,CLE,2010-11,2010-11,1
davisba01,Baron Davis,NYK,New York Knicks,NYK,2011-12,2011-12,1
owensbi01,Billy Owens,GSW,Golden State Warriors,GSW,1991-92,1999-00,4
owensbi01,Billy Owens,MIA,Miami Heat,MIA,1994-95,1995-96,2
owensbi01,Billy Owens,SAC,Sacramento Kings,SAC,1995-96,1997-98,3
owensbi01,Billy Owens,OKC,Oklahoma City Thunder,SEA,1998-99,1998-99,1
owensbi01,Billy Owens,PHI,Philadelphia 76ers,PHI,1999-00,1999-00,1
owensbi01,Billy Owens,DET,Detroit Pistons,DET,2000-01,2000-01,1
marjabo01,Boban Marjanović,SAS,San Antonio Spurs,SAS,2015-16,2015-16,1
marjabo01,Boban Marjanović,DET,Detroit Pistons,DET,2016-17,2017-18,2
marjabo01,Boban Marjanović,LAC,LA Clippers,LAC,2017-18,2018-19,2
marjabo01,Boban Marjanović,PHI,Philadelphia 76ers,PHI,2018-19,2018-19,1
marjabo01,Boban Marjanović,DAL,Dallas Mavericks,DAL,2019-20,2021-22,3
marjabo01,Boban Marjanović,HOU,Houston Rockets,HOU,2022-23,2023-24,2
jacksbo01,Bobby Jackson,DEN,Denver Nuggets,DEN,1997-98,1997-98,1
jacksbo01,Bobby Jackson,MIN,Minnesota Timberwolves,MIN,1998-99,1999-00,2
jacksbo01,Bobby Jackson,SAC,Sacramento Kings,SAC,2000-01,2008-09,6
jacksbo01,Bobby Jackson,MEM,Memphis Grizzlies,MEM,2005-06,2005-06,1
jacksbo01,Bobby Jackson,NOP,New Orleans Pelicans,"NOH,NOK",2006-07,2007-08,2
jacksbo01,Bobby Jackson,HOU,Houston Rockets,HOU,2007-08,2007-08,1
jonesbo02,Bobby Jones,PHI,Philadelphia 76ers,PHI,2006-07,2006-07,1
jonesbo02,Bobby Jones,DEN,Denver Nuggets,DEN,2007-08,2007-08,1
jonesbo02,Bobby Jones,MEM,Memphis Grizzlies,MEM,2007-08,2007-08,1
jonesbo02,Bobby Jones,HOU,Houston Rockets,HOU,2007-08,2007-08,1
jonesbo02,Bobby Jones,MIA,Miami Heat,MIA,2007-08,2007-08,1
jonesbo02,Bobby Jones,SAS,San Antonio Spurs,SAS,2007-08,2007-08,1
bogdabo02,Bojan Bogdanović,BKN,Brooklyn Nets,BRK,2014-15,2016-17,3
bogdabo02,Bojan Bogdanović,WAS,Washington Wizards,WAS,2016-17,2016-17,1
bogdabo02,Bojan Bogdanović,IND,Indiana Pacers,IND,2017-18,2018-19,2
bogdabo02,Bojan Bogdanović,UTA,Utah Jazz,UTA,2019-20,2021-22,3
bogdabo02,Bojan Bogdanović,DET,Detroit Pistons,DET,2022-23,2023-24,2
bogdabo02,Bojan Bogdanović,NYK,New York Knicks,NYK,2023-24,2023-24,1
millebr01,Brad Miller,CHA,Charlotte Hornets,CHH,1998-99,1999-00,2
millebr01,Brad Miller,CHI,Chicago Bulls,CHI,2000-01,2009-10,4
millebr01,Brad Miller,IND,Indiana Pacers,IND,2001-02,2002-03,2
millebr01,Brad Miller,SAC,Sacramento Kings,SAC,2003-04,2008-09,6
millebr01,Brad Miller,HOU,Houston Rockets,HOU,2010-11,2010-11,1
millebr01,Brad Miller,MIN,Minnesota Timberwolves,MIN,2011-12,2011-12,1
bassbr01,Brandon Bass,NOP,New Orleans Pelicans,NOK,2005-06,2006-07,2
bassbr01,Brandon Bass,DAL,Dallas Mavericks,DAL,2007-08,2008-09,2
bassbr01,Brandon Bass,ORL,Orlando Magic,ORL,2009-10,2010-11,2
bassbr01,Brandon Bass,BOS,Boston Celtics,BOS,2011-12,2014-15,4
bassbr01,Brandon Bass,LAL,Los Angeles Lakers,LAL,2015-16,2015-16,1
bassbr01,Brandon Bass,LAC,LA Clippers,LAC,2016-17,2016-17,1
knighbr03,Brandon Knight,DET,Detroit Pistons,DET,2011-12,2019-20,3
knighbr03,Brandon Knight,MIL,Milwaukee Bucks,MIL,2013-14,2014-15,2
knighbr03,Brandon Knight,PHX,Phoenix Suns,PHO,2014-15,2016-17,3
knighbr03,Brandon Knight,HOU,Houston Rockets,HOU,2018-19,2018-19,1
knighbr03,Brandon Knight,CLE,Cleveland Cavaliers,CLE,2018-19,2019-20,2
knighbr03,Brandon Knight,DAL,Dallas Mavericks,DAL,2021-22,2021-22,1
barrybr01,Brent Barry,LAC,LA Clippers,LAC,1995-96,1997-98,3
barrybr01,Brent Barry,MIA,Miami Heat,MIA,1997-98,1997-98,1
barrybr01,Brent Barry,CHI,Chicago Bulls,CHI,1998-99,1998-99,1
barrybr01,Brent Barry,OKC,Oklahoma City Thunder,SEA,1999-00,2003-04,5
barrybr01,Brent Barry,SAS,San Antonio Spurs,SAS,2004-05,2007-08,4
barrybr01,Brent Barry,HOU,Houston Rockets,HOU,2008-09,2008-09,1
cardibr01,Brian Cardinal,DET,Detroit Pistons,DET,2000-01,2001-02,2
cardibr01,Brian Cardinal,WAS,Washington Wizards,WAS,2002-03,2002-03,1
cardibr01,Brian Cardinal,GSW,Golden State Warriors,GSW,2003-04,2003-04,1
cardibr01,Brian Cardinal,MEM,Memphis Grizzlies,MEM,2004-05,2007-08,4
cardibr01,Brian Cardinal,MIN,Minnesota Timberwolves,MIN,2008-09,2009-10,2
cardibr01,Brian Cardinal,DAL,Dallas Mavericks,DAL,2010-11,2011-12,2
brownbr01,Bruce Brown,DET,Detroit Pistons,DET,2018-19,2019-20,2
brownbr01,Bruce Brown,BKN,Brooklyn Nets,BRK,2020-21,2021-22,2
brownbr01,Bruce Brown,DEN,Denver Nuggets,DEN,2022-23,2025-26,2
brownbr01,Bruce Brown,IND,Indiana Pacers,IND,2023-24,2023-24,1
brownbr01,Bruce Brown,TOR,Toronto Raptors,TOR,2023-24,2024-25,2
brownbr01,Bruce Brown,NOP,New Orleans Pelicans,NOP,2024-25,2024-25,1
hieldbu01,Buddy Hield,NOP,New Orleans Pelicans,NOP,2016-17,2016-17,1
hieldbu01,Buddy Hield,SAC,Sacramento Kings,SAC,2016-17,2021-22,6
hieldbu01,Buddy Hield,IND,Indiana Pacers,IND,2021-22,2023-24,3
hieldbu01,Buddy Hield,PHI,Philadelphia 76ers,PHI,2023-24,2023-24,1
hieldbu01,Buddy Hield,GSW,Golden State Warriors,GSW,2024-25,2025-26,2
hieldbu01,Buddy Hield,ATL,Atlanta Hawks,ATL,2025-26,2025-26,1
anthoca01,Carmelo Anthony,DEN,Denver Nuggets,DEN,2003-04,2010-11,8
anthoca01,Carmelo Anthony,NYK,New York Knicks,NYK,2010-11,2016-17,7
anthoca01,Carmelo Anthony,OKC,Oklahoma City Thunder,OKC,2017-18,2017-18,1
anthoca01,Carmelo Anthony,HOU,Houston Rockets,HOU,2018-19,2018-19,1
anthoca01,Carmelo Anthony,POR,Portland Trail Blazers,POR,2019-20,2020-21,2
anthoca01,Carmelo Anthony,LAL,Los Angeles Lakers,LAL,2021-22,2021-22,1
martica01,Cartier Martin,CHA,Charlotte Hornets,CHA,2008-09,2008-09,1
martica01,Cartier Martin,GSW,Golden State Warriors,GSW,2009-10,2009-10,1
martica01,Cartier Martin,WAS,Washington Wizards,WAS,2009-10,2012-13,4
martica01,Cartier Martin,ATL,Atlanta Hawks,ATL,2013-14,2013-14,1
martica01,Cartier Martin,CHI,Chicago Bulls,CHI,2013-14,2013-14,1
martica01,Cartier Martin,DET,Detroit Pistons,DET,2014-15,2014-15,1
fryech01,Channing Frye,NYK,New York Knicks,NYK,2005-06,2006-07,2
fryech01,Channing Frye,POR,Portland Trail Blazers,POR,2007-08,2008-09,2
fryech01,Channing Frye,PHX,Phoenix Suns,PHO,2009-10,2013-14,4
fryech01,Channing Frye,ORL,Orlando Magic,ORL,2014-15,2015-16,2
fryech01,Channing Frye,CLE,Cleveland Cavaliers,CLE,2015-16,2018-19,4
fryech01,Channing Frye,LAL,Los Angeles Lakers,LAL,2017-18,2017-18,1
carrch01,Chris Carr,PHX,Phoenix Suns,PHO,1995-96,1995-96,1
carrch01,Chris Carr,MIN,Minnesota Timberwolves,MIN,1996-97,1998-99,3
carrch01,Chris Carr,BKN,Brooklyn Nets,NJN,1998-99,1998-99,1
carrch01,Chris Carr,GSW,Golden State Warriors,GSW,1999-00,1999-00,1
carrch01,Chris Carr,CHI,Chicago Bulls,CHI,1999-00,1999-00,1
carrch01,Chris Carr,BOS,Boston Celtics,BOS,2000-01,2000-01,1
laettch01,Christian Laettner,MIN,Minnesota Timberwolves,MIN,1992-93,1995-96,4
laettch01,Christian Laettner,ATL,Atlanta Hawks,ATL,1995-96,1997-98,3
laettch01,Christian Laettner,DET,Detroit Pistons,DET,1998-99,1999-00,2
laettch01,Christian Laettner,DAL,Dallas Mavericks,DAL,2000-01,2000-01,1
laettch01,Christian Laettner,WAS,Washington Wizards,WAS,2000-01,2003-04,4
laettch01,Christian Laettner,MIA,Miami Heat,MIA,2004-05,2004-05,1
weathcl01,Clarence Weatherspoon,PHI,Philadelphia 76ers,PHI,1992-93,1997-98,6
weathcl01,Clarence Weatherspoon,GSW,Golden State Warriors,GSW,1997-98,1997-98,1
weathcl01,Clarence Weatherspoon,MIA,Miami Heat,MIA,1998-99,1999-00,2
weathcl01,Clarence Weatherspoon,CLE,Cleveland Cavaliers,CLE,2000-01,2000-01,1
weathcl01,Clarence Weatherspoon,NYK,New York Knicks,NYK,2001-02,2003-04,3
weathcl01,Clarence Weatherspoon,HOU,Houston Rockets,HOU,2003-04,2004-05,2
robincl01,Cliff Robinson,BKN,Brooklyn Nets,NJN,1979-80,1980-81,2
robincl01,Cliff Robinson,SAC,Sacramento Kings,KCK,1981-82,1981-82,1
robincl01,Cliff Robinson,CLE,Cleveland Cavaliers,CLE,1981-82,1983-84,3
robincl01,Cliff Robinson,WAS,Washington Wizards,WSB,1984-85,1985-86,2
robincl01,Cliff Robinson,PHI,Philadelphia 76ers,PHI,1986-87,1988-89,3
robincl01,Cliff Robinson,LAL,Los Angeles Lakers,LAL,1991-92,1991-92,1
aldrico01,Cole Aldrich,OKC,Oklahoma City Thunder,OKC,2010-11,2011-12,2
aldrico01,Cole Aldrich,HOU,Houston Rockets,HOU,2012-13,2012-13,1
aldrico01,Cole Aldrich,SAC,Sacramento Kings,SAC,2012-13,2012-13,1
aldrico01,Cole Aldrich,NYK,New York Knicks,NYK,2013-14,2014-15,2
aldrico01,Cole Aldrich,LAC,LA Clippers,LAC,2015-16,2015-16,1
aldrico01,Cole Aldrich,MIN,Minnesota Timberwolves,MIN,2016-17,2017-18,2
maggeco01,Corey Maggette,ORL,Orlando Magic,ORL,1999-00,1999-00,1
maggeco01,Corey Maggette,LAC,LA Clippers,LAC,2000-01,2007-08,8
maggeco01,Corey Maggette,GSW,Golden State Warriors,GSW,2008-09,2009-10,2
maggeco01,Corey Maggette,MIL,Milwaukee Bucks,MIL,2010-11,2010-11,1
maggeco01,Corey Maggette,CHA,Charlotte Hornets,CHA,2011-12,2011-12,1
maggeco01,Corey Maggette,DET,Detroit Pistons,DET,2012-13,2012-13,1
ellisda01,Dale Ellis,DAL,Dallas Mavericks,DAL,1983-84,1985-86,3
ellisda01,Dale Ellis,OKC,Oklahoma City Thunder,SEA,1986-87,1998-99,7
ellisda01,Dale Ellis,MIL,Milwaukee Bucks,MIL,1990-91,1999-00,3
ellisda01,Dale Ellis,SAS,San Antonio Spurs,SAS,1992-93,1993-94,2
ellisda01,Dale Ellis,DEN,Denver Nuggets,DEN,1994-95,1996-97,3
ellisda01,Dale Ellis,CHA,Charlotte Hornets,CHH,1999-00,1999-00,1
wilkida02,Damien Wilkins,OKC,Oklahoma City Thunder,"OKC,SEA",2004-05,2008-09,5
wilkida02,Damien Wilkins,MIN,Minnesota Timberwolves,MIN,2009-10,2009-10,1
wilkida02,Damien Wilkins,ATL,Atlanta Hawks,ATL,2010-11,2010-11,1
wilkida02,Damien Wilkins,DET,Detroit Pistons,DET,2011-12,2011-12,1
wilkida02,Damien Wilkins,PHI,Philadelphia 76ers,PHI,2012-13,2012-13,1
wilkida02,Damien Wilkins,IND,Indiana Pacers,IND,2017-18,2017-18,1
dickada01,Dan Dickau,ATL,Atlanta Hawks,ATL,2002-03,2003-04,2
dickada01,Dan Dickau,POR,Portland Trail Blazers,POR,2003-04,2006-07,2
dickada01,Dan Dickau,DAL,Dallas Mavericks,DAL,2004-05,2004-05,1
dickada01,Dan Dickau,NOP,New Orleans Pelicans,NOH,2004-05,2004-05,1
dickada01,Dan Dickau,BOS,Boston Celtics,BOS,2005-06,2005-06,1
dickada01,Dan Dickau,LAC,LA Clippers,LAC,2007-08,2007-08,1
theisda01,Daniel Theis,BOS,Boston Celtics,BOS,2017-18,2021-22,5
theisda01,Daniel Theis,CHI,Chicago Bulls,CHI,2020-21,2020-21,1
theisda01,Daniel Theis,HOU,Houston Rockets,HOU,2021-22,2021-22,1
theisda01,Daniel Theis,IND,Indiana Pacers,IND,2022-23,2023-24,2
theisda01,Daniel Theis,LAC,LA Clippers,LAC,2023-24,2023-24,1
theisda01,Daniel Theis,NOP,New Orleans Pelicans,NOP,2024-25,2024-25,1
greenda02,Danny Green,CLE,Cleveland Cavaliers,CLE,2009-10,2022-23,2
greenda02,Danny Green,SAS,San Antonio Spurs,SAS,2010-11,2017-18,8
greenda02,Danny Green,TOR,Toronto Raptors,TOR,2018-19,2018-19,1
greenda02,Danny Green,LAL,Los Angeles Lakers,LAL,2019-20,2019-20,1
greenda02,Danny Green,PHI,Philadelphia 76ers,PHI,2020-21,2023-24,3
greenda02,Danny Green,MEM,Memphis Grizzlies,MEM,2022-23,2022-23,1
houseda01,Danuel House Jr.,WAS,Washington Wizards,WAS,2016-17,2016-17,1
houseda01,Danuel House Jr.,PHX,Phoenix Suns,PHO,2017-18,2017-18,1
houseda01,Danuel House Jr.,HOU,Houston Rockets,HOU,2018-19,2021-22,4
houseda01,Danuel House Jr.,NYK,New York Knicks,NYK,2021-22,2021-22,1
houseda01,Danuel House Jr.,UTA,Utah Jazz,UTA,2021-22,2021-22,1
houseda01,Danuel House Jr.,PHI,Philadelphia 76ers,PHI,2022-23,2023-24,2
milicda01,Darko Miličić,DET,Detroit Pistons,DET,2003-04,2005-06,3
milicda01,Darko Miličić,ORL,Orlando Magic,ORL,2005-06,2006-07,2
milicda01,Darko Miličić,MEM,Memphis Grizzlies,MEM,2007-08,2008-09,2
milicda01,Darko Miličić,NYK,New York Knicks,NYK,2009-10,2009-10,1
milicda01,Darko Miličić,MIN,Minnesota Timberwolves,MIN,2009-10,2011-12,3
milicda01,Darko Miličić,BOS,Boston Celtics,BOS,2012-13,2012-13,1
collida01,Darren Collison,NOP,New Orleans Pelicans,NOH,2009-10,2009-10,1
collida01,Darren Collison,IND,Indiana Pacers,IND,2010-11,2018-19,4
collida01,Darren Collison,DAL,Dallas Mavericks,DAL,2012-13,2012-13,1
collida01,Darren Collison,LAC,LA Clippers,LAC,2013-14,2013-14,1
collida01,Darren Collison,SAC,Sacramento Kings,SAC,2014-15,2016-17,3
collida01,Darren Collison,LAL,Los Angeles Lakers,LAL,2021-22,2021-22,1
martida01,Darrick Martin,MIN,Minnesota Timberwolves,MIN,1994-95,2003-04,3
martida01,Darrick Martin,MEM,Memphis Grizzlies,VAN,1995-96,1995-96,1
martida01,Darrick Martin,LAC,LA Clippers,LAC,1996-97,2004-05,4
martida01,Darrick Martin,SAC,Sacramento Kings,SAC,1999-00,2000-01,2
martida01,Darrick Martin,DAL,Dallas Mavericks,DAL,2001-02,2001-02,1
martida01,Darrick Martin,TOR,Toronto Raptors,TOR,2005-06,2007-08,3
hamda01,Darvin Ham,DEN,Denver Nuggets,DEN,1996-97,1996-97,1
hamda01,Darvin Ham,IND,Indiana Pacers,IND,1996-97,1996-97,1
hamda01,Darvin Ham,WAS,Washington Wizards,WAS,1997-98,1997-98,1
hamda01,Darvin Ham,MIL,Milwaukee Bucks,MIL,1999-00,2001-02,3
hamda01,Darvin Ham,ATL,Atlanta Hawks,ATL,2002-03,2002-03,1
hamda01,Darvin Ham,DET,Detroit Pistons,DET,2003-04,2004-05,2
roddyda01,David Roddy,MEM,Memphis Grizzlies,MEM,2022-23,2023-24,2
roddyda01,David Roddy,PHX,Phoenix Suns,PHO,2023-24,2023-24,1
roddyda01,David Roddy,ATL,Atlanta Hawks,ATL,2024-25,2024-25,1
roddyda01,David Roddy,PHI,Philadelphia 76ers,PHI,2024-25,2024-25,1
roddyda01,David Roddy,HOU,Houston Rockets,HOU,2024-25,2024-25,1
roddyda01,David Roddy,DEN,Denver Nuggets,DEN,2025-26,2025-26,1
wesleda01,David Wesley,BKN,Brooklyn Nets,NJN,1993-94,1993-94,1
wesleda01,David Wesley,BOS,Boston Celtics,BOS,1994-95,1996-97,3
wesleda01,David Wesley,CHA,Charlotte Hornets,CHH,1997-98,2001-02,5
wesleda01,David Wesley,NOP,New Orleans Pelicans,NOH,2002-03,2004-05,3
wesleda01,David Wesley,HOU,Houston Rockets,HOU,2004-05,2005-06,2
wesleda01,David Wesley,CLE,Cleveland Cavaliers,CLE,2006-07,2006-07,1
wingada01,David Wingate,PHI,Philadelphia 76ers,PHI,1986-87,1988-89,3
wingada01,David Wingate,SAS,San Antonio Spurs,SAS,1989-90,1990-91,2
wingada01,David Wingate,WAS,Washington Wizards,WSB,1991-92,1991-92,1
wingada01,David Wingate,CHA,Charlotte Hornets,CHH,1992-93,1994-95,3
wingada01,David Wingate,OKC,Oklahoma City Thunder,SEA,1995-96,2000-01,4
wingada01,David Wingate,NYK,New York Knicks,NYK,1998-99,1999-00,2
stevede01,DeShawn Stevenson,UTA,Utah Jazz,UTA,2000-01,2003-04,4
stevede01,DeShawn Stevenson,ORL,Orlando Magic,ORL,2003-04,2005-06,3
stevede01,DeShawn Stevenson,WAS,Washington Wizards,WAS,2006-07,2009-10,4
stevede01,DeShawn Stevenson,DAL,Dallas Mavericks,DAL,2009-10,2010-11,2
stevede01,DeShawn Stevenson,BKN,Brooklyn Nets,NJN,2011-12,2011-12,1
stevede01,DeShawn Stevenson,ATL,Atlanta Hawks,ATL,2012-13,2012-13,1
scottde01,Dennis Scott,ORL,Orlando Magic,ORL,1990-91,1996-97,7
scottde01,Dennis Scott,DAL,Dallas Mavericks,DAL,1997-98,1997-98,1
scottde01,Dennis Scott,PHX,Phoenix Suns,PHO,1997-98,1997-98,1
scottde01,Dennis Scott,NYK,New York Knicks,NYK,1998-99,1998-99,1
scottde01,Dennis Scott,MIN,Minnesota Timberwolves,MIN,1998-99,1998-99,1
scottde01,Dennis Scott,MEM,Memphis Grizzlies,VAN,1999-00,1999-00,1
smithde03,Dennis Smith Jr.,DAL,Dallas Mavericks,DAL,2017-18,2018-19,2
smithde03,Dennis Smith Jr.,NYK,New York Knicks,NYK,2018-19,2020-21,3
smithde03,Dennis Smith Jr.,DET,Detroit Pistons,DET,2020-21,2020-21,1
smithde03,Dennis Smith Jr.,POR,Portland Trail Blazers,POR,2021-22,2021-22,1
smithde03,Dennis Smith Jr.,CHA,Charlotte Hornets,CHO,2022-23,2022-23,1
smithde03,Dennis Smith Jr.,BKN,Brooklyn Nets,BRK,2023-24,2023-24,1
stronde01,Derek Strong,WAS,Washington Wizards,WSB,1991-92,1991-92,1
stronde01,Derek Strong,MIL,Milwaukee Bucks,MIL,1992-93,1993-94,2
stronde01,Derek Strong,BOS,Boston Celtics,BOS,1994-95,1994-95,1
stronde01,Derek Strong,LAL,Los Angeles Lakers,LAL,1995-96,1995-96,1
stronde01,Derek Strong,ORL,Orlando Magic,ORL,1996-97,1999-00,4
stronde01,Derek Strong,LAC,LA Clippers,LAC,2000-01,2000-01,1
jonesde02,Derrick Jones Jr.,PHX,Phoenix Suns,PHO,2016-17,2017-18,2
jonesde02,Derrick Jones Jr.,MIA,Miami Heat,MIA,2017-18,2019-20,3
jonesde02,Derrick Jones Jr.,POR,Portland Trail Blazers,POR,2020-21,2020-21,1
jonesde02,Derrick Jones Jr.,CHI,Chicago Bulls,CHI,2021-22,2022-23,2
jonesde02,Derrick Jones Jr.,DAL,Dallas Mavericks,DAL,2023-24,2023-24,1
jonesde02,Derrick Jones Jr.,LAC,LA Clippers,LAC,2024-25,2025-26,2
rosede01,Derrick Rose,CHI,Chicago Bulls,CHI,2008-09,2015-16,7
rosede01,Derrick Rose,NYK,New York Knicks,NYK,2016-17,2022-23,4
rosede01,Derrick Rose,CLE,Cleveland Cavaliers,CLE,2017-18,2017-18,1
rosede01,Derrick Rose,MIN,Minnesota Timberwolves,MIN,2017-18,2018-19,2
rosede01,Derrick Rose,DET,Detroit Pistons,DET,2019-20,2020-21,2
rosede01,Derrick Rose,MEM,Memphis Grizzlies,MEM,2023-24,2023-24,1
willide02,Derrick Williams,MIN,Minnesota Timberwolves,MIN,2011-12,2013-14,3
willide02,Derrick Williams,SAC,Sacramento Kings,SAC,2013-14,2014-15,2
willide02,Derrick Williams,NYK,New York Knicks,NYK,2015-16,2015-16,1
willide02,Derrick Williams,MIA,Miami Heat,MIA,2016-17,2016-17,1
willide02,Derrick Williams,CLE,Cleveland Cavaliers,CLE,2016-17,2016-17,1
willide02,Derrick Williams,LAL,Los Angeles Lakers,LAL,2017-18,2017-18,1
brownde02,Devin Brown,SAS,San Antonio Spurs,SAS,2002-03,2004-05,3
brownde02,Devin Brown,DEN,Denver Nuggets,DEN,2002-03,2002-03,1
brownde02,Devin Brown,UTA,Utah Jazz,UTA,2005-06,2005-06,1
brownde02,Devin Brown,NOP,New Orleans Pelicans,"NOH,NOK",2006-07,2009-10,3
brownde02,Devin Brown,CLE,Cleveland Cavaliers,CLE,2007-08,2007-08,1
brownde02,Devin Brown,CHI,Chicago Bulls,CHI,2009-10,2009-10,1
mutomdi01,Dikembe Mutombo,DEN,Denver Nuggets,DEN,1991-92,1995-96,5
mutomdi01,Dikembe Mutombo,ATL,Atlanta Hawks,ATL,1996-97,2000-01,5
mutomdi01,Dikembe Mutombo,PHI,Philadelphia 76ers,PHI,2000-01,2001-02,2
mutomdi01,Dikembe Mutombo,BKN,Brooklyn Nets,NJN,2002-03,2002-03,1
mutomdi01,Dikembe Mutombo,NYK,New York Knicks,NYK,2003-04,2003-04,1
mutomdi01,Dikembe Mutombo,HOU,Houston Rockets,HOU,2004-05,2008-09,5
eubandr01,Drew Eubanks,SAS,San Antonio Spurs,SAS,2018-19,2021-22,4
eubandr01,Drew Eubanks,POR,Portland Trail Blazers,POR,2021-22,2022-23,2
eubandr01,Drew Eubanks,PHX,Phoenix Suns,PHO,2023-24,2023-24,1
eubandr01,Drew Eubanks,UTA,Utah Jazz,UTA,2024-25,2024-25,1
eubandr01,Drew Eubanks,LAC,LA Clippers,LAC,2024-25,2024-25,1
eubandr01,Drew Eubanks,SAC,Sacramento Kings,SAC,2025-26,2025-26,1
schindw01,Dwayne Schintzius,SAS,San Antonio Spurs,SAS,1990-91,1990-91,1
schindw01,Dwayne Schintzius,SAC,Sacramento Kings,SAC,1991-92,1991-92,1
schindw01,Dwayne Schintzius,BKN,Brooklyn Nets,NJN,1992-93,1994-95,3
schindw01,Dwayne Schintzius,IND,Indiana Pacers,IND,1995-96,1995-96,1
schindw01,Dwayne Schintzius,LAC,LA Clippers,LAC,1996-97,1996-97,1
schindw01,Dwayne Schintzius,BOS,Boston Celtics,BOS,1998-99,1998-99,1
clarkea01,Earl Clark,PHX,Phoenix Suns,PHO,2009-10,2010-11,2
clarkea01,Earl Clark,ORL,Orlando Magic,ORL,2010-11,2011-12,2
clarkea01,Earl Clark,LAL,Los Angeles Lakers,LAL,2012-13,2012-13,1
clarkea01,Earl Clark,CLE,Cleveland Cavaliers,CLE,2013-14,2013-14,1
clarkea01,Earl Clark,NYK,New York Knicks,NYK,2013-14,2013-14,1
clarkea01,Earl Clark,BKN,Brooklyn Nets,BRK,2014-15,2014-15,1
watsoea01,Earl Watson,OKC,Oklahoma City Thunder,"OKC,SEA",2001-02,2008-09,5
watsoea01,Earl Watson,MEM,Memphis Grizzlies,MEM,2002-03,2004-05,3
watsoea01,Earl Watson,DEN,Denver Nuggets,DEN,2005-06,2005-06,1
watsoea01,Earl Watson,IND,Indiana Pacers,IND,2009-10,2009-10,1
watsoea01,Earl Watson,UTA,Utah Jazz,UTA,2010-11,2012-13,3
watsoea01,Earl Watson,POR,Portland Trail Blazers,POR,2013-14,2013-14,1
gilled01,Eddie Gill,BKN,Brooklyn Nets,NJN,2000-01,2007-08,2
gilled01,Eddie Gill,MEM,Memphis Grizzlies,MEM,2001-02,2001-02,1
gilled01,Eddie Gill,POR,Portland Trail Blazers,POR,2003-04,2003-04,1
gilled01,Eddie Gill,IND,Indiana Pacers,IND,2004-05,2005-06,2
gilled01,Eddie Gill,OKC,Oklahoma City Thunder,SEA,2007-08,2007-08,1
gilled01,Eddie Gill,MIL,Milwaukee Bucks,MIL,2008-09,2008-09,1
johnsed03,Eddie Johnson,SAC,Sacramento Kings,"KCK,SAC",1981-82,1986-87,6
johnsed03,Eddie Johnson,PHX,Phoenix Suns,PHO,1987-88,1990-91,4
johnsed03,Eddie Johnson,OKC,Oklahoma City Thunder,SEA,1990-91,1992-93,3
johnsed03,Eddie Johnson,CHA,Charlotte Hornets,CHH,1993-94,1993-94,1
johnsed03,Eddie Johnson,IND,Indiana Pacers,IND,1995-96,1996-97,2
johnsed03,Eddie Johnson,HOU,Houston Rockets,HOU,1996-97,1998-99,3
campbel01,Elden Campbell,LAL,Los Angeles Lakers,LAL,1990-91,1998-99,9
campbel01,Elden Campbell,CHA,Charlotte Hornets,CHH,1998-99,2001-02,4
campbel01,Elden Campbell,NOP,New Orleans Pelicans,NOH,2002-03,2002-03,1
campbel01,Elden Campbell,OKC,Oklahoma City Thunder,SEA,2002-03,2002-03,1
campbel01,Elden Campbell,DET,Detroit Pistons,DET,2003-04,2004-05,2
campbel01,Elden Campbell,BKN,Brooklyn Nets,NJN,2004-05,2004-05,1
leckner01,Eric Leckner,UTA,Utah Jazz,UTA,1988-89,1989-90,2
leckner01,Eric Leckner,SAC,Sacramento Kings,SAC,1990-91,1990-91,1
leckner01,Eric Leckner,CHA,Charlotte Hornets,CHH,1990-91,1996-97,3
leckner01,Eric Leckner,PHI,Philadelphia 76ers,PHI,1993-94,1993-94,1
leckner01,Eric Leckner,DET,Detroit Pistons,DET,1994-95,1995-96,2
leckner01,Eric Leckner,MEM,Memphis Grizzlies,VAN,1996-97,1996-97,1
montrer01,Eric Montross,BOS,Boston Celtics,BOS,1994-95,1995-96,2
montrer01,Eric Montross,DAL,Dallas Mavericks,DAL,1996-97,1996-97,1
montrer01,Eric Montross,BKN,Brooklyn Nets,NJN,1996-97,1996-97,1
montrer01,Eric Montross,PHI,Philadelphia 76ers,PHI,1997-98,1997-98,1
montrer01,Eric Montross,DET,Detroit Pistons,DET,1997-98,2000-01,4
montrer01,Eric Montross,TOR,Toronto Raptors,TOR,2000-01,2001-02,2
stricer01,Erick Strickland,DAL,Dallas Mavericks,DAL,1996-97,1999-00,4
stricer01,Erick Strickland,NYK,New York Knicks,NYK,2000-01,2000-01,1
stricer01,Erick Strickland,MEM,Memphis Grizzlies,VAN,2000-01,2000-01,1
stricer01,Erick Strickland,BOS,Boston Celtics,BOS,2001-02,2001-02,1
stricer01,Erick Strickland,IND,Indiana Pacers,IND,2002-03,2002-03,1
stricer01,Erick Strickland,MIL,Milwaukee Bucks,MIL,2003-04,2004-05,2
spencfe01,Felton Spencer,MIN,Minnesota Timberwolves,MIN,1990-91,1992-93,3
spencfe01,Felton Spencer,UTA,Utah Jazz,UTA,1993-94,1995-96,3
spencfe01,Felton Spencer,ORL,Orlando Magic,ORL,1996-97,1996-97,1
spencfe01,Felton Spencer,GSW,Golden State Warriors,GSW,1996-97,1998-99,3
spencfe01,Felton Spencer,SAS,San Antonio Spurs,SAS,1999-00,1999-00,1
spencfe01,Felton Spencer,NYK,New York Knicks,NYK,2000-01,2001-02,2
elsonfr01,Francisco Elson,DEN,Denver Nuggets,DEN,2003-04,2005-06,3
elsonfr01,Francisco Elson,SAS,San Antonio Spurs,SAS,2006-07,2007-08,2
elsonfr01,Francisco Elson,OKC,Oklahoma City Thunder,SEA,2007-08,2007-08,1
elsonfr01,Francisco Elson,MIL,Milwaukee Bucks,MIL,2008-09,2009-10,2
elsonfr01,Francisco Elson,PHI,Philadelphia 76ers,PHI,2009-10,2011-12,2
elsonfr01,Francisco Elson,UTA,Utah Jazz,UTA,2010-11,2010-11,1
brickfr01,Frank Brickowski,OKC,Oklahoma City Thunder,SEA,1984-85,1995-96,3
brickfr01,Frank Brickowski,LAL,Los Angeles Lakers,LAL,1986-87,1986-87,1
brickfr01,Frank Brickowski,SAS,San Antonio Spurs,SAS,1986-87,1989-90,4
brickfr01,Frank Brickowski,MIL,Milwaukee Bucks,MIL,1990-91,1993-94,4
brickfr01,Frank Brickowski,CHA,Charlotte Hornets,CHH,1993-94,1993-94,1
brickfr01,Frank Brickowski,BOS,Boston Celtics,BOS,1996-97,1996-97,1
nealga01,Gary Neal,SAS,San Antonio Spurs,SAS,2010-11,2012-13,3
nealga01,Gary Neal,MIL,Milwaukee Bucks,MIL,2013-14,2013-14,1
nealga01,Gary Neal,CHA,Charlotte Hornets,"CHA,CHO",2013-14,2014-15,2
nealga01,Gary Neal,MIN,Minnesota Timberwolves,MIN,2014-15,2014-15,1
nealga01,Gary Neal,WAS,Washington Wizards,WAS,2015-16,2015-16,1
nealga01,Gary Neal,ATL,Atlanta Hawks,ATL,2016-17,2016-17,1
ricegl01,Glen Rice,MIA,Miami Heat,MIA,1989-90,1994-95,6
ricegl01,Glen Rice,CHA,Charlotte Hornets,CHH,1995-96,1997-98,3
ricegl01,Glen Rice,LAL,Los Angeles Lakers,LAL,1998-99,1999-00,2
ricegl01,Glen Rice,NYK,New York Knicks,NYK,2000-01,2000-01,1
ricegl01,Glen Rice,HOU,Houston Rockets,HOU,2001-02,2002-03,2
ricegl01,Glen Rice,LAC,LA Clippers,LAC,2003-04,2003-04,1
robingl02,Glenn Robinson III,MIN,Minnesota Timberwolves,MIN,2014-15,2014-15,1
robingl02,Glenn Robinson III,PHI,Philadelphia 76ers,PHI,2014-15,2019-20,2
robingl02,Glenn Robinson III,IND,Indiana Pacers,IND,2015-16,2017-18,3
robingl02,Glenn Robinson III,DET,Detroit Pistons,DET,2018-19,2018-19,1
robingl02,Glenn Robinson III,GSW,Golden State Warriors,GSW,2019-20,2019-20,1
robingl02,Glenn Robinson III,SAC,Sacramento Kings,SAC,2020-21,2020-21,1
andergr01,Greg Anderson,SAS,San Antonio Spurs,SAS,1987-88,1996-97,4
andergr01,Greg Anderson,MIL,Milwaukee Bucks,MIL,1989-90,1990-91,2
andergr01,Greg Anderson,BKN,Brooklyn Nets,NJN,1990-91,1990-91,1
andergr01,Greg Anderson,DEN,Denver Nuggets,DEN,1990-91,1991-92,2
andergr01,Greg Anderson,DET,Detroit Pistons,DET,1993-94,1993-94,1
andergr01,Greg Anderson,ATL,Atlanta Hawks,ATL,1994-95,1997-98,2
anthogr01,Greg Anthony,NYK,New York Knicks,NYK,1991-92,1994-95,4
anthogr01,Greg Anthony,MEM,Memphis Grizzlies,VAN,1995-96,1996-97,2
anthogr01,Greg Anthony,OKC,Oklahoma City Thunder,SEA,1997-98,1997-98,1
anthogr01,Greg Anthony,POR,Portland Trail Blazers,POR,1998-99,2000-01,3
anthogr01,Greg Anthony,CHI,Chicago Bulls,CHI,2001-02,2001-02,1
anthogr01,Greg Anthony,MIL,Milwaukee Bucks,MIL,2001-02,2001-02,1
grantgr01,Greg Grant,PHX,Phoenix Suns,PHO,1989-90,1989-90,1
grantgr01,Greg Grant,NYK,New York Knicks,NYK,1990-91,1990-91,1
grantgr01,Greg Grant,CHA,Charlotte Hornets,CHH,1991-92,1991-92,1
grantgr01,Greg Grant,PHI,Philadelphia 76ers,PHI,1991-92,1995-96,3
grantgr01,Greg Grant,DEN,Denver Nuggets,DEN,1994-95,1995-96,2
grantgr01,Greg Grant,WAS,Washington Wizards,WSB,1995-96,1995-96,1
vasqugr01,Greivis Vásquez,MEM,Memphis Grizzlies,MEM,2010-11,2010-11,1
vasqugr01,Greivis Vásquez,NOP,New Orleans Pelicans,NOH,2011-12,2012-13,2
vasqugr01,Greivis Vásquez,SAC,Sacramento Kings,SAC,2013-14,2013-14,1
vasqugr01,Greivis Vásquez,TOR,Toronto Raptors,TOR,2013-14,2014-15,2
vasqugr01,Greivis Vásquez,MIL,Milwaukee Bucks,MIL,2015-16,2015-16,1
vasqugr01,Greivis Vásquez,BKN,Brooklyn Nets,BRK,2016-17,2016-17,1
warriha01,Hakim Warrick,MEM,Memphis Grizzlies,MEM,2005-06,2008-09,4
warriha01,Hakim Warrick,MIL,Milwaukee Bucks,MIL,2009-10,2009-10,1
warriha01,Hakim Warrick,CHI,Chicago Bulls,CHI,2009-10,2009-10,1
warriha01,Hakim Warrick,PHX,Phoenix Suns,PHO,2010-11,2011-12,2
warriha01,Hakim Warrick,NOP,New Orleans Pelicans,NOH,2012-13,2012-13,1
warriha01,Hakim Warrick,CHA,Charlotte Hornets,CHA,2012-13,2012-13,1
turkohe01,Hedo Türkoğlu,SAC,Sacramento Kings,SAC,2000-01,2002-03,3
turkohe01,Hedo Türkoğlu,SAS,San Antonio Spurs,SAS,2003-04,2003-04,1
turkohe01,Hedo Türkoğlu,ORL,Orlando Magic,ORL,2004-05,2012-13,8
turkohe01,Hedo Türkoğlu,TOR,Toronto Raptors,TOR,2009-10,2009-10,1
turkohe01,Hedo Türkoğlu,PHX,Phoenix Suns,PHO,2010-11,2010-11,1
turkohe01,Hedo Türkoğlu,LAC,LA Clippers,LAC,2013-14,2014-15,2
jameshe01,Henry James,CLE,Cleveland Cavaliers,CLE,1990-91,1997-98,3
jameshe01,Henry James,SAC,Sacramento Kings,SAC,1992-93,1992-93,1
jameshe01,Henry James,UTA,Utah Jazz,UTA,1992-93,1992-93,1
jameshe01,Henry James,LAC,LA Clippers,LAC,1993-94,1993-94,1
jameshe01,Henry James,HOU,Houston Rockets,HOU,1995-96,1995-96,1
jameshe01,Henry James,ATL,Atlanta Hawks,ATL,1996-97,1996-97,1
armsthi01,Hilton Armstrong,NOP,New Orleans Pelicans,"NOH,NOK",2006-07,2009-10,4
armsthi01,Hilton Armstrong,SAC,Sacramento Kings,SAC,2009-10,2009-10,1
armsthi01,Hilton Armstrong,HOU,Houston Rockets,HOU,2009-10,2009-10,1
armsthi01,Hilton Armstrong,WAS,Washington Wizards,WAS,2010-11,2010-11,1
armsthi01,Hilton Armstrong,ATL,Atlanta Hawks,ATL,2010-11,2010-11,1
armsthi01,Hilton Armstrong,GSW,Golden State Warriors,GSW,2013-14,2013-14,1
davishu01,Hubert Davis,NYK,New York Knicks,NYK,1992-93,1995-96,4
davishu01,Hubert Davis,TOR,Toronto Raptors,TOR,1996-97,1996-97,1
davishu01,Hubert Davis,DAL,Dallas Mavericks,DAL,1997-98,2000-01,4
davishu01,Hubert Davis,WAS,Washington Wizards,WAS,2000-01,2001-02,2
davishu01,Hubert Davis,DET,Detroit Pistons,DET,2002-03,2003-04,2
davishu01,Hubert Davis,BKN,Brooklyn Nets,NJN,2003-04,2003-04,1
dioguik01,Ike Diogu,GSW,Golden State Warriors,GSW,2005-06,2006-07,2
dioguik01,Ike Diogu,IND,Indiana Pacers,IND,2006-07,2007-08,2
dioguik01,Ike Diogu,POR,Portland Trail Blazers,POR,2008-09,2008-09,1
dioguik01,Ike Diogu,SAC,Sacramento Kings,SAC,2008-09,2008-09,1
dioguik01,Ike Diogu,LAC,LA Clippers,LAC,2010-11,2010-11,1
dioguik01,Ike Diogu,SAS,San Antonio Spurs,SAS,2011-12,2011-12,1
canaais01,Isaiah Canaan,HOU,Houston Rockets,HOU,2013-14,2017-18,3
canaais01,Isaiah Canaan,PHI,Philadelphia 76ers,PHI,2014-15,2015-16,2
canaais01,Isaiah Canaan,CHI,Chicago Bulls,CHI,2016-17,2016-17,1
canaais01,Isaiah Canaan,PHX,Phoenix Suns,PHO,2017-18,2018-19,2
canaais01,Isaiah Canaan,MIN,Minnesota Timberwolves,MIN,2018-19,2018-19,1
canaais01,Isaiah Canaan,MIL,Milwaukee Bucks,MIL,2018-19,2018-19,1
harteis01,Isaiah Hartenstein,HOU,Houston Rockets,HOU,2018-19,2019-20,2
harteis01,Isaiah Hartenstein,DEN,Denver Nuggets,DEN,2020-21,2020-21,1
harteis01,Isaiah Hartenstein,CLE,Cleveland Cavaliers,CLE,2020-21,2020-21,1
harteis01,Isaiah Hartenstein,LAC,LA Clippers,LAC,2021-22,2021-22,1
harteis01,Isaiah Hartenstein,NYK,New York Knicks,NYK,2022-23,2023-24,2
harteis01,Isaiah Hartenstein,OKC,Oklahoma City Thunder,OKC,2024-25,2025-26,2
reidjr01,J.R. Reid,CHA,Charlotte Hornets,CHH,1989-90,1998-99,6
reidjr01,J.R. Reid,SAS,San Antonio Spurs,SAS,1992-93,1995-96,4
reidjr01,J.R. Reid,NYK,New York Knicks,NYK,1995-96,1995-96,1
reidjr01,J.R. Reid,LAL,Los Angeles Lakers,LAL,1998-99,1998-99,1
reidjr01,J.R. Reid,MIL,Milwaukee Bucks,MIL,1999-00,1999-00,1
reidjr01,J.R. Reid,CLE,Cleveland Cavaliers,CLE,2000-01,2000-01,1
redicjj01,JJ Redick,ORL,Orlando Magic,ORL,2006-07,2012-13,7
redicjj01,JJ Redick,MIL,Milwaukee Bucks,MIL,2012-13,2012-13,1
redicjj01,JJ Redick,LAC,LA Clippers,LAC,2013-14,2016-17,4
redicjj01,JJ Redick,PHI,Philadelphia 76ers,PHI,2017-18,2018-19,2
redicjj01,JJ Redick,NOP,New Orleans Pelicans,NOP,2019-20,2020-21,2
redicjj01,JJ Redick,DAL,Dallas Mavericks,DAL,2020-21,2020-21,1
parkeja01,Jabari Parker,MIL,Milwaukee Bucks,MIL,2014-15,2017-18,4
parkeja01,Jabari Parker,CHI,Chicago Bulls,CHI,2018-19,2018-19,1
parkeja01,Jabari Parker,WAS,Washington Wizards,WAS,2018-19,2018-19,1
parkeja01,Jabari Parker,ATL,Atlanta Hawks,ATL,2019-20,2019-20,1
parkeja01,Jabari Parker,SAC,Sacramento Kings,SAC,2019-20,2020-21,2
parkeja01,Jabari Parker,BOS,Boston Celtics,BOS,2020-21,2021-22,2
roseja01,Jalen Rose,DEN,Denver Nuggets,DEN,1994-95,1995-96,2
roseja01,Jalen Rose,IND,Indiana Pacers,IND,1996-97,2001-02,6
roseja01,Jalen Rose,CHI,Chicago Bulls,CHI,2001-02,2003-04,3
roseja01,Jalen Rose,TOR,Toronto Raptors,TOR,2003-04,2005-06,3
roseja01,Jalen Rose,NYK,New York Knicks,NYK,2005-06,2005-06,1
roseja01,Jalen Rose,PHX,Phoenix Suns,PHO,2006-07,2006-07,1
bouyeja01,Jamaree Bouyea,MIA,Miami Heat,MIA,2022-23,2022-23,1
bouyeja01,Jamaree Bouyea,WAS,Washington Wizards,WAS,2022-23,2022-23,1
bouyeja01,Jamaree Bouyea,POR,Portland Trail Blazers,POR,2023-24,2023-24,1
bouyeja01,Jamaree Bouyea,SAS,San Antonio Spurs,SAS,2023-24,2023-24,1
bouyeja01,Jamaree Bouyea,MIL,Milwaukee Bucks,MIL,2024-25,2024-25,1
bouyeja01,Jamaree Bouyea,PHX,Phoenix Suns,PHO,2025-26,2025-26,1
nelsoja01,Jameer Nelson,ORL,Orlando Magic,ORL,2004-05,2013-14,10
nelsoja01,Jameer Nelson,DAL,Dallas Mavericks,DAL,2014-15,2014-15,1
nelsoja01,Jameer Nelson,BOS,Boston Celtics,BOS,2014-15,2014-15,1
nelsoja01,Jameer Nelson,DEN,Denver Nuggets,DEN,2014-15,2016-17,3
nelsoja01,Jameer Nelson,NOP,New Orleans Pelicans,NOP,2017-18,2017-18,1
nelsoja01,Jameer Nelson,DET,Detroit Pistons,DET,2017-18,2017-18,1
hardeja01,James Harden,OKC,Oklahoma City Thunder,OKC,2009-10,2011-12,3
hardeja01,James Harden,HOU,Houston Rockets,HOU,2012-13,2020-21,9
hardeja01,James Harden,BKN,Brooklyn Nets,BRK,2020-21,2021-22,2
hardeja01,James Harden,PHI,Philadelphia 76ers,PHI,2021-22,2022-23,2
hardeja01,James Harden,LAC,LA Clippers,LAC,2023-24,2025-26,3
hardeja01,James Harden,CLE,Cleveland Cavaliers,CLE,2025-26,2025-26,1
cunnija01,Jared Cunningham,DAL,Dallas Mavericks,DAL,2012-13,2012-13,1
cunnija01,Jared Cunningham,ATL,Atlanta Hawks,ATL,2013-14,2013-14,1
cunnija01,Jared Cunningham,SAC,Sacramento Kings,SAC,2013-14,2013-14,1
cunnija01,Jared Cunningham,LAC,LA Clippers,LAC,2014-15,2014-15,1
cunnija01,Jared Cunningham,CLE,Cleveland Cavaliers,CLE,2015-16,2015-16,1
cunnija01,Jared Cunningham,MIL,Milwaukee Bucks,MIL,2015-16,2015-16,1
collija04,Jason Collins,BKN,Brooklyn Nets,"BRK,NJN",2001-02,2013-14,8
collija04,Jason Collins,MEM,Memphis Grizzlies,MEM,2007-08,2007-08,1
collija04,Jason Collins,MIN,Minnesota Timberwolves,MIN,2008-09,2008-09,1
collija04,Jason Collins,ATL,Atlanta Hawks,ATL,2009-10,2011-12,3
collija04,Jason Collins,BOS,Boston Celtics,BOS,2012-13,2012-13,1
collija04,Jason Collins,WAS,Washington Wizards,WAS,2012-13,2012-13,1
kaponja01,Jason Kapono,CLE,Cleveland Cavaliers,CLE,2003-04,2003-04,1
kaponja01,Jason Kapono,CHA,Charlotte Hornets,CHA,2004-05,2004-05,1
kaponja01,Jason Kapono,MIA,Miami Heat,MIA,2005-06,2006-07,2
kaponja01,Jason Kapono,TOR,Toronto Raptors,TOR,2007-08,2008-09,2
kaponja01,Jason Kapono,PHI,Philadelphia 76ers,PHI,2009-10,2010-11,2
kaponja01,Jason Kapono,LAL,Los Angeles Lakers,LAL,2011-12,2011-12,1
smithja02,Jason Smith,PHI,Philadelphia 76ers,PHI,2007-08,2009-10,2
smithja02,Jason Smith,NOP,New Orleans Pelicans,"NOH,NOP",2010-11,2018-19,5
smithja02,Jason Smith,NYK,New York Knicks,NYK,2014-15,2014-15,1
smithja02,Jason Smith,ORL,Orlando Magic,ORL,2015-16,2015-16,1
smithja02,Jason Smith,WAS,Washington Wizards,WAS,2016-17,2018-19,3
smithja02,Jason Smith,MIL,Milwaukee Bucks,MIL,2018-19,2018-19,1
terryja01,Jason Terry,ATL,Atlanta Hawks,ATL,1999-00,2003-04,5
terryja01,Jason Terry,DAL,Dallas Mavericks,DAL,2004-05,2011-12,8
terryja01,Jason Terry,BOS,Boston Celtics,BOS,2012-13,2012-13,1
terryja01,Jason Terry,BKN,Brooklyn Nets,BRK,2013-14,2013-14,1
terryja01,Jason Terry,HOU,Houston Rockets,HOU,2014-15,2015-16,2
terryja01,Jason Terry,MIL,Milwaukee Bucks,MIL,2016-17,2017-18,2
vinceja01,Jay Vincent,DAL,Dallas Mavericks,DAL,1981-82,1985-86,5
vinceja01,Jay Vincent,WAS,Washington Wizards,WSB,1986-87,1986-87,1
vinceja01,Jay Vincent,DEN,Denver Nuggets,DEN,1987-88,1988-89,2
vinceja01,Jay Vincent,SAS,San Antonio Spurs,SAS,1988-89,1988-89,1
vinceja01,Jay Vincent,PHI,Philadelphia 76ers,PHI,1989-90,1989-90,1
vinceja01,Jay Vincent,LAL,Los Angeles Lakers,LAL,1989-90,1989-90,1
mccoyje01,Jelani McCoy,OKC,Oklahoma City Thunder,SEA,1998-99,2000-01,3
mccoyje01,Jelani McCoy,LAL,Los Angeles Lakers,LAL,2001-02,2001-02,1
mccoyje01,Jelani McCoy,TOR,Toronto Raptors,TOR,2002-03,2002-03,1
mccoyje01,Jelani McCoy,CLE,Cleveland Cavaliers,CLE,2003-04,2003-04,1
mccoyje01,Jelani McCoy,ATL,Atlanta Hawks,ATL,2004-05,2004-05,1
mccoyje01,Jelani McCoy,DEN,Denver Nuggets,DEN,2007-08,2007-08,1
kerseje01,Jerome Kersey,POR,Portland Trail Blazers,POR,1984-85,1994-95,11
kerseje01,Jerome Kersey,GSW,Golden State Warriors,GSW,1995-96,1995-96,1
kerseje01,Jerome Kersey,LAL,Los Angeles Lakers,LAL,1996-97,1996-97,1
kerseje01,Jerome Kersey,OKC,Oklahoma City Thunder,SEA,1997-98,1997-98,1
kerseje01,Jerome Kersey,SAS,San Antonio Spurs,SAS,1998-99,1999-00,2
kerseje01,Jerome Kersey,MIL,Milwaukee Bucks,MIL,2000-01,2000-01,1
whiteje01,Jerome Whitehead,LAC,LA Clippers,SDC,1979-80,1983-84,5
whiteje01,Jerome Whitehead,UTA,Utah Jazz,UTA,1979-80,1979-80,1
whiteje01,Jerome Whitehead,DAL,Dallas Mavericks,DAL,1980-81,1980-81,1
whiteje01,Jerome Whitehead,CLE,Cleveland Cavaliers,CLE,1980-81,1980-81,1
whiteje01,Jerome Whitehead,GSW,Golden State Warriors,GSW,1984-85,1988-89,5
whiteje01,Jerome Whitehead,SAS,San Antonio Spurs,SAS,1988-89,1988-89,1
carteje01,Jevon Carter,MEM,Memphis Grizzlies,MEM,2018-19,2018-19,1
carteje01,Jevon Carter,PHX,Phoenix Suns,PHO,2019-20,2020-21,2
carteje01,Jevon Carter,BKN,Brooklyn Nets,BRK,2021-22,2021-22,1
carteje01,Jevon Carter,MIL,Milwaukee Bucks,MIL,2021-22,2022-23,2
carteje01,Jevon Carter,CHI,Chicago Bulls,CHI,2023-24,2025-26,3
carteje01,Jevon Carter,ORL,Orlando Magic,ORL,2025-26,2025-26,1
lucasjo01,John Lucas,GSW,Golden State Warriors,GSW,1979-80,1980-81,2
lucasjo01,John Lucas,WAS,Washington Wizards,WSB,1981-82,1982-83,2
lucasjo01,John Lucas,SAS,San Antonio Spurs,SAS,1983-84,1983-84,1
lucasjo01,John Lucas,HOU,Houston Rockets,HOU,1984-85,1989-90,3
lucasjo01,John Lucas,MIL,Milwaukee Bucks,MIL,1986-87,1987-88,2
lucasjo01,John Lucas,OKC,Oklahoma City Thunder,SEA,1988-89,1988-89,1
lucasjo02,John Lucas III,HOU,Houston Rockets,HOU,2005-06,2006-07,2
lucasjo02,John Lucas III,CHI,Chicago Bulls,CHI,2010-11,2011-12,2
lucasjo02,John Lucas III,TOR,Toronto Raptors,TOR,2012-13,2012-13,1
lucasjo02,John Lucas III,UTA,Utah Jazz,UTA,2013-14,2013-14,1
lucasjo02,John Lucas III,DET,Detroit Pistons,DET,2014-15,2014-15,1
lucasjo02,John Lucas III,MIN,Minnesota Timberwolves,MIN,2016-17,2016-17,1
salmojo01,John Salmons,PHI,Philadelphia 76ers,PHI,2002-03,2005-06,4
salmojo01,John Salmons,SAC,Sacramento Kings,SAC,2006-07,2013-14,6
salmojo01,John Salmons,CHI,Chicago Bulls,CHI,2008-09,2009-10,2
salmojo01,John Salmons,MIL,Milwaukee Bucks,MIL,2009-10,2010-11,2
salmojo01,John Salmons,TOR,Toronto Raptors,TOR,2013-14,2013-14,1
salmojo01,John Salmons,NOP,New Orleans Pelicans,NOP,2014-15,2014-15,1
thomajo02,John Thomas,BOS,Boston Celtics,BOS,1997-98,1997-98,1
thomajo02,John Thomas,TOR,Toronto Raptors,TOR,1997-98,1999-00,3
thomajo02,John Thomas,MIN,Minnesota Timberwolves,MIN,2004-05,2004-05,1
thomajo02,John Thomas,MEM,Memphis Grizzlies,MEM,2005-06,2005-06,1
thomajo02,John Thomas,ATL,Atlanta Hawks,ATL,2005-06,2005-06,1
thomajo02,John Thomas,BKN,Brooklyn Nets,NJN,2005-06,2005-06,1
valanjo01,Jonas Valančiūnas,TOR,Toronto Raptors,TOR,2012-13,2018-19,7
valanjo01,Jonas Valančiūnas,MEM,Memphis Grizzlies,MEM,2018-19,2020-21,3
valanjo01,Jonas Valančiūnas,NOP,New Orleans Pelicans,NOP,2021-22,2023-24,3
valanjo01,Jonas Valančiūnas,WAS,Washington Wizards,WAS,2024-25,2024-25,1
valanjo01,Jonas Valančiūnas,SAC,Sacramento Kings,SAC,2024-25,2024-25,1
valanjo01,Jonas Valančiūnas,DEN,Denver Nuggets,DEN,2025-26,2025-26,1
davisjo02,Josh Davis,ATL,Atlanta Hawks,ATL,2003-04,2003-04,1
davisjo02,Josh Davis,PHI,Philadelphia 76ers,PHI,2004-05,2004-05,1
davisjo02,Josh Davis,MIL,Milwaukee Bucks,MIL,2005-06,2005-06,1
davisjo02,Josh Davis,HOU,Houston Rockets,HOU,2005-06,2005-06,1
davisjo02,Josh Davis,PHX,Phoenix Suns,PHO,2005-06,2005-06,1
davisjo02,Josh Davis,MEM,Memphis Grizzlies,MEM,2011-12,2011-12,1
richajo01,Josh Richardson,MIA,Miami Heat,MIA,2015-16,2024-25,6
richajo01,Josh Richardson,PHI,Philadelphia 76ers,PHI,2019-20,2019-20,1
richajo01,Josh Richardson,DAL,Dallas Mavericks,DAL,2020-21,2020-21,1
richajo01,Josh Richardson,BOS,Boston Celtics,BOS,2021-22,2021-22,1
richajo01,Josh Richardson,SAS,San Antonio Spurs,SAS,2021-22,2022-23,2
richajo01,Josh Richardson,NOP,New Orleans Pelicans,NOP,2022-23,2022-23,1
hernaju01,Juancho Hernangómez,DEN,Denver Nuggets,DEN,2016-17,2019-20,4
hernaju01,Juancho Hernangómez,MIN,Minnesota Timberwolves,MIN,2019-20,2020-21,2
hernaju01,Juancho Hernangómez,BOS,Boston Celtics,BOS,2021-22,2021-22,1
hernaju01,Juancho Hernangómez,SAS,San Antonio Spurs,SAS,2021-22,2021-22,1
hernaju01,Juancho Hernangómez,UTA,Utah Jazz,UTA,2021-22,2021-22,1
hernaju01,Juancho Hernangómez,TOR,Toronto Raptors,TOR,2022-23,2022-23,1
jonesju01,Jumaine Jones,PHI,Philadelphia 76ers,PHI,1999-00,2000-01,2
jonesju01,Jumaine Jones,CLE,Cleveland Cavaliers,CLE,2001-02,2002-03,2
jonesju01,Jumaine Jones,BOS,Boston Celtics,BOS,2003-04,2003-04,1
jonesju01,Jumaine Jones,LAL,Los Angeles Lakers,LAL,2004-05,2004-05,1
jonesju01,Jumaine Jones,CHA,Charlotte Hornets,CHA,2005-06,2005-06,1
jonesju01,Jumaine Jones,PHX,Phoenix Suns,PHO,2006-07,2006-07,1
anderju01,Justin Anderson,DAL,Dallas Mavericks,DAL,2015-16,2016-17,2
anderju01,Justin Anderson,PHI,Philadelphia 76ers,PHI,2016-17,2017-18,2
anderju01,Justin Anderson,ATL,Atlanta Hawks,ATL,2018-19,2018-19,1
anderju01,Justin Anderson,BKN,Brooklyn Nets,BRK,2019-20,2019-20,1
anderju01,Justin Anderson,CLE,Cleveland Cavaliers,CLE,2021-22,2021-22,1
anderju01,Justin Anderson,IND,Indiana Pacers,IND,2021-22,2021-22,1
moisoje01,Jérôme Moïso,BOS,Boston Celtics,BOS,2000-01,2000-01,1
moisoje01,Jérôme Moïso,CHA,Charlotte Hornets,CHH,2001-02,2001-02,1
moisoje01,Jérôme Moïso,NOP,New Orleans Pelicans,NOH,2002-03,2002-03,1
moisoje01,Jérôme Moïso,TOR,Toronto Raptors,TOR,2003-04,2004-05,2
moisoje01,Jérôme Moïso,BKN,Brooklyn Nets,NJN,2004-05,2004-05,1
moisoje01,Jérôme Moïso,CLE,Cleveland Cavaliers,CLE,2004-05,2004-05,1
smithke01,Kenny Smith,SAC,Sacramento Kings,SAC,1987-88,1989-90,3
smithke01,Kenny Smith,ATL,Atlanta Hawks,ATL,1989-90,1989-90,1
smithke01,Kenny Smith,HOU,Houston Rockets,HOU,1990-91,1995-96,6
smithke01,Kenny Smith,DET,Detroit Pistons,DET,1996-97,1996-97,1
smithke01,Kenny Smith,ORL,Orlando Magic,ORL,1996-97,1996-97,1
smithke01,Kenny Smith,DEN,Denver Nuggets,DEN,1996-97,1996-97,1
caldwke01,Kentavious Caldwell-Pope,DET,Detroit Pistons,DET,2013-14,2016-17,4
caldwke01,Kentavious Caldwell-Pope,LAL,Los Angeles Lakers,LAL,2017-18,2020-21,4
caldwke01,Kentavious Caldwell-Pope,WAS,Washington Wizards,WAS,2021-22,2021-22,1
caldwke01,Kentavious Caldwell-Pope,DEN,Denver Nuggets,DEN,2022-23,2023-24,2
caldwke01,Kentavious Caldwell-Pope,ORL,Orlando Magic,ORL,2024-25,2024-25,1
caldwke01,Kentavious Caldwell-Pope,MEM,Memphis Grizzlies,MEM,2025-26,2025-26,1
reevekh01,Khalid Reeves,MIA,Miami Heat,MIA,1994-95,1994-95,1
reevekh01,Khalid Reeves,CHA,Charlotte Hornets,CHH,1995-96,1995-96,1
reevekh01,Khalid Reeves,BKN,Brooklyn Nets,NJN,1995-96,1996-97,2
reevekh01,Khalid Reeves,DAL,Dallas Mavericks,DAL,1996-97,1997-98,2
reevekh01,Khalid Reeves,DET,Detroit Pistons,DET,1998-99,1998-99,1
reevekh01,Khalid Reeves,CHI,Chicago Bulls,CHI,1999-00,1999-00,1
dunnkr01,Kris Dunn,MIN,Minnesota Timberwolves,MIN,2016-17,2016-17,1
dunnkr01,Kris Dunn,CHI,Chicago Bulls,CHI,2017-18,2019-20,3
dunnkr01,Kris Dunn,ATL,Atlanta Hawks,ATL,2020-21,2020-21,1
dunnkr01,Kris Dunn,POR,Portland Trail Blazers,POR,2021-22,2021-22,1
dunnkr01,Kris Dunn,UTA,Utah Jazz,UTA,2022-23,2023-24,2
dunnkr01,Kris Dunn,LAC,LA Clippers,LAC,2024-25,2025-26,2
porzikr01,Kristaps Porziņģis,NYK,New York Knicks,NYK,2015-16,2017-18,3
porzikr01,Kristaps Porziņģis,DAL,Dallas Mavericks,DAL,2019-20,2021-22,3
porzikr01,Kristaps Porziņģis,WAS,Washington Wizards,WAS,2021-22,2022-23,2
porzikr01,Kristaps Porziņģis,BOS,Boston Celtics,BOS,2023-24,2024-25,2
porzikr01,Kristaps Porziņģis,ATL,Atlanta Hawks,ATL,2025-26,2025-26,1
porzikr01,Kristaps Porziņģis,GSW,Golden State Warriors,GSW,2025-26,2025-26,1
anderky01,Kyle Anderson,SAS,San Antonio Spurs,SAS,2014-15,2017-18,4
anderky01,Kyle Anderson,MEM,Memphis Grizzlies,MEM,2018-19,2025-26,5
anderky01,Kyle Anderson,MIN,Minnesota Timberwolves,MIN,2022-23,2025-26,3
anderky01,Kyle Anderson,GSW,Golden State Warriors,GSW,2024-25,2024-25,1
anderky01,Kyle Anderson,MIA,Miami Heat,MIA,2024-25,2024-25,1
anderky01,Kyle Anderson,UTA,Utah Jazz,UTA,2025-26,2025-26,1
korveky01,Kyle Korver,PHI,Philadelphia 76ers,PHI,2003-04,2007-08,5
korveky01,Kyle Korver,UTA,Utah Jazz,UTA,2007-08,2018-19,4
korveky01,Kyle Korver,CHI,Chicago Bulls,CHI,2010-11,2011-12,2
korveky01,Kyle Korver,ATL,Atlanta Hawks,ATL,2012-13,2016-17,5
korveky01,Kyle Korver,CLE,Cleveland Cavaliers,CLE,2016-17,2018-19,3
korveky01,Kyle Korver,MIL,Milwaukee Bucks,MIL,2019-20,2019-20,1
shamela01,Landry Shamet,PHI,Philadelphia 76ers,PHI,2018-19,2018-19,1
shamela01,Landry Shamet,LAC,LA Clippers,LAC,2018-19,2019-20,2
shamela01,Landry Shamet,BKN,Brooklyn Nets,BRK,2020-21,2020-21,1
shamela01,Landry Shamet,PHX,Phoenix Suns,PHO,2021-22,2022-23,2
shamela01,Landry Shamet,WAS,Washington Wizards,WAS,2023-24,2023-24,1
shamela01,Landry Shamet,NYK,New York Knicks,NYK,2024-25,2025-26,2
krystla01,Larry Krystkowiak,SAS,San Antonio Spurs,SAS,1986-87,1986-87,1
krystla01,Larry Krystkowiak,MIL,Milwaukee Bucks,MIL,1987-88,1991-92,4
krystla01,Larry Krystkowiak,UTA,Utah Jazz,UTA,1992-93,1992-93,1
krystla01,Larry Krystkowiak,ORL,Orlando Magic,ORL,1993-94,1993-94,1
krystla01,Larry Krystkowiak,CHI,Chicago Bulls,CHI,1994-95,1994-95,1
krystla01,Larry Krystkowiak,LAL,Los Angeles Lakers,LAL,1996-97,1996-97,1
woodle01,Leon Wood,PHI,Philadelphia 76ers,PHI,1984-85,1985-86,2
woodle01,Leon Wood,WAS,Washington Wizards,WSB,1985-86,1985-86,1
woodle01,Leon Wood,BKN,Brooklyn Nets,NJN,1986-87,1989-90,2
woodle01,Leon Wood,SAS,San Antonio Spurs,SAS,1987-88,1987-88,1
woodle01,Leon Wood,ATL,Atlanta Hawks,ATL,1987-88,1987-88,1
woodle01,Leon Wood,SAC,Sacramento Kings,SAC,1990-91,1990-91,1
daniell01,Lloyd Daniels,SAS,San Antonio Spurs,SAS,1992-93,1993-94,2
daniell01,Lloyd Daniels,PHI,Philadelphia 76ers,PHI,1994-95,1994-95,1
daniell01,Lloyd Daniels,LAL,Los Angeles Lakers,LAL,1994-95,1994-95,1
daniell01,Lloyd Daniels,SAC,Sacramento Kings,SAC,1996-97,1996-97,1
daniell01,Lloyd Daniels,BKN,Brooklyn Nets,NJN,1996-97,1996-97,1
daniell01,Lloyd Daniels,TOR,Toronto Raptors,TOR,1997-98,1997-98,1
baxtelo01,Lonny Baxter,CHI,Chicago Bulls,CHI,2002-03,2003-04,2
baxtelo01,Lonny Baxter,TOR,Toronto Raptors,TOR,2003-04,2003-04,1
baxtelo01,Lonny Baxter,WAS,Washington Wizards,WAS,2003-04,2003-04,1
baxtelo01,Lonny Baxter,NOP,New Orleans Pelicans,NOH,2004-05,2004-05,1
baxtelo01,Lonny Baxter,HOU,Houston Rockets,HOU,2005-06,2005-06,1
baxtelo01,Lonny Baxter,CHA,Charlotte Hornets,CHA,2005-06,2005-06,1
willilo02,Lou Williams,PHI,Philadelphia 76ers,PHI,2005-06,2011-12,7
willilo02,Lou Williams,ATL,Atlanta Hawks,ATL,2012-13,2021-22,4
willilo02,Lou Williams,TOR,Toronto Raptors,TOR,2014-15,2014-15,1
willilo02,Lou Williams,LAL,Los Angeles Lakers,LAL,2015-16,2016-17,2
willilo02,Lou Williams,HOU,Houston Rockets,HOU,2016-17,2016-17,1
willilo02,Lou Williams,LAC,LA Clippers,LAC,2017-18,2020-21,4
mbahalu01,Luc Mbah a Moute,MIL,Milwaukee Bucks,MIL,2008-09,2012-13,5
mbahalu01,Luc Mbah a Moute,SAC,Sacramento Kings,SAC,2013-14,2013-14,1
mbahalu01,Luc Mbah a Moute,MIN,Minnesota Timberwolves,MIN,2013-14,2013-14,1
mbahalu01,Luc Mbah a Moute,PHI,Philadelphia 76ers,PHI,2014-15,2014-15,1
mbahalu01,Luc Mbah a Moute,LAC,LA Clippers,LAC,2015-16,2018-19,3
mbahalu01,Luc Mbah a Moute,HOU,Houston Rockets,HOU,2017-18,2019-20,2
kornelu01,Luke Kornet,NYK,New York Knicks,NYK,2017-18,2018-19,2
kornelu01,Luke Kornet,CHI,Chicago Bulls,CHI,2019-20,2020-21,2
kornelu01,Luke Kornet,BOS,Boston Celtics,BOS,2020-21,2024-25,5
kornelu01,Luke Kornet,CLE,Cleveland Cavaliers,CLE,2021-22,2021-22,1
kornelu01,Luke Kornet,MIL,Milwaukee Bucks,MIL,2021-22,2021-22,1
kornelu01,Luke Kornet,SAS,San Antonio Spurs,SAS,2025-26,2025-26,1
beaslma01,Malik Beasley,DEN,Denver Nuggets,DEN,2016-17,2019-20,4
beaslma01,Malik Beasley,MIN,Minnesota Timberwolves,MIN,2019-20,2021-22,3
beaslma01,Malik Beasley,UTA,Utah Jazz,UTA,2022-23,2022-23,1
beaslma01,Malik Beasley,LAL,Los Angeles Lakers,LAL,2022-23,2022-23,1
beaslma01,Malik Beasley,MIL,Milwaukee Bucks,MIL,2023-24,2023-24,1
beaslma01,Malik Beasley,DET,Detroit Pistons,DET,2024-25,2024-25,1
cambyma01,Marcus Camby,TOR,Toronto Raptors,TOR,1996-97,1997-98,2
cambyma01,Marcus Camby,NYK,New York Knicks,NYK,1998-99,2012-13,5
cambyma01,Marcus Camby,DEN,Denver Nuggets,DEN,2002-03,2007-08,6
cambyma01,Marcus Camby,LAC,LA Clippers,LAC,2008-09,2009-10,2
cambyma01,Marcus Camby,POR,Portland Trail Blazers,POR,2009-10,2011-12,3
cambyma01,Marcus Camby,HOU,Houston Rockets,HOU,2011-12,2011-12,1
eliema01,Mario Elie,PHI,Philadelphia 76ers,PHI,1990-91,1990-91,1
eliema01,Mario Elie,GSW,Golden State Warriors,GSW,1990-91,1991-92,2
eliema01,Mario Elie,POR,Portland Trail Blazers,POR,1992-93,1992-93,1
eliema01,Mario Elie,HOU,Houston Rockets,HOU,1993-94,1997-98,5
eliema01,Mario Elie,SAS,San Antonio Spurs,SAS,1998-99,1999-00,2
eliema01,Mario Elie,PHX,Phoenix Suns,PHO,2000-01,2000-01,1
stricma01,Mark Strickland,IND,Indiana Pacers,IND,1994-95,1994-95,1
stricma01,Mark Strickland,MIA,Miami Heat,MIA,1996-97,1999-00,4
stricma01,Mark Strickland,DEN,Denver Nuggets,DEN,2000-01,2000-01,1
stricma01,Mark Strickland,BKN,Brooklyn Nets,NJN,2000-01,2000-01,1
stricma01,Mark Strickland,ATL,Atlanta Hawks,ATL,2001-02,2001-02,1
stricma01,Mark Strickland,DAL,Dallas Mavericks,DAL,2002-03,2002-03,1
speigma01,Marreese Speights,PHI,Philadelphia 76ers,PHI,2008-09,2010-11,3
speigma01,Marreese Speights,MEM,Memphis Grizzlies,MEM,2011-12,2012-13,2
speigma01,Marreese Speights,CLE,Cleveland Cavaliers,CLE,2012-13,2012-13,1
speigma01,Marreese Speights,GSW,Golden State Warriors,GSW,2013-14,2015-16,3
speigma01,Marreese Speights,LAC,LA Clippers,LAC,2016-17,2016-17,1
speigma01,Marreese Speights,ORL,Orlando Magic,ORL,2017-18,2017-18,1
harklma01,Maurice Harkless,ORL,Orlando Magic,ORL,2012-13,2014-15,3
harklma01,Maurice Harkless,POR,Portland Trail Blazers,POR,2015-16,2018-19,4
harklma01,Maurice Harkless,LAC,LA Clippers,LAC,2019-20,2019-20,1
harklma01,Maurice Harkless,NYK,New York Knicks,NYK,2019-20,2019-20,1
harklma01,Maurice Harkless,MIA,Miami Heat,MIA,2020-21,2020-21,1
harklma01,Maurice Harkless,SAC,Sacramento Kings,SAC,2020-21,2021-22,2
lucasma01,Maurice Lucas,POR,Portland Trail Blazers,POR,1979-80,1987-88,2
lucasma01,Maurice Lucas,BKN,Brooklyn Nets,NJN,1979-80,1980-81,2
lucasma01,Maurice Lucas,NYK,New York Knicks,NYK,1981-82,1981-82,1
lucasma01,Maurice Lucas,PHX,Phoenix Suns,PHO,1982-83,1984-85,3
lucasma01,Maurice Lucas,LAL,Los Angeles Lakers,LAL,1985-86,1985-86,1
lucasma01,Maurice Lucas,OKC,Oklahoma City Thunder,SEA,1986-87,1986-87,1
artesro01,Metta World Peace,CHI,Chicago Bulls,CHI,1999-00,2001-02,3
artesro01,Metta World Peace,IND,Indiana Pacers,IND,2001-02,2005-06,5
artesro01,Metta World Peace,SAC,Sacramento Kings,SAC,2005-06,2007-08,3
artesro01,Metta World Peace,HOU,Houston Rockets,HOU,2008-09,2008-09,1
artesro01,Metta World Peace,LAL,Los Angeles Lakers,LAL,2009-10,2016-17,6
artesro01,Metta World Peace,NYK,New York Knicks,NYK,2013-14,2013-14,1
cartemi01,Michael Carter-Williams,PHI,Philadelphia 76ers,PHI,2013-14,2014-15,2
cartemi01,Michael Carter-Williams,MIL,Milwaukee Bucks,MIL,2014-15,2015-16,2
cartemi01,Michael Carter-Williams,CHI,Chicago Bulls,CHI,2016-17,2016-17,1
cartemi01,Michael Carter-Williams,CHA,Charlotte Hornets,CHO,2017-18,2017-18,1
cartemi01,Michael Carter-Williams,HOU,Houston Rockets,HOU,2018-19,2018-19,1
cartemi01,Michael Carter-Williams,ORL,Orlando Magic,ORL,2018-19,2022-23,4
currymi01,Michael Curry,PHI,Philadelphia 76ers,PHI,1993-94,1993-94,1
currymi01,Michael Curry,WAS,Washington Wizards,WSB,1995-96,1995-96,1
currymi01,Michael Curry,DET,Detroit Pistons,DET,1995-96,2002-03,6
currymi01,Michael Curry,MIL,Milwaukee Bucks,MIL,1997-98,1998-99,2
currymi01,Michael Curry,TOR,Toronto Raptors,TOR,2003-04,2003-04,1
currymi01,Michael Curry,IND,Indiana Pacers,IND,2004-05,2004-05,1
doleami01,Michael Doleac,ORL,Orlando Magic,ORL,1998-99,2000-01,3
doleami01,Michael Doleac,CLE,Cleveland Cavaliers,CLE,2001-02,2001-02,1
doleami01,Michael Doleac,NYK,New York Knicks,NYK,2002-03,2003-04,2
doleami01,Michael Doleac,DEN,Denver Nuggets,DEN,2003-04,2003-04,1
doleami01,Michael Doleac,MIA,Miami Heat,MIA,2004-05,2006-07,3
doleami01,Michael Doleac,MIN,Minnesota Timberwolves,MIN,2007-08,2007-08,1
ruffimi01,Michael Ruffin,CHI,Chicago Bulls,CHI,1999-00,2000-01,2
ruffimi01,Michael Ruffin,PHI,Philadelphia 76ers,PHI,2001-02,2001-02,1
ruffimi01,Michael Ruffin,UTA,Utah Jazz,UTA,2003-04,2003-04,1
ruffimi01,Michael Ruffin,WAS,Washington Wizards,WAS,2004-05,2006-07,3
ruffimi01,Michael Ruffin,MIL,Milwaukee Bucks,MIL,2007-08,2007-08,1
ruffimi01,Michael Ruffin,POR,Portland Trail Blazers,POR,2008-09,2008-09,1
willimi02,Micheal Williams,DET,Detroit Pistons,DET,1988-89,1988-89,1
willimi02,Micheal Williams,PHX,Phoenix Suns,PHO,1989-90,1989-90,1
willimi02,Micheal Williams,CHA,Charlotte Hornets,CHH,1989-90,1989-90,1
willimi02,Micheal Williams,IND,Indiana Pacers,IND,1990-91,1991-92,2
willimi02,Micheal Williams,MIN,Minnesota Timberwolves,MIN,1992-93,1997-98,5
willimi02,Micheal Williams,TOR,Toronto Raptors,TOR,1998-99,1998-99,1
bibbymi01,Mike Bibby,MEM,Memphis Grizzlies,VAN,1998-99,2000-01,3
bibbymi01,Mike Bibby,SAC,Sacramento Kings,SAC,2001-02,2007-08,7
bibbymi01,Mike Bibby,ATL,Atlanta Hawks,ATL,2007-08,2010-11,4
bibbymi01,Mike Bibby,WAS,Washington Wizards,WAS,2010-11,2010-11,1
bibbymi01,Mike Bibby,MIA,Miami Heat,MIA,2010-11,2010-11,1
bibbymi01,Mike Bibby,NYK,New York Knicks,NYK,2011-12,2011-12,1
bratzmi01,Mike Bratz,PHX,Phoenix Suns,PHO,1979-80,1979-80,1
bratzmi01,Mike Bratz,CLE,Cleveland Cavaliers,CLE,1980-81,1980-81,1
bratzmi01,Mike Bratz,SAS,San Antonio Spurs,SAS,1981-82,1981-82,1
bratzmi01,Mike Bratz,CHI,Chicago Bulls,CHI,1982-83,1982-83,1
bratzmi01,Mike Bratz,GSW,Golden State Warriors,GSW,1983-84,1984-85,2
bratzmi01,Mike Bratz,SAC,Sacramento Kings,SAC,1985-86,1985-86,1
dunlemi02,Mike Dunleavy,GSW,Golden State Warriors,GSW,2002-03,2006-07,5
dunlemi02,Mike Dunleavy,IND,Indiana Pacers,IND,2006-07,2010-11,5
dunlemi02,Mike Dunleavy,MIL,Milwaukee Bucks,MIL,2011-12,2012-13,2
dunlemi02,Mike Dunleavy,CHI,Chicago Bulls,CHI,2013-14,2015-16,3
dunlemi02,Mike Dunleavy,CLE,Cleveland Cavaliers,CLE,2016-17,2016-17,1
dunlemi02,Mike Dunleavy,ATL,Atlanta Hawks,ATL,2016-17,2016-17,1
woodsmi01,Mike Woodson,NYK,New York Knicks,NYK,1980-81,1980-81,1
woodsmi01,Mike Woodson,BKN,Brooklyn Nets,NJN,1981-82,1981-82,1
woodsmi01,Mike Woodson,SAC,Sacramento Kings,"KCK,SAC",1981-82,1985-86,5
woodsmi01,Mike Woodson,LAC,LA Clippers,LAC,1986-87,1987-88,2
woodsmi01,Mike Woodson,HOU,Houston Rockets,HOU,1988-89,1990-91,3
woodsmi01,Mike Woodson,CLE,Cleveland Cavaliers,CLE,1990-91,1990-91,1
palacmi01,Milt Palacio,MEM,Memphis Grizzlies,VAN,1999-00,1999-00,1
palacmi01,Milt Palacio,BOS,Boston Celtics,BOS,2000-01,2001-02,2
palacmi01,Milt Palacio,PHX,Phoenix Suns,PHO,2001-02,2001-02,1
palacmi01,Milt Palacio,CLE,Cleveland Cavaliers,CLE,2002-03,2002-03,1
palacmi01,Milt Palacio,TOR,Toronto Raptors,TOR,2003-04,2004-05,2
palacmi01,Milt Palacio,UTA,Utah Jazz,UTA,2005-06,2005-06,1
morrimo01,Monte Morris,DEN,Denver Nuggets,DEN,2017-18,2021-22,5
morrimo01,Monte Morris,WAS,Washington Wizards,WAS,2022-23,2022-23,1
morrimo01,Monte Morris,DET,Detroit Pistons,DET,2023-24,2023-24,1
morrimo01,Monte Morris,MIN,Minnesota Timberwolves,MIN,2023-24,2023-24,1
morrimo01,Monte Morris,PHX,Phoenix Suns,PHO,2024-25,2024-25,1
morrimo01,Monte Morris,IND,Indiana Pacers,IND,2025-26,2025-26,1
harremo01,Montrezl Harrell,HOU,Houston Rockets,HOU,2015-16,2016-17,2
harremo01,Montrezl Harrell,LAC,LA Clippers,LAC,2017-18,2019-20,3
harremo01,Montrezl Harrell,LAL,Los Angeles Lakers,LAL,2020-21,2020-21,1
harremo01,Montrezl Harrell,WAS,Washington Wizards,WAS,2021-22,2021-22,1
harremo01,Montrezl Harrell,CHA,Charlotte Hornets,CHO,2021-22,2021-22,1
harremo01,Montrezl Harrell,PHI,Philadelphia 76ers,PHI,2022-23,2022-23,1
malonmo01,Moses Malone,HOU,Houston Rockets,HOU,1979-80,1981-82,3
malonmo01,Moses Malone,PHI,Philadelphia 76ers,PHI,1982-83,1993-94,5
malonmo01,Moses Malone,WAS,Washington Wizards,WSB,1986-87,1987-88,2
malonmo01,Moses Malone,ATL,Atlanta Hawks,ATL,1988-89,1990-91,3
malonmo01,Moses Malone,MIL,Milwaukee Bucks,MIL,1991-92,1992-93,2
malonmo01,Moses Malone,SAS,San Antonio Spurs,SAS,1994-95,1994-95,1
noelne01,Nerlens Noel,PHI,Philadelphia 76ers,PHI,2014-15,2016-17,3
noelne01,Nerlens Noel,DAL,Dallas Mavericks,DAL,2016-17,2017-18,2
noelne01,Nerlens Noel,OKC,Oklahoma City Thunder,OKC,2018-19,2019-20,2
noelne01,Nerlens Noel,NYK,New York Knicks,NYK,2020-21,2021-22,2
noelne01,Nerlens Noel,DET,Detroit Pistons,DET,2022-23,2022-23,1
noelne01,Nerlens Noel,BKN,Brooklyn Nets,BRK,2022-23,2022-23,1
vanexni01,Nick Van Exel,LAL,Los Angeles Lakers,LAL,1993-94,1997-98,5
vanexni01,Nick Van Exel,DEN,Denver Nuggets,DEN,1998-99,2001-02,4
vanexni01,Nick Van Exel,DAL,Dallas Mavericks,DAL,2001-02,2002-03,2
vanexni01,Nick Van Exel,GSW,Golden State Warriors,GSW,2003-04,2003-04,1
vanexni01,Nick Van Exel,POR,Portland Trail Blazers,POR,2004-05,2004-05,1
vanexni01,Nick Van Exel,SAS,San Antonio Spurs,SAS,2005-06,2005-06,1
youngni01,Nick Young,WAS,Washington Wizards,WAS,2007-08,2011-12,5
youngni01,Nick Young,LAC,LA Clippers,LAC,2011-12,2011-12,1
youngni01,Nick Young,PHI,Philadelphia 76ers,PHI,2012-13,2012-13,1
youngni01,Nick Young,LAL,Los Angeles Lakers,LAL,2013-14,2016-17,4
youngni01,Nick Young,GSW,Golden State Warriors,GSW,2017-18,2017-18,1
youngni01,Nick Young,DEN,Denver Nuggets,DEN,2018-19,2018-19,1
milleol01,Oliver Miller,PHX,Phoenix Suns,PHO,1992-93,1999-00,3
milleol01,Oliver Miller,DET,Detroit Pistons,DET,1994-95,1994-95,1
milleol01,Oliver Miller,TOR,Toronto Raptors,TOR,1995-96,1997-98,3
milleol01,Oliver Miller,DAL,Dallas Mavericks,DAL,1996-97,1996-97,1
milleol01,Oliver Miller,SAC,Sacramento Kings,SAC,1998-99,1998-99,1
milleol01,Oliver Miller,MIN,Minnesota Timberwolves,MIN,2003-04,2003-04,1
brownpj01,P.J. Brown,BKN,Brooklyn Nets,NJN,1993-94,1995-96,3
brownpj01,P.J. Brown,MIA,Miami Heat,MIA,1996-97,1999-00,4
brownpj01,P.J. Brown,CHA,Charlotte Hornets,CHH,2000-01,2001-02,2
brownpj01,P.J. Brown,NOP,New Orleans Pelicans,"NOH,NOK",2002-03,2005-06,4
brownpj01,P.J. Brown,CHI,Chicago Bulls,CHI,2006-07,2006-07,1
brownpj01,P.J. Brown,BOS,Boston Celtics,BOS,2007-08,2007-08,1
mannipa01,Pace Mannion,GSW,Golden State Warriors,GSW,1983-84,1983-84,1
mannipa01,Pace Mannion,UTA,Utah Jazz,UTA,1984-85,1985-86,2
mannipa01,Pace Mannion,BKN,Brooklyn Nets,NJN,1986-87,1986-87,1
mannipa01,Pace Mannion,MIL,Milwaukee Bucks,MIL,1987-88,1987-88,1
mannipa01,Pace Mannion,DET,Detroit Pistons,DET,1988-89,1988-89,1
mannipa01,Pace Mannion,ATL,Atlanta Hawks,ATL,1988-89,1988-89,1
jonespo01,Popeye Jones,DAL,Dallas Mavericks,DAL,1993-94,2002-03,4
jonespo01,Popeye Jones,TOR,Toronto Raptors,TOR,1996-97,1997-98,2
jonespo01,Popeye Jones,BOS,Boston Celtics,BOS,1998-99,1998-99,1
jonespo01,Popeye Jones,DEN,Denver Nuggets,DEN,1999-00,1999-00,1
jonespo01,Popeye Jones,WAS,Washington Wizards,WAS,2000-01,2001-02,2
jonespo01,Popeye Jones,GSW,Golden State Warriors,GSW,2003-04,2003-04,1
brezepr01,Primož Brezec,IND,Indiana Pacers,IND,2001-02,2003-04,3
brezepr01,Primož Brezec,CHA,Charlotte Hornets,CHA,2004-05,2007-08,4
brezepr01,Primož Brezec,DET,Detroit Pistons,DET,2007-08,2007-08,1
brezepr01,Primož Brezec,TOR,Toronto Raptors,TOR,2007-08,2007-08,1
brezepr01,Primož Brezec,PHI,Philadelphia 76ers,PHI,2009-10,2009-10,1
brezepr01,Primož Brezec,MIL,Milwaukee Bucks,MIL,2009-10,2009-10,1
acyqu01,Quincy Acy,TOR,Toronto Raptors,TOR,2012-13,2013-14,2
acyqu01,Quincy Acy,SAC,Sacramento Kings,SAC,2013-14,2015-16,2
acyqu01,Quincy Acy,NYK,New York Knicks,NYK,2014-15,2014-15,1
acyqu01,Quincy Acy,DAL,Dallas Mavericks,DAL,2016-17,2016-17,1
acyqu01,Quincy Acy,BKN,Brooklyn Nets,BRK,2016-17,2017-18,2
acyqu01,Quincy Acy,PHX,Phoenix Suns,PHO,2018-19,2018-19,1
alstora01,Rafer Alston,MIL,Milwaukee Bucks,MIL,1999-00,2001-02,3
alstora01,Rafer Alston,TOR,Toronto Raptors,TOR,2002-03,2004-05,2
alstora01,Rafer Alston,MIA,Miami Heat,MIA,2003-04,2009-10,2
alstora01,Rafer Alston,HOU,Houston Rockets,HOU,2005-06,2008-09,4
alstora01,Rafer Alston,ORL,Orlando Magic,ORL,2008-09,2008-09,1
alstora01,Rafer Alston,BKN,Brooklyn Nets,NJN,2009-10,2009-10,1
bellra01,Raja Bell,PHI,Philadelphia 76ers,PHI,2000-01,2001-02,2
bellra01,Raja Bell,DAL,Dallas Mavericks,DAL,2002-03,2002-03,1
bellra01,Raja Bell,UTA,Utah Jazz,UTA,2003-04,2011-12,4
bellra01,Raja Bell,PHX,Phoenix Suns,PHO,2005-06,2008-09,4
bellra01,Raja Bell,CHA,Charlotte Hornets,CHA,2008-09,2009-10,2
bellra01,Raja Bell,GSW,Golden State Warriors,GSW,2009-10,2009-10,1
wallara01,Rasheed Wallace,WAS,Washington Wizards,WSB,1995-96,1995-96,1
wallara01,Rasheed Wallace,POR,Portland Trail Blazers,POR,1996-97,2003-04,8
wallara01,Rasheed Wallace,ATL,Atlanta Hawks,ATL,2003-04,2003-04,1
wallara01,Rasheed Wallace,DET,Detroit Pistons,DET,2003-04,2008-09,6
wallara01,Rasheed Wallace,BOS,Boston Celtics,BOS,2009-10,2009-10,1
wallara01,Rasheed Wallace,NYK,New York Knicks,NYK,2012-13,2012-13,1
tolbera01,Ray Tolbert,BKN,Brooklyn Nets,NJN,1981-82,1981-82,1
tolbera01,Ray Tolbert,OKC,Oklahoma City Thunder,SEA,1981-82,1982-83,2
tolbera01,Ray Tolbert,DET,Detroit Pistons,DET,1982-83,1983-84,2
tolbera01,Ray Tolbert,NYK,New York Knicks,NYK,1987-88,1987-88,1
tolbera01,Ray Tolbert,LAL,Los Angeles Lakers,LAL,1987-88,1987-88,1
tolbera01,Ray Tolbert,ATL,Atlanta Hawks,ATL,1988-89,1988-89,1
willira01,Ray Williams,NYK,New York Knicks,NYK,1979-80,1983-84,3
willira01,Ray Williams,BKN,Brooklyn Nets,NJN,1981-82,1986-87,3
willira01,Ray Williams,SAC,Sacramento Kings,KCK,1982-83,1982-83,1
willira01,Ray Williams,BOS,Boston Celtics,BOS,1984-85,1984-85,1
willira01,Ray Williams,ATL,Atlanta Hawks,ATL,1985-86,1985-86,1
willira01,Ray Williams,SAS,San Antonio Spurs,SAS,1985-86,1985-86,1
willire01,Reggie Williams,LAC,LA Clippers,LAC,1987-88,1989-90,3
willire01,Reggie Williams,CLE,Cleveland Cavaliers,CLE,1989-90,1989-90,1
willire01,Reggie Williams,SAS,San Antonio Spurs,SAS,1989-90,1990-91,2
willire01,Reggie Williams,DEN,Denver Nuggets,DEN,1990-91,1995-96,6
willire01,Reggie Williams,IND,Indiana Pacers,IND,1996-97,1996-97,1
willire01,Reggie Williams,BKN,Brooklyn Nets,NJN,1996-97,1996-97,1
greenri01,Rickey Green,UTA,Utah Jazz,UTA,1980-81,1987-88,8
greenri01,Rickey Green,CHA,Charlotte Hornets,CHH,1988-89,1988-89,1
greenri01,Rickey Green,MIL,Milwaukee Bucks,MIL,1988-89,1988-89,1
greenri01,Rickey Green,IND,Indiana Pacers,IND,1989-90,1989-90,1
greenri01,Rickey Green,PHI,Philadelphia 76ers,PHI,1990-91,1990-91,1
greenri01,Rickey Green,BOS,Boston Celtics,BOS,1991-92,1991-92,1
davisri01,Ricky Davis,CHA,Charlotte Hornets,CHH,1998-99,1999-00,2
davisri01,Ricky Davis,MIA,Miami Heat,MIA,2000-01,2007-08,2
davisri01,Ricky Davis,CLE,Cleveland Cavaliers,CLE,2001-02,2003-04,3
davisri01,Ricky Davis,BOS,Boston Celtics,BOS,2003-04,2005-06,3
davisri01,Ricky Davis,MIN,Minnesota Timberwolves,MIN,2005-06,2006-07,2
davisri01,Ricky Davis,LAC,LA Clippers,LAC,2008-09,2009-10,2
smithro01,Robert Smith,UTA,Utah Jazz,UTA,1979-80,1979-80,1
smithro01,Robert Smith,BKN,Brooklyn Nets,NJN,1979-80,1979-80,1
smithro01,Robert Smith,CLE,Cleveland Cavaliers,CLE,1980-81,1984-85,2
smithro01,Robert Smith,MIL,Milwaukee Bucks,MIL,1981-82,1981-82,1
smithro01,Robert Smith,LAC,LA Clippers,SDC,1982-83,1982-83,1
smithro01,Robert Smith,SAS,San Antonio Spurs,SAS,1982-83,1982-83,1
hoodro01,Rodney Hood,UTA,Utah Jazz,UTA,2014-15,2017-18,4
hoodro01,Rodney Hood,CLE,Cleveland Cavaliers,CLE,2017-18,2018-19,2
hoodro01,Rodney Hood,POR,Portland Trail Blazers,POR,2018-19,2020-21,3
hoodro01,Rodney Hood,TOR,Toronto Raptors,TOR,2020-21,2020-21,1
hoodro01,Rodney Hood,MIL,Milwaukee Bucks,MIL,2021-22,2021-22,1
hoodro01,Rodney Hood,LAC,LA Clippers,LAC,2021-22,2021-22,1
brewero01,Ron Brewer,POR,Portland Trail Blazers,POR,1979-80,1980-81,2
brewero01,Ron Brewer,SAS,San Antonio Spurs,SAS,1980-81,1984-85,4
brewero01,Ron Brewer,CLE,Cleveland Cavaliers,CLE,1981-82,1985-86,3
brewero01,Ron Brewer,GSW,Golden State Warriors,GSW,1982-83,1983-84,2
brewero01,Ron Brewer,BKN,Brooklyn Nets,NJN,1984-85,1984-85,1
brewero01,Ron Brewer,CHI,Chicago Bulls,CHI,1985-86,1985-86,1
brewero02,Ronnie Brewer,UTA,Utah Jazz,UTA,2006-07,2009-10,4
brewero02,Ronnie Brewer,MEM,Memphis Grizzlies,MEM,2009-10,2009-10,1
brewero02,Ronnie Brewer,CHI,Chicago Bulls,CHI,2010-11,2013-14,3
brewero02,Ronnie Brewer,NYK,New York Knicks,NYK,2012-13,2012-13,1
brewero02,Ronnie Brewer,OKC,Oklahoma City Thunder,OKC,2012-13,2012-13,1
brewero02,Ronnie Brewer,HOU,Houston Rockets,HOU,2013-14,2013-14,1
pricero01,Ronnie Price,SAC,Sacramento Kings,SAC,2005-06,2006-07,2
pricero01,Ronnie Price,UTA,Utah Jazz,UTA,2007-08,2010-11,4
pricero01,Ronnie Price,PHX,Phoenix Suns,PHO,2011-12,2016-17,3
pricero01,Ronnie Price,POR,Portland Trail Blazers,POR,2012-13,2012-13,1
pricero01,Ronnie Price,ORL,Orlando Magic,ORL,2013-14,2013-14,1
pricero01,Ronnie Price,LAL,Los Angeles Lakers,LAL,2014-15,2014-15,1
patteru01,Ruben Patterson,LAL,Los Angeles Lakers,LAL,1998-99,1998-99,1
patteru01,Ruben Patterson,OKC,Oklahoma City Thunder,SEA,1999-00,2000-01,2
patteru01,Ruben Patterson,POR,Portland Trail Blazers,POR,2001-02,2005-06,5
patteru01,Ruben Patterson,DEN,Denver Nuggets,DEN,2005-06,2005-06,1
patteru01,Ruben Patterson,MIL,Milwaukee Bucks,MIL,2006-07,2006-07,1
patteru01,Ruben Patterson,LAC,LA Clippers,LAC,2007-08,2007-08,1
robinru01,Rumeal Robinson,ATL,Atlanta Hawks,ATL,1990-91,1991-92,2
robinru01,Rumeal Robinson,BKN,Brooklyn Nets,NJN,1992-93,1993-94,2
robinru01,Rumeal Robinson,CHA,Charlotte Hornets,CHH,1993-94,1993-94,1
robinru01,Rumeal Robinson,POR,Portland Trail Blazers,POR,1995-96,1996-97,2
robinru01,Rumeal Robinson,LAL,Los Angeles Lakers,LAL,1996-97,1996-97,1
robinru01,Rumeal Robinson,PHX,Phoenix Suns,PHO,1996-97,1996-97,1
anderry01,Ryan Anderson,BKN,Brooklyn Nets,NJN,2008-09,2008-09,1
anderry01,Ryan Anderson,ORL,Orlando Magic,ORL,2009-10,2011-12,3
anderry01,Ryan Anderson,NOP,New Orleans Pelicans,"NOH,NOP",2012-13,2015-16,4
anderry01,Ryan Anderson,HOU,Houston Rockets,HOU,2016-17,2019-20,3
anderry01,Ryan Anderson,PHX,Phoenix Suns,PHO,2018-19,2018-19,1
anderry01,Ryan Anderson,MIA,Miami Heat,MIA,2018-19,2018-19,1
walkesa01,Samaki Walker,DAL,Dallas Mavericks,DAL,1996-97,1998-99,3
walkesa01,Samaki Walker,SAS,San Antonio Spurs,SAS,1999-00,2000-01,2
walkesa01,Samaki Walker,LAL,Los Angeles Lakers,LAL,2001-02,2002-03,2
walkesa01,Samaki Walker,MIA,Miami Heat,MIA,2003-04,2003-04,1
walkesa01,Samaki Walker,WAS,Washington Wizards,WAS,2004-05,2004-05,1
walkesa01,Samaki Walker,IND,Indiana Pacers,IND,2005-06,2005-06,1
dalemsa01,Samuel Dalembert,PHI,Philadelphia 76ers,PHI,2001-02,2009-10,8
dalemsa01,Samuel Dalembert,SAC,Sacramento Kings,SAC,2010-11,2010-11,1
dalemsa01,Samuel Dalembert,HOU,Houston Rockets,HOU,2011-12,2011-12,1
dalemsa01,Samuel Dalembert,MIL,Milwaukee Bucks,MIL,2012-13,2012-13,1
dalemsa01,Samuel Dalembert,DAL,Dallas Mavericks,DAL,2013-14,2013-14,1
dalemsa01,Samuel Dalembert,NYK,New York Knicks,NYK,2014-15,2014-15,1
brooksc01,Scott Brooks,PHI,Philadelphia 76ers,PHI,1988-89,1989-90,2
brooksc01,Scott Brooks,MIN,Minnesota Timberwolves,MIN,1990-91,1991-92,2
brooksc01,Scott Brooks,HOU,Houston Rockets,HOU,1992-93,1994-95,3
brooksc01,Scott Brooks,DAL,Dallas Mavericks,DAL,1994-95,1995-96,2
brooksc01,Scott Brooks,NYK,New York Knicks,NYK,1996-97,1996-97,1
brooksc01,Scott Brooks,CLE,Cleveland Cavaliers,CLE,1997-98,1997-98,1
higgise01,Sean Higgins,SAS,San Antonio Spurs,SAS,1990-91,1991-92,2
higgise01,Sean Higgins,ORL,Orlando Magic,ORL,1991-92,1991-92,1
higgise01,Sean Higgins,GSW,Golden State Warriors,GSW,1992-93,1992-93,1
higgise01,Sean Higgins,BKN,Brooklyn Nets,NJN,1994-95,1994-95,1
higgise01,Sean Higgins,PHI,Philadelphia 76ers,PHI,1995-96,1995-96,1
higgise01,Sean Higgins,POR,Portland Trail Blazers,POR,1997-98,1997-98,1
kilpase01,Sean Kilpatrick,MIN,Minnesota Timberwolves,MIN,2014-15,2014-15,1
kilpase01,Sean Kilpatrick,DEN,Denver Nuggets,DEN,2015-16,2015-16,1
kilpase01,Sean Kilpatrick,BKN,Brooklyn Nets,BRK,2015-16,2017-18,3
kilpase01,Sean Kilpatrick,MIL,Milwaukee Bucks,MIL,2017-18,2017-18,1
kilpase01,Sean Kilpatrick,LAC,LA Clippers,LAC,2017-18,2017-18,1
kilpase01,Sean Kilpatrick,CHI,Chicago Bulls,CHI,2017-18,2017-18,1
marksse01,Sean Marks,TOR,Toronto Raptors,TOR,1998-99,1999-00,2
marksse01,Sean Marks,MIA,Miami Heat,MIA,2001-02,2002-03,2
marksse01,Sean Marks,SAS,San Antonio Spurs,SAS,2004-05,2005-06,2
marksse01,Sean Marks,PHX,Phoenix Suns,PHO,2006-07,2007-08,2
marksse01,Sean Marks,NOP,New Orleans Pelicans,NOH,2008-09,2009-10,2
marksse01,Sean Marks,POR,Portland Trail Blazers,POR,2010-11,2010-11,1
toneyse01,Sedric Toney,ATL,Atlanta Hawks,ATL,1985-86,1989-90,2
toneyse01,Sedric Toney,PHX,Phoenix Suns,PHO,1985-86,1985-86,1
toneyse01,Sedric Toney,NYK,New York Knicks,NYK,1987-88,1987-88,1
toneyse01,Sedric Toney,IND,Indiana Pacers,IND,1988-89,1988-89,1
toneyse01,Sedric Toney,SAC,Sacramento Kings,SAC,1989-90,1989-90,1
toneyse01,Sedric Toney,CLE,Cleveland Cavaliers,CLE,1993-94,1993-94,1
napiesh01,Shabazz Napier,MIA,Miami Heat,MIA,2014-15,2014-15,1
napiesh01,Shabazz Napier,ORL,Orlando Magic,ORL,2015-16,2015-16,1
napiesh01,Shabazz Napier,POR,Portland Trail Blazers,POR,2016-17,2017-18,2
napiesh01,Shabazz Napier,BKN,Brooklyn Nets,BRK,2018-19,2018-19,1
napiesh01,Shabazz Napier,MIN,Minnesota Timberwolves,MIN,2019-20,2019-20,1
napiesh01,Shabazz Napier,WAS,Washington Wizards,WAS,2019-20,2019-20,1
miltosh01,Shake Milton,PHI,Philadelphia 76ers,PHI,2018-19,2022-23,5
miltosh01,Shake Milton,MIN,Minnesota Timberwolves,MIN,2023-24,2023-24,1
miltosh01,Shake Milton,DET,Detroit Pistons,DET,2023-24,2023-24,1
miltosh01,Shake Milton,NYK,New York Knicks,NYK,2023-24,2023-24,1
miltosh01,Shake Milton,BKN,Brooklyn Nets,BRK,2024-25,2024-25,1
miltosh01,Shake Milton,LAL,Los Angeles Lakers,LAL,2024-25,2024-25,1
onealsh01,Shaquille O'Neal,ORL,Orlando Magic,ORL,1992-93,1995-96,4
onealsh01,Shaquille O'Neal,LAL,Los Angeles Lakers,LAL,1996-97,2003-04,8
onealsh01,Shaquille O'Neal,MIA,Miami Heat,MIA,2004-05,2007-08,4
onealsh01,Shaquille O'Neal,PHX,Phoenix Suns,PHO,2007-08,2008-09,2
onealsh01,Shaquille O'Neal,CLE,Cleveland Cavaliers,CLE,2009-10,2009-10,1
onealsh01,Shaquille O'Neal,BOS,Boston Celtics,BOS,2010-11,2010-11,1
greensi02,Sidney Green,CHI,Chicago Bulls,CHI,1983-84,1985-86,3
greensi02,Sidney Green,DET,Detroit Pistons,DET,1986-87,1986-87,1
greensi02,Sidney Green,NYK,New York Knicks,NYK,1987-88,1988-89,2
greensi02,Sidney Green,ORL,Orlando Magic,ORL,1989-90,1989-90,1
greensi02,Sidney Green,SAS,San Antonio Spurs,SAS,1990-91,1992-93,3
greensi02,Sidney Green,CHA,Charlotte Hornets,CHH,1992-93,1992-93,1
parkesm01,Smush Parker,CLE,Cleveland Cavaliers,CLE,2002-03,2002-03,1
parkesm01,Smush Parker,DET,Detroit Pistons,DET,2004-05,2004-05,1
parkesm01,Smush Parker,PHX,Phoenix Suns,PHO,2004-05,2004-05,1
parkesm01,Smush Parker,LAL,Los Angeles Lakers,LAL,2005-06,2006-07,2
parkesm01,Smush Parker,MIA,Miami Heat,MIA,2007-08,2007-08,1
parkesm01,Smush Parker,LAC,LA Clippers,LAC,2007-08,2007-08,1
jonesso01,Solomon Jones,ATL,Atlanta Hawks,ATL,2006-07,2008-09,3
jonesso01,Solomon Jones,IND,Indiana Pacers,IND,2009-10,2010-11,2
jonesso01,Solomon Jones,LAC,LA Clippers,LAC,2011-12,2011-12,1
jonesso01,Solomon Jones,NOP,New Orleans Pelicans,NOH,2011-12,2011-12,1
jonesso01,Solomon Jones,NYK,New York Knicks,NYK,2012-13,2012-13,1
jonesso01,Solomon Jones,ORL,Orlando Magic,ORL,2013-14,2013-14,1
hawessp01,Spencer Hawes,SAC,Sacramento Kings,SAC,2007-08,2009-10,3
hawessp01,Spencer Hawes,PHI,Philadelphia 76ers,PHI,2010-11,2013-14,4
hawessp01,Spencer Hawes,CLE,Cleveland Cavaliers,CLE,2013-14,2013-14,1
hawessp01,Spencer Hawes,LAC,LA Clippers,LAC,2014-15,2014-15,1
hawessp01,Spencer Hawes,CHA,Charlotte Hornets,CHO,2015-16,2016-17,2
hawessp01,Spencer Hawes,MIL,Milwaukee Bucks,MIL,2016-17,2016-17,1
augmost01,Stacey Augmon,ATL,Atlanta Hawks,ATL,1991-92,1995-96,5
augmost01,Stacey Augmon,DET,Detroit Pistons,DET,1996-97,1996-97,1
augmost01,Stacey Augmon,POR,Portland Trail Blazers,POR,1996-97,2000-01,5
augmost01,Stacey Augmon,CHA,Charlotte Hornets,CHH,2001-02,2001-02,1
augmost01,Stacey Augmon,NOP,New Orleans Pelicans,NOH,2002-03,2003-04,2
augmost01,Stacey Augmon,ORL,Orlando Magic,ORL,2004-05,2005-06,2
coltest01,Steve Colter,POR,Portland Trail Blazers,POR,1984-85,1985-86,2
coltest01,Steve Colter,CHI,Chicago Bulls,CHI,1986-87,1986-87,1
coltest01,Steve Colter,PHI,Philadelphia 76ers,PHI,1986-87,1987-88,2
coltest01,Steve Colter,WAS,Washington Wizards,WSB,1987-88,1989-90,3
coltest01,Steve Colter,SAC,Sacramento Kings,SAC,1990-91,1990-91,1
coltest01,Steve Colter,CLE,Cleveland Cavaliers,CLE,1994-95,1994-95,1
hayesst01,Steve Hayes,SAS,San Antonio Spurs,SAS,1981-82,1981-82,1
hayesst01,Steve Hayes,DET,Detroit Pistons,DET,1981-82,1981-82,1
hayesst01,Steve Hayes,CLE,Cleveland Cavaliers,CLE,1982-83,1982-83,1
hayesst01,Steve Hayes,OKC,Oklahoma City Thunder,SEA,1983-84,1983-84,1
hayesst01,Steve Hayes,PHI,Philadelphia 76ers,PHI,1984-85,1984-85,1
hayesst01,Steve Hayes,UTA,Utah Jazz,UTA,1985-86,1985-86,1
kerrst01,Steve Kerr,PHX,Phoenix Suns,PHO,1988-89,1988-89,1
kerrst01,Steve Kerr,CLE,Cleveland Cavaliers,CLE,1989-90,1992-93,4
kerrst01,Steve Kerr,ORL,Orlando Magic,ORL,1992-93,1992-93,1
kerrst01,Steve Kerr,CHI,Chicago Bulls,CHI,1993-94,1997-98,5
kerrst01,Steve Kerr,SAS,San Antonio Spurs,SAS,1998-99,2002-03,4
kerrst01,Steve Kerr,POR,Portland Trail Blazers,POR,2001-02,2001-02,1
smithst01,Steve Smith,MIA,Miami Heat,MIA,1991-92,2004-05,5
smithst01,Steve Smith,ATL,Atlanta Hawks,ATL,1994-95,1998-99,5
smithst01,Steve Smith,POR,Portland Trail Blazers,POR,1999-00,2000-01,2
smithst01,Steve Smith,SAS,San Antonio Spurs,SAS,2001-02,2002-03,2
smithst01,Steve Smith,NOP,New Orleans Pelicans,NOH,2003-04,2003-04,1
smithst01,Steve Smith,CHA,Charlotte Hornets,CHA,2004-05,2004-05,1
princta02,Taurean Prince,ATL,Atlanta Hawks,ATL,2016-17,2018-19,3
princta02,Taurean Prince,BKN,Brooklyn Nets,BRK,2019-20,2020-21,2
princta02,Taurean Prince,CLE,Cleveland Cavaliers,CLE,2020-21,2020-21,1
princta02,Taurean Prince,MIN,Minnesota Timberwolves,MIN,2021-22,2022-23,2
princta02,Taurean Prince,LAL,Los Angeles Lakers,LAL,2023-24,2023-24,1
princta02,Taurean Prince,MIL,Milwaukee Bucks,MIL,2024-25,2025-26,2
bryanth01,Thomas Bryant,LAL,Los Angeles Lakers,LAL,2017-18,2022-23,2
bryanth01,Thomas Bryant,WAS,Washington Wizards,WAS,2018-19,2021-22,4
bryanth01,Thomas Bryant,DEN,Denver Nuggets,DEN,2022-23,2022-23,1
bryanth01,Thomas Bryant,MIA,Miami Heat,MIA,2023-24,2024-25,2
bryanth01,Thomas Bryant,IND,Indiana Pacers,IND,2024-25,2024-25,1
bryanth01,Thomas Bryant,CLE,Cleveland Cavaliers,CLE,2025-26,2025-26,1
robinth01,Thomas Robinson,SAC,Sacramento Kings,SAC,2012-13,2012-13,1
robinth01,Thomas Robinson,HOU,Houston Rockets,HOU,2012-13,2012-13,1
robinth01,Thomas Robinson,POR,Portland Trail Blazers,POR,2013-14,2014-15,2
robinth01,Thomas Robinson,PHI,Philadelphia 76ers,PHI,2014-15,2014-15,1
robinth01,Thomas Robinson,BKN,Brooklyn Nets,BRK,2015-16,2015-16,1
robinth01,Thomas Robinson,LAL,Los Angeles Lakers,LAL,2016-17,2016-17,1
legleti01,Tim Legler,PHX,Phoenix Suns,PHO,1989-90,1989-90,1
legleti01,Tim Legler,DEN,Denver Nuggets,DEN,1990-91,1990-91,1
legleti01,Tim Legler,UTA,Utah Jazz,UTA,1992-93,1992-93,1
legleti01,Tim Legler,DAL,Dallas Mavericks,DAL,1992-93,1993-94,2
legleti01,Tim Legler,GSW,Golden State Warriors,GSW,1994-95,1999-00,2
legleti01,Tim Legler,WAS,Washington Wizards,"WAS,WSB",1995-96,1998-99,4
mccorti01,Tim McCormick,OKC,Oklahoma City Thunder,SEA,1984-85,1985-86,2
mccorti01,Tim McCormick,PHI,Philadelphia 76ers,PHI,1986-87,1987-88,2
mccorti01,Tim McCormick,BKN,Brooklyn Nets,NJN,1987-88,1987-88,1
mccorti01,Tim McCormick,HOU,Houston Rockets,HOU,1988-89,1989-90,2
mccorti01,Tim McCormick,ATL,Atlanta Hawks,ATL,1990-91,1990-91,1
mccorti01,Tim McCormick,NYK,New York Knicks,NYK,1991-92,1991-92,1
chambto01,Tom Chambers,LAC,LA Clippers,SDC,1981-82,1982-83,2
chambto01,Tom Chambers,OKC,Oklahoma City Thunder,SEA,1983-84,1987-88,5
chambto01,Tom Chambers,PHX,Phoenix Suns,PHO,1988-89,1992-93,5
chambto01,Tom Chambers,UTA,Utah Jazz,UTA,1993-94,1994-95,2
chambto01,Tom Chambers,CHA,Charlotte Hornets,CHH,1996-97,1996-97,1
chambto01,Tom Chambers,PHI,Philadelphia 76ers,PHI,1997-98,1997-98,1
battito01,Tony Battie,DEN,Denver Nuggets,DEN,1997-98,1997-98,1
battito01,Tony Battie,BOS,Boston Celtics,BOS,1998-99,2003-04,6
battito01,Tony Battie,CLE,Cleveland Cavaliers,CLE,2003-04,2003-04,1
battito01,Tony Battie,ORL,Orlando Magic,ORL,2004-05,2008-09,4
battito01,Tony Battie,BKN,Brooklyn Nets,NJN,2009-10,2009-10,1
battito01,Tony Battie,PHI,Philadelphia 76ers,PHI,2010-11,2011-12,2
bradlto01,Tony Bradley,UTA,Utah Jazz,UTA,2017-18,2019-20,3
bradlto01,Tony Bradley,PHI,Philadelphia 76ers,PHI,2020-21,2020-21,1
bradlto01,Tony Bradley,OKC,Oklahoma City Thunder,OKC,2020-21,2020-21,1
bradlto01,Tony Bradley,CHI,Chicago Bulls,CHI,2021-22,2022-23,2
bradlto01,Tony Bradley,IND,Indiana Pacers,IND,2024-25,2025-26,2
bradlto01,Tony Bradley,ATL,Atlanta Hawks,ATL,2025-26,2025-26,1
campbto01,Tony Campbell,DET,Detroit Pistons,DET,1984-85,1986-87,3
campbto01,Tony Campbell,LAL,Los Angeles Lakers,LAL,1987-88,1988-89,2
campbto01,Tony Campbell,MIN,Minnesota Timberwolves,MIN,1989-90,1991-92,3
campbto01,Tony Campbell,NYK,New York Knicks,NYK,1992-93,1993-94,2
campbto01,Tony Campbell,DAL,Dallas Mavericks,DAL,1993-94,1993-94,1
campbto01,Tony Campbell,CLE,Cleveland Cavaliers,CLE,1994-95,1994-95,1
smithto02,Tony Smith,LAL,Los Angeles Lakers,LAL,1990-91,1994-95,5
smithto02,Tony Smith,PHX,Phoenix Suns,PHO,1995-96,1995-96,1
smithto02,Tony Smith,MIA,Miami Heat,MIA,1995-96,1995-96,1
smithto02,Tony Smith,CHA,Charlotte Hornets,CHH,1996-97,1996-97,1
smithto02,Tony Smith,MIL,Milwaukee Bucks,MIL,1997-98,1997-98,1
smithto02,Tony Smith,ATL,Atlanta Hawks,ATL,2000-01,2000-01,1
snellto01,Tony Snell,CHI,Chicago Bulls,CHI,2013-14,2015-16,3
snellto01,Tony Snell,MIL,Milwaukee Bucks,MIL,2016-17,2018-19,3
snellto01,Tony Snell,DET,Detroit Pistons,DET,2019-20,2019-20,1
snellto01,Tony Snell,ATL,Atlanta Hawks,ATL,2020-21,2020-21,1
snellto01,Tony Snell,POR,Portland Trail Blazers,POR,2021-22,2021-22,1
snellto01,Tony Snell,NOP,New Orleans Pelicans,NOP,2021-22,2021-22,1
craigto01,Torrey Craig,DEN,Denver Nuggets,DEN,2017-18,2019-20,3
craigto01,Torrey Craig,MIL,Milwaukee Bucks,MIL,2020-21,2020-21,1
craigto01,Torrey Craig,PHX,Phoenix Suns,PHO,2020-21,2022-23,3
craigto01,Torrey Craig,IND,Indiana Pacers,IND,2021-22,2021-22,1
craigto01,Torrey Craig,CHI,Chicago Bulls,CHI,2023-24,2024-25,2
craigto01,Torrey Craig,BOS,Boston Celtics,BOS,2024-25,2024-25,1
mcgratr01,Tracy McGrady,TOR,Toronto Raptors,TOR,1997-98,1999-00,3
mcgratr01,Tracy McGrady,ORL,Orlando Magic,ORL,2000-01,2003-04,4
mcgratr01,Tracy McGrady,HOU,Houston Rockets,HOU,2004-05,2009-10,6
mcgratr01,Tracy McGrady,NYK,New York Knicks,NYK,2009-10,2009-10,1
mcgratr01,Tracy McGrady,DET,Detroit Pistons,DET,2010-11,2010-11,1
mcgratr01,Tracy McGrady,ATL,Atlanta Hawks,ATL,2011-12,2011-12,1
murratr01,Tracy Murray,POR,Portland Trail Blazers,POR,1992-93,2003-04,4
murratr01,Tracy Murray,HOU,Houston Rockets,HOU,1994-95,1994-95,1
murratr01,Tracy Murray,TOR,Toronto Raptors,TOR,1995-96,2001-02,3
murratr01,Tracy Murray,WAS,Washington Wizards,"WAS,WSB",1996-97,1999-00,4
murratr01,Tracy Murray,DEN,Denver Nuggets,DEN,2000-01,2000-01,1
murratr01,Tracy Murray,LAL,Los Angeles Lakers,LAL,2002-03,2002-03,1
murphtr01,Troy Murphy,GSW,Golden State Warriors,GSW,2001-02,2006-07,6
murphtr01,Troy Murphy,IND,Indiana Pacers,IND,2006-07,2009-10,4
murphtr01,Troy Murphy,BKN,Brooklyn Nets,NJN,2010-11,2010-11,1
murphtr01,Troy Murphy,BOS,Boston Celtics,BOS,2010-11,2010-11,1
murphtr01,Troy Murphy,LAL,Los Angeles Lakers,LAL,2011-12,2011-12,1
murphtr01,Troy Murphy,DAL,Dallas Mavericks,DAL,2012-13,2012-13,1
bakervi01,Vin Baker,MIL,Milwaukee Bucks,MIL,1993-94,1996-97,4
bakervi01,Vin Baker,OKC,Oklahoma City Thunder,SEA,1997-98,2001-02,5
bakervi01,Vin Baker,BOS,Boston Celtics,BOS,2002-03,2003-04,2
bakervi01,Vin Baker,NYK,New York Knicks,NYK,2003-04,2004-05,2
bakervi01,Vin Baker,HOU,Houston Rockets,HOU,2004-05,2004-05,1
bakervi01,Vin Baker,LAC,LA Clippers,LAC,2005-06,2005-06,1
williwa02,Walt Williams,SAC,Sacramento Kings,SAC,1992-93,1995-96,4
williwa02,Walt Williams,MIA,Miami Heat,MIA,1995-96,1995-96,1
williwa02,Walt Williams,TOR,Toronto Raptors,TOR,1996-97,1997-98,2
williwa02,Walt Williams,POR,Portland Trail Blazers,POR,1997-98,1998-99,2
williwa02,Walt Williams,HOU,Houston Rockets,HOU,1999-00,2001-02,3
williwa02,Walt Williams,DAL,Dallas Mavericks,DAL,2002-03,2002-03,1
matthwe01,Wes Matthews,WAS,Washington Wizards,WSB,1980-81,1980-81,1
matthwe01,Wes Matthews,ATL,Atlanta Hawks,ATL,1980-81,1989-90,5
matthwe01,Wes Matthews,PHI,Philadelphia 76ers,PHI,1983-84,1983-84,1
matthwe01,Wes Matthews,CHI,Chicago Bulls,CHI,1984-85,1984-85,1
matthwe01,Wes Matthews,SAS,San Antonio Spurs,SAS,1985-86,1985-86,1
matthwe01,Wes Matthews,LAL,Los Angeles Lakers,LAL,1986-87,1987-88,2
johnswe01,Wesley Johnson,MIN,Minnesota Timberwolves,MIN,2010-11,2011-12,2
johnswe01,Wesley Johnson,PHX,Phoenix Suns,PHO,2012-13,2012-13,1
johnswe01,Wesley Johnson,LAL,Los Angeles Lakers,LAL,2013-14,2014-15,2
johnswe01,Wesley Johnson,LAC,LA Clippers,LAC,2015-16,2017-18,3
johnswe01,Wesley Johnson,NOP,New Orleans Pelicans,NOP,2018-19,2018-19,1
johnswe01,Wesley Johnson,WAS,Washington Wizards,WAS,2018-19,2018-19,1
pachuza01,Zaza Pachulia,ORL,Orlando Magic,ORL,2003-04,2003-04,1
pachuza01,Zaza Pachulia,MIL,Milwaukee Bucks,MIL,2004-05,2014-15,3
pachuza01,Zaza Pachulia,ATL,Atlanta Hawks,ATL,2005-06,2012-13,8
pachuza01,Zaza Pachulia,DAL,Dallas Mavericks,DAL,2015-16,2015-16,1
pachuza01,Zaza Pachulia,GSW,Golden State Warriors,GSW,2016-17,2017-18,2
pachuza01,Zaza Pachulia,DET,Detroit Pistons,DET,2018-19,2018-19,1
hamilze01,Zendon Hamilton,LAC,LA Clippers,LAC,2000-01,2000-01,1
hamilze01,Zendon Hamilton,DEN,Denver Nuggets,DEN,2001-02,2001-02,1
hamilze01,Zendon Hamilton,TOR,Toronto Raptors,TOR,2002-03,2002-03,1
hamilze01,Zendon Hamilton,PHI,Philadelphia 76ers,PHI,2003-04,2005-06,2
hamilze01,Zendon Hamilton,MIL,Milwaukee Bucks,MIL,2004-05,2004-05,1
hamilze01,Zendon Hamilton,CLE,Cleveland Cavaliers,CLE,2005-06,2005-06,1
priceaj01,A.J. Price,IND,Indiana Pacers,IND,2009-10,2014-15,4
priceaj01,A.J. Price,WAS,Washington Wizards,WAS,2012-13,2012-13,1
priceaj01,A.J. Price,MIN,Minnesota Timberwolves,MIN,2013-14,2013-14,1
priceaj01,A.J. Price,CLE,Cleveland Cavaliers,CLE,2014-15,2014-15,1
priceaj01,A.J. Price,PHX,Phoenix Suns,PHO,2014-15,2014-15,1
holidaa01,Aaron Holiday,IND,Indiana Pacers,IND,2018-19,2020-21,3
holidaa01,Aaron Holiday,WAS,Washington Wizards,WAS,2021-22,2021-22,1
holidaa01,Aaron Holiday,PHX,Phoenix Suns,PHO,2021-22,2021-22,1
holidaa01,Aaron Holiday,ATL,Atlanta Hawks,ATL,2022-23,2022-23,1
holidaa01,Aaron Holiday,HOU,Houston Rockets,HOU,2023-24,2025-26,3
lawac01,Acie Law,ATL,Atlanta Hawks,ATL,2007-08,2008-09,2
lawac01,Acie Law,GSW,Golden State Warriors,GSW,2009-10,2010-11,2
lawac01,Acie Law,CHA,Charlotte Hornets,CHA,2009-10,2009-10,1
lawac01,Acie Law,CHI,Chicago Bulls,CHI,2009-10,2009-10,1
lawac01,Acie Law,MEM,Memphis Grizzlies,MEM,2010-11,2010-11,1
caldwad01,Adrian Caldwell,HOU,Houston Rockets,HOU,1989-90,1994-95,3
caldwad01,Adrian Caldwell,IND,Indiana Pacers,IND,1995-96,1995-96,1
caldwad01,Adrian Caldwell,BKN,Brooklyn Nets,NJN,1996-97,1996-97,1
caldwad01,Adrian Caldwell,PHI,Philadelphia 76ers,PHI,1996-97,1996-97,1
caldwad01,Adrian Caldwell,DAL,Dallas Mavericks,DAL,1997-98,1997-98,1
griffad01,Adrian Griffin,BOS,Boston Celtics,BOS,1999-00,2000-01,2
griffad01,Adrian Griffin,DAL,Dallas Mavericks,DAL,2001-02,2005-06,3
griffad01,Adrian Griffin,HOU,Houston Rockets,HOU,2003-04,2003-04,1
griffad01,Adrian Griffin,CHI,Chicago Bulls,CHI,2004-05,2007-08,3
griffad01,Adrian Griffin,OKC,Oklahoma City Thunder,SEA,2007-08,2007-08,1
horfoal01,Al Horford,ATL,Atlanta Hawks,ATL,2007-08,2015-16,9
horfoal01,Al Horford,BOS,Boston Celtics,BOS,2016-17,2024-25,7
horfoal01,Al Horford,PHI,Philadelphia 76ers,PHI,2019-20,2019-20,1
horfoal01,Al Horford,OKC,Oklahoma City Thunder,OKC,2020-21,2020-21,1
horfoal01,Al Horford,GSW,Golden State Warriors,GSW,2025-26,2025-26,1
jeffeal01,Al Jefferson,BOS,Boston Celtics,BOS,2004-05,2006-07,3
jeffeal01,Al Jefferson,MIN,Minnesota Timberwolves,MIN,2007-08,2009-10,3
jeffeal01,Al Jefferson,UTA,Utah Jazz,UTA,2010-11,2012-13,3
jeffeal01,Al Jefferson,CHA,Charlotte Hornets,"CHA,CHO",2013-14,2015-16,3
jeffeal01,Al Jefferson,IND,Indiana Pacers,IND,2016-17,2017-18,2
abdelal01,Alaa Abdelnaby,POR,Portland Trail Blazers,POR,1990-91,1991-92,2
abdelal01,Alaa Abdelnaby,MIL,Milwaukee Bucks,MIL,1992-93,1992-93,1
abdelal01,Alaa Abdelnaby,BOS,Boston Celtics,BOS,1992-93,1993-94,2
abdelal01,Alaa Abdelnaby,SAC,Sacramento Kings,SAC,1994-95,1994-95,1
abdelal01,Alaa Abdelnaby,PHI,Philadelphia 76ers,PHI,1994-95,1994-95,1
anderal01,Alan Anderson,CHA,Charlotte Hornets,CHA,2005-06,2006-07,2
anderal01,Alan Anderson,TOR,Toronto Raptors,TOR,2011-12,2012-13,2
anderal01,Alan Anderson,BKN,Brooklyn Nets,BRK,2013-14,2014-15,2
anderal01,Alan Anderson,WAS,Washington Wizards,WAS,2015-16,2015-16,1
anderal01,Alan Anderson,LAC,LA Clippers,LAC,2016-17,2016-17,1
stivral01,Alex Stivrins,OKC,Oklahoma City Thunder,SEA,1985-86,1985-86,1
stivral01,Alex Stivrins,PHX,Phoenix Suns,PHO,1992-93,1992-93,1
stivral01,Alex Stivrins,LAC,LA Clippers,LAC,1992-93,1992-93,1
stivral01,Alex Stivrins,MIL,Milwaukee Bucks,MIL,1992-93,1992-93,1
stivral01,Alex Stivrins,ATL,Atlanta Hawks,ATL,1992-93,1992-93,1
mckinal01,Alfonzo McKinnie,TOR,Toronto Raptors,TOR,2017-18,2017-18,1
mckinal01,Alfonzo McKinnie,GSW,Golden State Warriors,GSW,2018-19,2018-19,1
mckinal01,Alfonzo McKinnie,CLE,Cleveland Cavaliers,CLE,2019-20,2019-20,1
mckinal01,Alfonzo McKinnie,LAL,Los Angeles Lakers,LAL,2020-21,2020-21,1
mckinal01,Alfonzo McKinnie,CHI,Chicago Bulls,CHI,2021-22,2021-22,1
listeal01,Alton Lister,MIL,Milwaukee Bucks,MIL,1981-82,1995-96,7
listeal01,Alton Lister,OKC,Oklahoma City Thunder,SEA,1986-87,1988-89,3
listeal01,Alton Lister,GSW,Golden State Warriors,GSW,1989-90,1992-93,4
listeal01,Alton Lister,BOS,Boston Celtics,BOS,1995-96,1996-97,2
listeal01,Alton Lister,POR,Portland Trail Blazers,POR,1997-98,1997-98,1
bogutan01,Andrew Bogut,MIL,Milwaukee Bucks,MIL,2005-06,2011-12,7
bogutan01,Andrew Bogut,GSW,Golden State Warriors,GSW,2012-13,2018-19,5
bogutan01,Andrew Bogut,DAL,Dallas Mavericks,DAL,2016-17,2016-17,1
bogutan01,Andrew Bogut,CLE,Cleveland Cavaliers,CLE,2016-17,2016-17,1
bogutan01,Andrew Bogut,LAL,Los Angeles Lakers,LAL,2017-18,2017-18,1
aventan01,Anthony Avent,MIL,Milwaukee Bucks,MIL,1992-93,1993-94,2
aventan01,Anthony Avent,ORL,Orlando Magic,ORL,1993-94,1994-95,2
aventan01,Anthony Avent,MEM,Memphis Grizzlies,VAN,1995-96,1995-96,1
aventan01,Anthony Avent,UTA,Utah Jazz,UTA,1998-99,1998-99,1
aventan01,Anthony Avent,LAC,LA Clippers,LAC,1999-00,1999-00,1
peelean01,Anthony Peeler,LAL,Los Angeles Lakers,LAL,1992-93,1995-96,4
peelean01,Anthony Peeler,MEM,Memphis Grizzlies,VAN,1996-97,1997-98,2
peelean01,Anthony Peeler,MIN,Minnesota Timberwolves,MIN,1997-98,2002-03,6
peelean01,Anthony Peeler,SAC,Sacramento Kings,SAC,2003-04,2003-04,1
peelean01,Anthony Peeler,WAS,Washington Wizards,WAS,2004-05,2004-05,1
walkean02,Antoine Walker,BOS,Boston Celtics,BOS,1996-97,2004-05,8
walkean02,Antoine Walker,DAL,Dallas Mavericks,DAL,2003-04,2003-04,1
walkean02,Antoine Walker,ATL,Atlanta Hawks,ATL,2004-05,2004-05,1
walkean02,Antoine Walker,MIA,Miami Heat,MIA,2005-06,2006-07,2
walkean02,Antoine Walker,MIN,Minnesota Timberwolves,MIN,2007-08,2007-08,1
langan02,Antonio Lang,PHX,Phoenix Suns,PHO,1994-95,1994-95,1
langan02,Antonio Lang,CLE,Cleveland Cavaliers,CLE,1995-96,1998-99,3
langan02,Antonio Lang,MIA,Miami Heat,MIA,1997-98,1997-98,1
langan02,Antonio Lang,TOR,Toronto Raptors,TOR,1999-00,1999-00,1
langan02,Antonio Lang,PHI,Philadelphia 76ers,PHI,1999-00,1999-00,1
mcdyean01,Antonio McDyess,DEN,Denver Nuggets,DEN,1995-96,2001-02,6
mcdyean01,Antonio McDyess,PHX,Phoenix Suns,PHO,1997-98,2003-04,2
mcdyean01,Antonio McDyess,NYK,New York Knicks,NYK,2003-04,2003-04,1
mcdyean01,Antonio McDyess,DET,Detroit Pistons,DET,2004-05,2008-09,5
mcdyean01,Antonio McDyess,SAS,San Antonio Spurs,SAS,2009-10,2010-11,2
baynear01,Aron Baynes,SAS,San Antonio Spurs,SAS,2012-13,2014-15,3
baynear01,Aron Baynes,DET,Detroit Pistons,DET,2015-16,2016-17,2
baynear01,Aron Baynes,BOS,Boston Celtics,BOS,2017-18,2018-19,2
baynear01,Aron Baynes,PHX,Phoenix Suns,PHO,2019-20,2019-20,1
baynear01,Aron Baynes,TOR,Toronto Raptors,TOR,2020-21,2020-21,1
croshau01,Austin Croshere,IND,Indiana Pacers,IND,1997-98,2005-06,9
croshau01,Austin Croshere,DAL,Dallas Mavericks,DAL,2006-07,2006-07,1
croshau01,Austin Croshere,GSW,Golden State Warriors,GSW,2007-08,2007-08,1
croshau01,Austin Croshere,MIL,Milwaukee Bucks,MIL,2008-09,2008-09,1
croshau01,Austin Croshere,SAS,San Antonio Spurs,SAS,2008-09,2008-09,1
dayeau01,Austin Daye,DET,Detroit Pistons,DET,2009-10,2012-13,4
dayeau01,Austin Daye,MEM,Memphis Grizzlies,MEM,2012-13,2012-13,1
dayeau01,Austin Daye,TOR,Toronto Raptors,TOR,2013-14,2013-14,1
dayeau01,Austin Daye,SAS,San Antonio Spurs,SAS,2013-14,2014-15,2
dayeau01,Austin Daye,ATL,Atlanta Hawks,ATL,2014-15,2014-15,1
mclembe01,Ben McLemore,SAC,Sacramento Kings,SAC,2013-14,2018-19,5
mclembe01,Ben McLemore,MEM,Memphis Grizzlies,MEM,2017-18,2017-18,1
mclembe01,Ben McLemore,HOU,Houston Rockets,HOU,2019-20,2020-21,2
mclembe01,Ben McLemore,LAL,Los Angeles Lakers,LAL,2020-21,2020-21,1
mclembe01,Ben McLemore,POR,Portland Trail Blazers,POR,2021-22,2021-22,1
wallabe01,Ben Wallace,WAS,Washington Wizards,"WAS,WSB",1996-97,1998-99,3
wallabe01,Ben Wallace,ORL,Orlando Magic,ORL,1999-00,1999-00,1
wallabe01,Ben Wallace,DET,Detroit Pistons,DET,2000-01,2011-12,9
wallabe01,Ben Wallace,CHI,Chicago Bulls,CHI,2006-07,2007-08,2
wallabe01,Ben Wallace,CLE,Cleveland Cavaliers,CLE,2007-08,2008-09,2
kingbe01,Bernard King,UTA,Utah Jazz,UTA,1979-80,1979-80,1
kingbe01,Bernard King,GSW,Golden State Warriors,GSW,1980-81,1981-82,2
kingbe01,Bernard King,NYK,New York Knicks,NYK,1982-83,1986-87,4
kingbe01,Bernard King,WAS,Washington Wizards,WSB,1987-88,1990-91,4
kingbe01,Bernard King,BKN,Brooklyn Nets,NJN,1992-93,1992-93,1
curlebi01,Bill Curley,DET,Detroit Pistons,DET,1994-95,1994-95,1
curlebi01,Bill Curley,MIN,Minnesota Timberwolves,MIN,1997-98,1998-99,2
curlebi01,Bill Curley,HOU,Houston Rockets,HOU,1999-00,1999-00,1
curlebi01,Bill Curley,GSW,Golden State Warriors,GSW,1999-00,2000-01,2
curlebi01,Bill Curley,DAL,Dallas Mavericks,DAL,2000-01,2000-01,1
mckinbi01,Billy McKinney,SAC,Sacramento Kings,KCK,1979-80,1979-80,1
mckinbi01,Billy McKinney,UTA,Utah Jazz,UTA,1980-81,1980-81,1
mckinbi01,Billy McKinney,DEN,Denver Nuggets,DEN,1980-81,1982-83,3
mckinbi01,Billy McKinney,LAC,LA Clippers,SDC,1983-84,1983-84,1
mckinbi01,Billy McKinney,CHI,Chicago Bulls,CHI,1985-86,1985-86,1
colesbi01,Bimbo Coles,MIA,Miami Heat,MIA,1990-91,2003-04,7
colesbi01,Bimbo Coles,GSW,Golden State Warriors,GSW,1995-96,1998-99,4
colesbi01,Bimbo Coles,ATL,Atlanta Hawks,ATL,1999-00,1999-00,1
colesbi01,Bimbo Coles,CLE,Cleveland Cavaliers,CLE,2000-01,2002-03,3
colesbi01,Bimbo Coles,BOS,Boston Celtics,BOS,2002-03,2002-03,1
delebi01,Bison Dele,ORL,Orlando Magic,ORL,1991-92,1992-93,2
delebi01,Bison Dele,DEN,Denver Nuggets,DEN,1993-94,1994-95,2
delebi01,Bison Dele,LAC,LA Clippers,LAC,1995-96,1995-96,1
delebi01,Bison Dele,CHI,Chicago Bulls,CHI,1996-97,1996-97,1
delebi01,Bison Dele,DET,Detroit Pistons,DET,1997-98,1998-99,2
edwarbl01,Blue Edwards,UTA,Utah Jazz,UTA,1989-90,1994-95,4
edwarbl01,Blue Edwards,MIL,Milwaukee Bucks,MIL,1992-93,1993-94,2
edwarbl01,Blue Edwards,BOS,Boston Celtics,BOS,1994-95,1994-95,1
edwarbl01,Blue Edwards,MEM,Memphis Grizzlies,VAN,1995-96,1997-98,3
edwarbl01,Blue Edwards,MIA,Miami Heat,MIA,1998-99,1998-99,1
mccanbo01,Bob McCann,DAL,Dallas Mavericks,DAL,1989-90,1989-90,1
mccanbo01,Bob McCann,DET,Detroit Pistons,DET,1991-92,1991-92,1
mccanbo01,Bob McCann,MIN,Minnesota Timberwolves,MIN,1992-93,1992-93,1
mccanbo01,Bob McCann,WAS,Washington Wizards,WSB,1995-96,1995-96,1
mccanbo01,Bob McCann,TOR,Toronto Raptors,TOR,1997-98,1997-98,1
surabo01,Bob Sura,CLE,Cleveland Cavaliers,CLE,1995-96,1999-00,5
surabo01,Bob Sura,GSW,Golden State Warriors,GSW,2000-01,2002-03,3
surabo01,Bob Sura,DET,Detroit Pistons,DET,2003-04,2003-04,1
surabo01,Bob Sura,ATL,Atlanta Hawks,ATL,2003-04,2003-04,1
surabo01,Bob Sura,HOU,Houston Rockets,HOU,2004-05,2004-05,1
thornbo01,Bob Thornton,NYK,New York Knicks,NYK,1985-86,1987-88,3
thornbo01,Bob Thornton,PHI,Philadelphia 76ers,PHI,1987-88,1989-90,3
thornbo01,Bob Thornton,MIN,Minnesota Timberwolves,MIN,1990-91,1990-91,1
thornbo01,Bob Thornton,UTA,Utah Jazz,UTA,1991-92,1991-92,1
thornbo01,Bob Thornton,WAS,Washington Wizards,WSB,1995-96,1995-96,1
brownbo02,Bobby Brown,SAC,Sacramento Kings,SAC,2008-09,2008-09,1
brownbo02,Bobby Brown,MIN,Minnesota Timberwolves,MIN,2008-09,2008-09,1
brownbo02,Bobby Brown,NOP,New Orleans Pelicans,NOH,2009-10,2009-10,1
brownbo02,Bobby Brown,LAC,LA Clippers,LAC,2009-10,2009-10,1
brownbo02,Bobby Brown,HOU,Houston Rockets,HOU,2016-17,2017-18,2
simmobo01,Bobby Simmons,WAS,Washington Wizards,WAS,2001-02,2002-03,2
simmobo01,Bobby Simmons,LAC,LA Clippers,LAC,2003-04,2011-12,3
simmobo01,Bobby Simmons,MIL,Milwaukee Bucks,MIL,2005-06,2007-08,2
simmobo01,Bobby Simmons,BKN,Brooklyn Nets,NJN,2008-09,2009-10,2
simmobo01,Bobby Simmons,SAS,San Antonio Spurs,SAS,2010-11,2010-11,1
wellsbo01,Bonzi Wells,POR,Portland Trail Blazers,POR,1998-99,2003-04,6
wellsbo01,Bonzi Wells,MEM,Memphis Grizzlies,MEM,2003-04,2004-05,2
wellsbo01,Bonzi Wells,SAC,Sacramento Kings,SAC,2005-06,2005-06,1
wellsbo01,Bonzi Wells,HOU,Houston Rockets,HOU,2006-07,2007-08,2
wellsbo01,Bonzi Wells,NOP,New Orleans Pelicans,NOH,2007-08,2007-08,1
diawbo01,Boris Diaw,ATL,Atlanta Hawks,ATL,2003-04,2004-05,2
diawbo01,Boris Diaw,PHX,Phoenix Suns,PHO,2005-06,2008-09,4
diawbo01,Boris Diaw,CHA,Charlotte Hornets,CHA,2008-09,2011-12,4
diawbo01,Boris Diaw,SAS,San Antonio Spurs,SAS,2011-12,2015-16,5
diawbo01,Boris Diaw,UTA,Utah Jazz,UTA,2016-17,2016-17,1
wanambr01,Brad Wanamaker,BOS,Boston Celtics,BOS,2018-19,2019-20,2
wanambr01,Brad Wanamaker,GSW,Golden State Warriors,GSW,2020-21,2020-21,1
wanambr01,Brad Wanamaker,CHA,Charlotte Hornets,CHO,2020-21,2020-21,1
wanambr01,Brad Wanamaker,IND,Indiana Pacers,IND,2021-22,2021-22,1
wanambr01,Brad Wanamaker,WAS,Washington Wizards,WAS,2021-22,2021-22,1
jennibr01,Brandon Jennings,MIL,Milwaukee Bucks,MIL,2009-10,2017-18,5
jennibr01,Brandon Jennings,DET,Detroit Pistons,DET,2013-14,2015-16,3
jennibr01,Brandon Jennings,ORL,Orlando Magic,ORL,2015-16,2015-16,1
jennibr01,Brandon Jennings,NYK,New York Knicks,NYK,2016-17,2016-17,1
jennibr01,Brandon Jennings,WAS,Washington Wizards,WAS,2016-17,2016-17,1
cookbr01,Brian Cook,LAL,Los Angeles Lakers,LAL,2003-04,2007-08,5
cookbr01,Brian Cook,ORL,Orlando Magic,ORL,2007-08,2008-09,2
cookbr01,Brian Cook,HOU,Houston Rockets,HOU,2008-09,2009-10,2
cookbr01,Brian Cook,LAC,LA Clippers,LAC,2010-11,2011-12,2
cookbr01,Brian Cook,WAS,Washington Wizards,WAS,2011-12,2011-12,1
grantbr01,Brian Grant,SAC,Sacramento Kings,SAC,1994-95,1996-97,3
grantbr01,Brian Grant,POR,Portland Trail Blazers,POR,1997-98,1999-00,3
grantbr01,Brian Grant,MIA,Miami Heat,MIA,2000-01,2003-04,4
grantbr01,Brian Grant,LAL,Los Angeles Lakers,LAL,2004-05,2004-05,1
grantbr01,Brian Grant,PHX,Phoenix Suns,PHO,2005-06,2005-06,1
weberbr01,Briante Weber,MEM,Memphis Grizzlies,MEM,2015-16,2017-18,2
weberbr01,Briante Weber,MIA,Miami Heat,MIA,2015-16,2015-16,1
weberbr01,Briante Weber,GSW,Golden State Warriors,GSW,2016-17,2016-17,1
weberbr01,Briante Weber,CHA,Charlotte Hornets,CHO,2016-17,2016-17,1
weberbr01,Briante Weber,HOU,Houston Rockets,HOU,2017-18,2017-18,1
thompbr01,Brooks Thompson,ORL,Orlando Magic,ORL,1994-95,1995-96,2
thompbr01,Brooks Thompson,UTA,Utah Jazz,UTA,1996-97,1996-97,1
thompbr01,Brooks Thompson,DEN,Denver Nuggets,DEN,1996-97,1996-97,1
thompbr01,Brooks Thompson,PHX,Phoenix Suns,PHO,1997-98,1997-98,1
thompbr01,Brooks Thompson,NYK,New York Knicks,NYK,1997-98,1997-98,1
sundobr01,Bruno Šundov,DAL,Dallas Mavericks,DAL,1998-99,1999-00,2
sundobr01,Bruno Šundov,IND,Indiana Pacers,IND,2000-01,2001-02,2
sundobr01,Bruno Šundov,BOS,Boston Celtics,BOS,2002-03,2002-03,1
sundobr01,Bruno Šundov,CLE,Cleveland Cavaliers,CLE,2003-04,2003-04,1
sundobr01,Bruno Šundov,NYK,New York Knicks,NYK,2003-04,2004-05,2
watsocj01,C.J. Watson,GSW,Golden State Warriors,GSW,2007-08,2009-10,3
watsocj01,C.J. Watson,CHI,Chicago Bulls,CHI,2010-11,2011-12,2
watsocj01,C.J. Watson,BKN,Brooklyn Nets,BRK,2012-13,2012-13,1
watsocj01,C.J. Watson,IND,Indiana Pacers,IND,2013-14,2014-15,2
watsocj01,C.J. Watson,ORL,Orlando Magic,ORL,2015-16,2016-17,2
cheanca01,Calbert Cheaney,WAS,Washington Wizards,"WAS,WSB",1993-94,1998-99,6
cheanca01,Calbert Cheaney,BOS,Boston Celtics,BOS,1999-00,1999-00,1
cheanca01,Calbert Cheaney,DEN,Denver Nuggets,DEN,2000-01,2001-02,2
cheanca01,Calbert Cheaney,UTA,Utah Jazz,UTA,2002-03,2002-03,1
cheanca01,Calbert Cheaney,GSW,Golden State Warriors,GSW,2003-04,2005-06,3
jonesca01,Caldwell Jones,PHI,Philadelphia 76ers,PHI,1979-80,1981-82,3
jonesca01,Caldwell Jones,HOU,Houston Rockets,HOU,1982-83,1983-84,2
jonesca01,Caldwell Jones,CHI,Chicago Bulls,CHI,1984-85,1984-85,1
jonesca01,Caldwell Jones,POR,Portland Trail Blazers,POR,1985-86,1988-89,4
jonesca01,Caldwell Jones,SAS,San Antonio Spurs,SAS,1989-90,1989-90,1
nattca01,Calvin Natt,BKN,Brooklyn Nets,NJN,1979-80,1979-80,1
nattca01,Calvin Natt,POR,Portland Trail Blazers,POR,1979-80,1983-84,5
nattca01,Calvin Natt,DEN,Denver Nuggets,DEN,1984-85,1988-89,5
nattca01,Calvin Natt,SAS,San Antonio Spurs,SAS,1988-89,1988-89,1
nattca01,Calvin Natt,IND,Indiana Pacers,IND,1989-90,1989-90,1
leverca01,Caris LeVert,BKN,Brooklyn Nets,BRK,2016-17,2020-21,5
leverca01,Caris LeVert,IND,Indiana Pacers,IND,2020-21,2021-22,2
leverca01,Caris LeVert,CLE,Cleveland Cavaliers,CLE,2021-22,2024-25,4
leverca01,Caris LeVert,ATL,Atlanta Hawks,ATL,2024-25,2024-25,1
leverca01,Caris LeVert,DET,Detroit Pistons,DET,2025-26,2025-26,1
landrca01,Carl Landry,HOU,Houston Rockets,HOU,2007-08,2009-10,3
landrca01,Carl Landry,SAC,Sacramento Kings,SAC,2009-10,2014-15,4
landrca01,Carl Landry,NOP,New Orleans Pelicans,NOH,2010-11,2011-12,2
landrca01,Carl Landry,GSW,Golden State Warriors,GSW,2012-13,2012-13,1
landrca01,Carl Landry,PHI,Philadelphia 76ers,PHI,2015-16,2015-16,1
rogerca01,Carlos Rogers,GSW,Golden State Warriors,GSW,1994-95,1994-95,1
rogerca01,Carlos Rogers,TOR,Toronto Raptors,TOR,1995-96,1997-98,3
rogerca01,Carlos Rogers,POR,Portland Trail Blazers,POR,1997-98,1998-99,2
rogerca01,Carlos Rogers,HOU,Houston Rockets,HOU,1999-00,2000-01,2
rogerca01,Carlos Rogers,IND,Indiana Pacers,IND,2001-02,2001-02,1
cebalce01,Cedric Ceballos,PHX,Phoenix Suns,PHO,1990-91,1997-98,6
cebalce01,Cedric Ceballos,LAL,Los Angeles Lakers,LAL,1994-95,1996-97,3
cebalce01,Cedric Ceballos,DAL,Dallas Mavericks,DAL,1997-98,1999-00,3
cebalce01,Cedric Ceballos,DET,Detroit Pistons,DET,2000-01,2000-01,1
cebalce01,Cedric Ceballos,MIA,Miami Heat,MIA,2000-01,2000-01,1
bassech01,Charles Bassey,PHI,Philadelphia 76ers,PHI,2021-22,2025-26,2
bassech01,Charles Bassey,SAS,San Antonio Spurs,SAS,2022-23,2024-25,3
bassech01,Charles Bassey,MEM,Memphis Grizzlies,MEM,2025-26,2025-26,1
bassech01,Charles Bassey,BOS,Boston Celtics,BOS,2025-26,2025-26,1
bassech01,Charles Bassey,GSW,Golden State Warriors,GSW,2025-26,2025-26,1
jonesch01,Charles Jones,PHI,Philadelphia 76ers,PHI,1983-84,1983-84,1
jonesch01,Charles Jones,CHI,Chicago Bulls,CHI,1984-85,1984-85,1
jonesch01,Charles Jones,WAS,Washington Wizards,WSB,1984-85,1992-93,9
jonesch01,Charles Jones,DET,Detroit Pistons,DET,1993-94,1993-94,1
jonesch01,Charles Jones,HOU,Houston Rockets,HOU,1994-95,1997-98,4
oaklech01,Charles Oakley,CHI,Chicago Bulls,CHI,1985-86,2001-02,4
oaklech01,Charles Oakley,NYK,New York Knicks,NYK,1988-89,1997-98,10
oaklech01,Charles Oakley,TOR,Toronto Raptors,TOR,1998-99,2000-01,3
oaklech01,Charles Oakley,WAS,Washington Wizards,WAS,2002-03,2002-03,1
oaklech01,Charles Oakley,HOU,Houston Rockets,HOU,2003-04,2003-04,1
smithch04,Charles Smith,MIA,Miami Heat,MIA,1997-98,1997-98,1
smithch04,Charles Smith,LAC,LA Clippers,LAC,1997-98,1998-99,2
smithch04,Charles Smith,SAS,San Antonio Spurs,SAS,2001-02,2001-02,1
smithch04,Charles Smith,POR,Portland Trail Blazers,POR,2002-03,2005-06,2
smithch04,Charles Smith,DEN,Denver Nuggets,DEN,2005-06,2005-06,1
brownch02,Charlie Brown Jr.,ATL,Atlanta Hawks,ATL,2019-20,2019-20,1
brownch02,Charlie Brown Jr.,OKC,Oklahoma City Thunder,OKC,2020-21,2020-21,1
brownch02,Charlie Brown Jr.,DAL,Dallas Mavericks,DAL,2021-22,2021-22,1
brownch02,Charlie Brown Jr.,PHI,Philadelphia 76ers,PHI,2021-22,2021-22,1
brownch02,Charlie Brown Jr.,NYK,New York Knicks,NYK,2023-24,2023-24,1
randlch01,Chasson Randle,PHI,Philadelphia 76ers,PHI,2016-17,2016-17,1
randlch01,Chasson Randle,NYK,New York Knicks,NYK,2016-17,2016-17,1
randlch01,Chasson Randle,WAS,Washington Wizards,WAS,2018-19,2018-19,1
randlch01,Chasson Randle,GSW,Golden State Warriors,GSW,2019-20,2019-20,1
randlch01,Chasson Randle,ORL,Orlando Magic,ORL,2020-21,2020-21,1
anderch01,Chris Andersen,DEN,Denver Nuggets,DEN,2001-02,2011-12,7
anderch01,Chris Andersen,NOP,New Orleans Pelicans,"NOH,NOK",2004-05,2007-08,3
anderch01,Chris Andersen,MIA,Miami Heat,MIA,2012-13,2015-16,4
anderch01,Chris Andersen,MEM,Memphis Grizzlies,MEM,2015-16,2015-16,1
anderch01,Chris Andersen,CLE,Cleveland Cavaliers,CLE,2016-17,2016-17,1
douglch01,Chris Douglas-Roberts,BKN,Brooklyn Nets,NJN,2008-09,2009-10,2
douglch01,Chris Douglas-Roberts,MIL,Milwaukee Bucks,MIL,2010-11,2010-11,1
douglch01,Chris Douglas-Roberts,DAL,Dallas Mavericks,DAL,2012-13,2012-13,1
douglch01,Chris Douglas-Roberts,CHA,Charlotte Hornets,CHA,2013-14,2013-14,1
douglch01,Chris Douglas-Roberts,LAC,LA Clippers,LAC,2014-15,2014-15,1
dudlech02,Chris Dudley,CLE,Cleveland Cavaliers,CLE,1987-88,1989-90,3
dudlech02,Chris Dudley,BKN,Brooklyn Nets,NJN,1989-90,1992-93,4
dudlech02,Chris Dudley,POR,Portland Trail Blazers,POR,1993-94,2002-03,6
dudlech02,Chris Dudley,NYK,New York Knicks,NYK,1997-98,1999-00,3
dudlech02,Chris Dudley,PHX,Phoenix Suns,PHO,2000-01,2000-01,1
englech01,Chris Engler,GSW,Golden State Warriors,GSW,1982-83,1983-84,2
englech01,Chris Engler,BKN,Brooklyn Nets,NJN,1984-85,1987-88,3
englech01,Chris Engler,CHI,Chicago Bulls,CHI,1984-85,1984-85,1
englech01,Chris Engler,MIL,Milwaukee Bucks,MIL,1984-85,1986-87,2
englech01,Chris Engler,POR,Portland Trail Blazers,POR,1986-87,1986-87,1
johnsch04,Chris Johnson,MEM,Memphis Grizzlies,MEM,2012-13,2012-13,1
johnsch04,Chris Johnson,BOS,Boston Celtics,BOS,2013-14,2013-14,1
johnsch04,Chris Johnson,PHI,Philadelphia 76ers,PHI,2014-15,2014-15,1
johnsch04,Chris Johnson,UTA,Utah Jazz,UTA,2014-15,2015-16,2
johnsch04,Chris Johnson,MIL,Milwaukee Bucks,MIL,2014-15,2014-15,1
kamanch01,Chris Kaman,LAC,LA Clippers,LAC,2003-04,2010-11,8
kamanch01,Chris Kaman,NOP,New Orleans Pelicans,NOH,2011-12,2011-12,1
kamanch01,Chris Kaman,DAL,Dallas Mavericks,DAL,2012-13,2012-13,1
kamanch01,Chris Kaman,LAL,Los Angeles Lakers,LAL,2013-14,2013-14,1
kamanch01,Chris Kaman,POR,Portland Trail Blazers,POR,2014-15,2015-16,2
webbech01,Chris Webber,GSW,Golden State Warriors,GSW,1993-94,2007-08,2
webbech01,Chris Webber,WAS,Washington Wizards,"WAS,WSB",1994-95,1997-98,4
webbech01,Chris Webber,SAC,Sacramento Kings,SAC,1998-99,2004-05,7
webbech01,Chris Webber,PHI,Philadelphia 76ers,PHI,2004-05,2006-07,3
webbech01,Chris Webber,DET,Detroit Pistons,DET,2006-07,2006-07,1
wilcoch01,Chris Wilcox,LAC,LA Clippers,LAC,2002-03,2005-06,4
wilcoch01,Chris Wilcox,OKC,Oklahoma City Thunder,"OKC,SEA",2005-06,2008-09,4
wilcoch01,Chris Wilcox,NYK,New York Knicks,NYK,2008-09,2008-09,1
wilcoch01,Chris Wilcox,DET,Detroit Pistons,DET,2009-10,2010-11,2
wilcoch01,Chris Wilcox,BOS,Boston Celtics,BOS,2011-12,2012-13,2
nevitch01,Chuck Nevitt,HOU,Houston Rockets,HOU,1982-83,1989-90,3
nevitch01,Chuck Nevitt,LAL,Los Angeles Lakers,LAL,1984-85,1985-86,2
nevitch01,Chuck Nevitt,DET,Detroit Pistons,DET,1985-86,1987-88,3
nevitch01,Chuck Nevitt,CHI,Chicago Bulls,CHI,1991-92,1991-92,1
nevitch01,Chuck Nevitt,SAS,San Antonio Spurs,SAS,1993-94,1993-94,1
persoch01,Chuck Person,IND,Indiana Pacers,IND,1986-87,1991-92,6
persoch01,Chuck Person,MIN,Minnesota Timberwolves,MIN,1992-93,1993-94,2
persoch01,Chuck Person,SAS,San Antonio Spurs,SAS,1994-95,1997-98,3
persoch01,Chuck Person,CHA,Charlotte Hornets,CHH,1998-99,1998-99,1
persoch01,Chuck Person,OKC,Oklahoma City Thunder,SEA,1999-00,1999-00,1
robincl02,Clifford Robinson,POR,Portland Trail Blazers,POR,1989-90,1996-97,8
robincl02,Clifford Robinson,PHX,Phoenix Suns,PHO,1997-98,2000-01,4
robincl02,Clifford Robinson,DET,Detroit Pistons,DET,2001-02,2002-03,2
robincl02,Clifford Robinson,GSW,Golden State Warriors,GSW,2003-04,2004-05,2
robincl02,Clifford Robinson,BKN,Brooklyn Nets,NJN,2004-05,2006-07,3
castlco01,Colin Castleton,LAL,Los Angeles Lakers,LAL,2023-24,2023-24,1
castlco01,Colin Castleton,MEM,Memphis Grizzlies,MEM,2024-25,2024-25,1
castlco01,Colin Castleton,TOR,Toronto Raptors,TOR,2024-25,2024-25,1
castlco01,Colin Castleton,PHI,Philadelphia 76ers,PHI,2024-25,2024-25,1
castlco01,Colin Castleton,ORL,Orlando Magic,ORL,2025-26,2025-26,1
russeda01,D'Angelo Russell,LAL,Los Angeles Lakers,LAL,2015-16,2024-25,5
russeda01,D'Angelo Russell,BKN,Brooklyn Nets,BRK,2017-18,2024-25,3
russeda01,D'Angelo Russell,GSW,Golden State Warriors,GSW,2019-20,2019-20,1
russeda01,D'Angelo Russell,MIN,Minnesota Timberwolves,MIN,2019-20,2022-23,4
russeda01,D'Angelo Russell,DAL,Dallas Mavericks,DAL,2025-26,2025-26,1
jeffrda01,DaQuan Jeffries,SAC,Sacramento Kings,SAC,2019-20,2025-26,3
jeffrda01,DaQuan Jeffries,HOU,Houston Rockets,HOU,2020-21,2020-21,1
jeffrda01,DaQuan Jeffries,MEM,Memphis Grizzlies,MEM,2021-22,2021-22,1
jeffrda01,DaQuan Jeffries,NYK,New York Knicks,NYK,2023-24,2023-24,1
jeffrda01,DaQuan Jeffries,CHA,Charlotte Hornets,CHO,2024-25,2024-25,1
osullda01,Dan O'Sullivan,UTA,Utah Jazz,UTA,1990-91,1990-91,1
osullda01,Dan O'Sullivan,BKN,Brooklyn Nets,NJN,1992-93,1992-93,1
osullda01,Dan O'Sullivan,MIL,Milwaukee Bucks,MIL,1992-93,1992-93,1
osullda01,Dan O'Sullivan,DET,Detroit Pistons,DET,1993-94,1993-94,1
osullda01,Dan O'Sullivan,TOR,Toronto Raptors,TOR,1995-96,1995-96,1
fortsda01,Danny Fortson,DEN,Denver Nuggets,DEN,1997-98,1998-99,2
fortsda01,Danny Fortson,BOS,Boston Celtics,BOS,1999-00,1999-00,1
fortsda01,Danny Fortson,GSW,Golden State Warriors,GSW,2000-01,2002-03,3
fortsda01,Danny Fortson,DAL,Dallas Mavericks,DAL,2003-04,2003-04,1
fortsda01,Danny Fortson,OKC,Oklahoma City Thunder,SEA,2004-05,2006-07,3
youngda01,Danny Young,OKC,Oklahoma City Thunder,SEA,1984-85,1987-88,4
youngda01,Danny Young,POR,Portland Trail Blazers,POR,1988-89,1991-92,4
youngda01,Danny Young,LAC,LA Clippers,LAC,1991-92,1991-92,1
youngda01,Danny Young,DET,Detroit Pistons,DET,1992-93,1992-93,1
youngda01,Danny Young,MIL,Milwaukee Bucks,MIL,1994-95,1994-95,1
morrida01,Darius Morris,LAL,Los Angeles Lakers,LAL,2011-12,2012-13,2
morrida01,Darius Morris,PHI,Philadelphia 76ers,PHI,2013-14,2013-14,1
morrida01,Darius Morris,LAC,LA Clippers,LAC,2013-14,2013-14,1
morrida01,Darius Morris,MEM,Memphis Grizzlies,MEM,2013-14,2013-14,1
morrida01,Darius Morris,BKN,Brooklyn Nets,BRK,2014-15,2014-15,1
songada01,Darius Songaila,SAC,Sacramento Kings,SAC,2003-04,2004-05,2
songada01,Darius Songaila,CHI,Chicago Bulls,CHI,2005-06,2005-06,1
songada01,Darius Songaila,WAS,Washington Wizards,WAS,2006-07,2008-09,3
songada01,Darius Songaila,NOP,New Orleans Pelicans,NOH,2009-10,2009-10,1
songada01,Darius Songaila,PHI,Philadelphia 76ers,PHI,2010-11,2010-11,1
armstda01,Darrell Armstrong,ORL,Orlando Magic,ORL,1994-95,2002-03,9
armstda01,Darrell Armstrong,NOP,New Orleans Pelicans,NOH,2003-04,2004-05,2
armstda01,Darrell Armstrong,DAL,Dallas Mavericks,DAL,2004-05,2005-06,2
armstda01,Darrell Armstrong,IND,Indiana Pacers,IND,2006-07,2006-07,1
armstda01,Darrell Armstrong,BKN,Brooklyn Nets,NJN,2007-08,2007-08,1
walkeda01,Darrell Walker,NYK,New York Knicks,NYK,1983-84,1985-86,3
walkeda01,Darrell Walker,DEN,Denver Nuggets,DEN,1986-87,1986-87,1
walkeda01,Darrell Walker,WAS,Washington Wizards,WSB,1987-88,1990-91,4
walkeda01,Darrell Walker,DET,Detroit Pistons,DET,1991-92,1992-93,2
walkeda01,Darrell Walker,CHI,Chicago Bulls,CHI,1992-93,1992-93,1
corzida01,Dave Corzine,WAS,Washington Wizards,WSB,1979-80,1979-80,1
corzida01,Dave Corzine,SAS,San Antonio Spurs,SAS,1980-81,1981-82,2
corzida01,Dave Corzine,CHI,Chicago Bulls,CHI,1982-83,1988-89,7
corzida01,Dave Corzine,ORL,Orlando Magic,ORL,1989-90,1989-90,1
corzida01,Dave Corzine,OKC,Oklahoma City Thunder,SEA,1990-91,1990-91,1
hoppeda01,Dave Hoppen,MIL,Milwaukee Bucks,MIL,1987-88,1987-88,1
hoppeda01,Dave Hoppen,GSW,Golden State Warriors,GSW,1987-88,1987-88,1
hoppeda01,Dave Hoppen,CHA,Charlotte Hornets,CHH,1988-89,1990-91,3
hoppeda01,Dave Hoppen,PHI,Philadelphia 76ers,PHI,1990-91,1991-92,2
hoppeda01,Dave Hoppen,BKN,Brooklyn Nets,NJN,1992-93,1992-93,1
leeda02,David Lee,NYK,New York Knicks,NYK,2005-06,2009-10,5
leeda02,David Lee,GSW,Golden State Warriors,GSW,2010-11,2014-15,5
leeda02,David Lee,BOS,Boston Celtics,BOS,2015-16,2015-16,1
leeda02,David Lee,DAL,Dallas Mavericks,DAL,2015-16,2015-16,1
leeda02,David Lee,SAS,San Antonio Spurs,SAS,2016-17,2016-17,1
nwabada01,David Nwaba,LAL,Los Angeles Lakers,LAL,2016-17,2016-17,1
nwabada01,David Nwaba,CHI,Chicago Bulls,CHI,2017-18,2017-18,1
nwabada01,David Nwaba,CLE,Cleveland Cavaliers,CLE,2018-19,2018-19,1
nwabada01,David Nwaba,BKN,Brooklyn Nets,BRK,2019-20,2019-20,1
nwabada01,David Nwaba,HOU,Houston Rockets,HOU,2020-21,2021-22,2
thirdda01,David Thirdkill,PHX,Phoenix Suns,PHO,1982-83,1982-83,1
thirdda01,David Thirdkill,DET,Detroit Pistons,DET,1983-84,1984-85,2
thirdda01,David Thirdkill,MIL,Milwaukee Bucks,MIL,1984-85,1984-85,1
thirdda01,David Thirdkill,SAS,San Antonio Spurs,SAS,1984-85,1984-85,1
thirdda01,David Thirdkill,BOS,Boston Celtics,BOS,1985-86,1986-87,2
curryde01,Dell Curry,UTA,Utah Jazz,UTA,1986-87,1986-87,1
curryde01,Dell Curry,CLE,Cleveland Cavaliers,CLE,1987-88,1987-88,1
curryde01,Dell Curry,CHA,Charlotte Hornets,CHH,1988-89,1997-98,10
curryde01,Dell Curry,MIL,Milwaukee Bucks,MIL,1998-99,1998-99,1
curryde01,Dell Curry,TOR,Toronto Raptors,TOR,1999-00,2001-02,3
rodmade01,Dennis Rodman,DET,Detroit Pistons,DET,1986-87,1992-93,7
rodmade01,Dennis Rodman,SAS,San Antonio Spurs,SAS,1993-94,1994-95,2
rodmade01,Dennis Rodman,CHI,Chicago Bulls,CHI,1995-96,1997-98,3
rodmade01,Dennis Rodman,LAL,Los Angeles Lakers,LAL,1998-99,1998-99,1
rodmade01,Dennis Rodman,DAL,Dallas Mavericks,DAL,1999-00,1999-00,1
fishede01,Derek Fisher,LAL,Los Angeles Lakers,LAL,1996-97,2011-12,13
fishede01,Derek Fisher,GSW,Golden State Warriors,GSW,2004-05,2005-06,2
fishede01,Derek Fisher,UTA,Utah Jazz,UTA,2006-07,2006-07,1
fishede01,Derek Fisher,OKC,Oklahoma City Thunder,OKC,2011-12,2013-14,3
fishede01,Derek Fisher,DAL,Dallas Mavericks,DAL,2012-13,2012-13,1
smithde02,Derek Smith,GSW,Golden State Warriors,GSW,1982-83,1982-83,1
smithde02,Derek Smith,LAC,LA Clippers,"LAC,SDC",1983-84,1985-86,3
smithde02,Derek Smith,SAC,Sacramento Kings,SAC,1986-87,1988-89,3
smithde02,Derek Smith,PHI,Philadelphia 76ers,PHI,1988-89,1989-90,2
smithde02,Derek Smith,BOS,Boston Celtics,BOS,1990-91,1990-91,1
harride01,Devin Harris,DAL,Dallas Mavericks,DAL,2004-05,2018-19,10
harride01,Devin Harris,BKN,Brooklyn Nets,NJN,2007-08,2010-11,4
harride01,Devin Harris,UTA,Utah Jazz,UTA,2010-11,2011-12,2
harride01,Devin Harris,ATL,Atlanta Hawks,ATL,2012-13,2012-13,1
harride01,Devin Harris,DEN,Denver Nuggets,DEN,2017-18,2017-18,1
wilkido01,Dominique Wilkins,ATL,Atlanta Hawks,ATL,1982-83,1993-94,12
wilkido01,Dominique Wilkins,LAC,LA Clippers,LAC,1993-94,1993-94,1
wilkido01,Dominique Wilkins,BOS,Boston Celtics,BOS,1994-95,1994-95,1
wilkido01,Dominique Wilkins,SAS,San Antonio Spurs,SAS,1996-97,1996-97,1
wilkido01,Dominique Wilkins,ORL,Orlando Magic,ORL,1998-99,1998-99,1
royaldo01,Donald Royal,MIN,Minnesota Timberwolves,MIN,1989-90,1989-90,1
royaldo01,Donald Royal,SAS,San Antonio Spurs,SAS,1991-92,1991-92,1
royaldo01,Donald Royal,ORL,Orlando Magic,ORL,1992-93,1997-98,6
royaldo01,Donald Royal,GSW,Golden State Warriors,GSW,1996-97,1996-97,1
royaldo01,Donald Royal,CHA,Charlotte Hornets,CHH,1996-97,1997-98,2
sloando01,Donald Sloan,ATL,Atlanta Hawks,ATL,2011-12,2011-12,1
sloando01,Donald Sloan,NOP,New Orleans Pelicans,NOH,2011-12,2012-13,2
sloando01,Donald Sloan,CLE,Cleveland Cavaliers,CLE,2011-12,2012-13,2
sloando01,Donald Sloan,IND,Indiana Pacers,IND,2013-14,2014-15,2
sloando01,Donald Sloan,BKN,Brooklyn Nets,BRK,2015-16,2015-16,1
harvedo01,Donnell Harvey,DAL,Dallas Mavericks,DAL,2000-01,2001-02,2
harvedo01,Donnell Harvey,DEN,Denver Nuggets,DEN,2001-02,2002-03,2
harvedo01,Donnell Harvey,ORL,Orlando Magic,ORL,2003-04,2003-04,1
harvedo01,Donnell Harvey,PHX,Phoenix Suns,PHO,2003-04,2003-04,1
harvedo01,Donnell Harvey,BKN,Brooklyn Nets,NJN,2004-05,2004-05,1
divindo01,Donte DiVincenzo,MIL,Milwaukee Bucks,MIL,2018-19,2021-22,4
divindo01,Donte DiVincenzo,SAC,Sacramento Kings,SAC,2021-22,2021-22,1
divindo01,Donte DiVincenzo,GSW,Golden State Warriors,GSW,2022-23,2022-23,1
divindo01,Donte DiVincenzo,NYK,New York Knicks,NYK,2023-24,2023-24,1
divindo01,Donte DiVincenzo,MIN,Minnesota Timberwolves,MIN,2024-25,2025-26,2
bertada01,Dāvis Bertāns,SAS,San Antonio Spurs,SAS,2016-17,2018-19,3
bertada01,Dāvis Bertāns,WAS,Washington Wizards,WAS,2019-20,2021-22,3
bertada01,Dāvis Bertāns,DAL,Dallas Mavericks,DAL,2021-22,2022-23,2
bertada01,Dāvis Bertāns,OKC,Oklahoma City Thunder,OKC,2023-24,2023-24,1
bertada01,Dāvis Bertāns,CHA,Charlotte Hornets,CHO,2023-24,2023-24,1
mooreet01,E'Twaun Moore,BOS,Boston Celtics,BOS,2011-12,2011-12,1
mooreet01,E'Twaun Moore,ORL,Orlando Magic,ORL,2012-13,2013-14,2
mooreet01,E'Twaun Moore,CHI,Chicago Bulls,CHI,2014-15,2015-16,2
mooreet01,E'Twaun Moore,NOP,New Orleans Pelicans,NOP,2016-17,2019-20,4
mooreet01,E'Twaun Moore,PHX,Phoenix Suns,PHO,2020-21,2020-21,1
nealyed01,Ed Nealy,SAC,Sacramento Kings,KCK,1982-83,1984-85,3
nealyed01,Ed Nealy,SAS,San Antonio Spurs,SAS,1986-87,1987-88,2
nealyed01,Ed Nealy,CHI,Chicago Bulls,CHI,1988-89,1992-93,3
nealyed01,Ed Nealy,PHX,Phoenix Suns,PHO,1988-89,1991-92,3
nealyed01,Ed Nealy,GSW,Golden State Warriors,GSW,1992-93,1992-93,1
jonesed02,Eddie Jones,LAL,Los Angeles Lakers,LAL,1994-95,1998-99,5
jonesed02,Eddie Jones,CHA,Charlotte Hornets,CHH,1998-99,1999-00,2
jonesed02,Eddie Jones,MIA,Miami Heat,MIA,2000-01,2006-07,6
jonesed02,Eddie Jones,MEM,Memphis Grizzlies,MEM,2005-06,2006-07,2
jonesed02,Eddie Jones,DAL,Dallas Mavericks,DAL,2007-08,2007-08,1
najered01,Eduardo Nájera,DAL,Dallas Mavericks,DAL,2000-01,2009-10,5
najered01,Eduardo Nájera,GSW,Golden State Warriors,GSW,2004-05,2004-05,1
najered01,Eduardo Nájera,DEN,Denver Nuggets,DEN,2004-05,2007-08,4
najered01,Eduardo Nájera,BKN,Brooklyn Nets,NJN,2008-09,2009-10,2
najered01,Eduardo Nájera,CHA,Charlotte Hornets,CHA,2010-11,2011-12,2
recasel01,Eldridge Recasner,DEN,Denver Nuggets,DEN,1994-95,1994-95,1
recasel01,Eldridge Recasner,HOU,Houston Rockets,HOU,1995-96,1995-96,1
recasel01,Eldridge Recasner,ATL,Atlanta Hawks,ATL,1996-97,1997-98,2
recasel01,Eldridge Recasner,CHA,Charlotte Hornets,CHH,1998-99,2001-02,4
recasel01,Eldridge Recasner,LAC,LA Clippers,LAC,2001-02,2001-02,1
paytoel01,Elfrid Payton,ORL,Orlando Magic,ORL,2014-15,2017-18,4
paytoel01,Elfrid Payton,PHX,Phoenix Suns,PHO,2017-18,2021-22,2
paytoel01,Elfrid Payton,NOP,New Orleans Pelicans,NOP,2018-19,2024-25,2
paytoel01,Elfrid Payton,NYK,New York Knicks,NYK,2019-20,2020-21,2
paytoel01,Elfrid Payton,CHA,Charlotte Hornets,CHO,2024-25,2024-25,1
williel01,Elliot Williams,POR,Portland Trail Blazers,POR,2011-12,2011-12,1
williel01,Elliot Williams,PHI,Philadelphia 76ers,PHI,2013-14,2013-14,1
williel01,Elliot Williams,UTA,Utah Jazz,UTA,2014-15,2014-15,1
williel01,Elliot Williams,NOP,New Orleans Pelicans,NOP,2014-15,2014-15,1
williel01,Elliot Williams,MEM,Memphis Grizzlies,MEM,2015-16,2015-16,1
brandel01,Elton Brand,CHI,Chicago Bulls,CHI,1999-00,2000-01,2
brandel01,Elton Brand,LAC,LA Clippers,LAC,2001-02,2007-08,7
brandel01,Elton Brand,PHI,Philadelphia 76ers,PHI,2008-09,2015-16,5
brandel01,Elton Brand,DAL,Dallas Mavericks,DAL,2012-13,2012-13,1
brandel01,Elton Brand,ATL,Atlanta Hawks,ATL,2013-14,2014-15,2
kanteen01,Enes Freedom,UTA,Utah Jazz,UTA,2011-12,2014-15,4
kanteen01,Enes Freedom,OKC,Oklahoma City Thunder,OKC,2014-15,2016-17,3
kanteen01,Enes Freedom,NYK,New York Knicks,NYK,2017-18,2018-19,2
kanteen01,Enes Freedom,POR,Portland Trail Blazers,POR,2018-19,2020-21,2
kanteen01,Enes Freedom,BOS,Boston Celtics,BOS,2019-20,2021-22,2
gordoer01,Eric Gordon,LAC,LA Clippers,LAC,2008-09,2022-23,4
gordoer01,Eric Gordon,NOP,New Orleans Pelicans,"NOH,NOP",2011-12,2015-16,5
gordoer01,Eric Gordon,HOU,Houston Rockets,HOU,2016-17,2022-23,7
gordoer01,Eric Gordon,PHX,Phoenix Suns,PHO,2023-24,2023-24,1
gordoer01,Eric Gordon,PHI,Philadelphia 76ers,PHI,2024-25,2025-26,2
maynoer01,Eric Maynor,UTA,Utah Jazz,UTA,2009-10,2009-10,1
maynoer01,Eric Maynor,OKC,Oklahoma City Thunder,OKC,2009-10,2012-13,4
maynoer01,Eric Maynor,POR,Portland Trail Blazers,POR,2012-13,2012-13,1
maynoer01,Eric Maynor,WAS,Washington Wizards,WAS,2013-14,2013-14,1
maynoer01,Eric Maynor,PHI,Philadelphia 76ers,PHI,2013-14,2013-14,1
rileyer01,Eric Riley,HOU,Houston Rockets,HOU,1993-94,1993-94,1
rileyer01,Eric Riley,LAC,LA Clippers,LAC,1994-95,1994-95,1
rileyer01,Eric Riley,MIN,Minnesota Timberwolves,MIN,1995-96,1995-96,1
rileyer01,Eric Riley,DAL,Dallas Mavericks,DAL,1997-98,1997-98,1
rileyer01,Eric Riley,BOS,Boston Celtics,BOS,1998-99,1998-99,1
dampier01,Erick Dampier,IND,Indiana Pacers,IND,1996-97,1996-97,1
dampier01,Erick Dampier,GSW,Golden State Warriors,GSW,1997-98,2003-04,7
dampier01,Erick Dampier,DAL,Dallas Mavericks,DAL,2004-05,2009-10,6
dampier01,Erick Dampier,MIA,Miami Heat,MIA,2010-11,2010-11,1
dampier01,Erick Dampier,ATL,Atlanta Hawks,ATL,2011-12,2011-12,1
bohanet01,Etdrick Bohannon,IND,Indiana Pacers,IND,1997-98,1997-98,1
bohanet01,Etdrick Bohannon,WAS,Washington Wizards,WAS,1998-99,1998-99,1
bohanet01,Etdrick Bohannon,NYK,New York Knicks,NYK,1999-00,1999-00,1
bohanet01,Etdrick Bohannon,LAC,LA Clippers,LAC,1999-00,1999-00,1
bohanet01,Etdrick Bohannon,CLE,Cleveland Cavaliers,CLE,2000-01,2000-01,1
fournev01,Evan Fournier,DEN,Denver Nuggets,DEN,2012-13,2013-14,2
fournev01,Evan Fournier,ORL,Orlando Magic,ORL,2014-15,2020-21,7
fournev01,Evan Fournier,BOS,Boston Celtics,BOS,2020-21,2020-21,1
fournev01,Evan Fournier,NYK,New York Knicks,NYK,2021-22,2023-24,3
fournev01,Evan Fournier,DET,Detroit Pistons,DET,2023-24,2023-24,1
turneev01,Evan Turner,PHI,Philadelphia 76ers,PHI,2010-11,2013-14,4
turneev01,Evan Turner,IND,Indiana Pacers,IND,2013-14,2013-14,1
turneev01,Evan Turner,BOS,Boston Celtics,BOS,2014-15,2015-16,2
turneev01,Evan Turner,POR,Portland Trail Blazers,POR,2016-17,2018-19,3
turneev01,Evan Turner,ATL,Atlanta Hawks,ATL,2019-20,2019-20,1
jonesfr01,Fred Jones,IND,Indiana Pacers,IND,2002-03,2005-06,4
jonesfr01,Fred Jones,TOR,Toronto Raptors,TOR,2006-07,2006-07,1
jonesfr01,Fred Jones,POR,Portland Trail Blazers,POR,2006-07,2006-07,1
jonesfr01,Fred Jones,NYK,New York Knicks,NYK,2007-08,2007-08,1
jonesfr01,Fred Jones,LAC,LA Clippers,LAC,2008-09,2008-09,1
clarkga01,Gary Clark,HOU,Houston Rockets,HOU,2018-19,2019-20,2
clarkga01,Gary Clark,ORL,Orlando Magic,ORL,2019-20,2020-21,2
clarkga01,Gary Clark,DEN,Denver Nuggets,DEN,2020-21,2020-21,1
clarkga01,Gary Clark,PHI,Philadelphia 76ers,PHI,2020-21,2020-21,1
clarkga01,Gary Clark,NOP,New Orleans Pelicans,NOP,2021-22,2021-22,1
paytoga01,Gary Payton,OKC,Oklahoma City Thunder,SEA,1990-91,2002-03,13
paytoga01,Gary Payton,MIL,Milwaukee Bucks,MIL,2002-03,2002-03,1
paytoga01,Gary Payton,LAL,Los Angeles Lakers,LAL,2003-04,2003-04,1
paytoga01,Gary Payton,BOS,Boston Celtics,BOS,2004-05,2004-05,1
paytoga01,Gary Payton,MIA,Miami Heat,MIA,2005-06,2006-07,2
paytoga02,Gary Payton II,MIL,Milwaukee Bucks,MIL,2016-17,2017-18,2
paytoga02,Gary Payton II,LAL,Los Angeles Lakers,LAL,2017-18,2017-18,1
paytoga02,Gary Payton II,WAS,Washington Wizards,WAS,2018-19,2019-20,2
paytoga02,Gary Payton II,GSW,Golden State Warriors,GSW,2020-21,2025-26,6
paytoga02,Gary Payton II,POR,Portland Trail Blazers,POR,2022-23,2022-23,1
hustoge01,Geoff Huston,NYK,New York Knicks,NYK,1979-80,1979-80,1
hustoge01,Geoff Huston,DAL,Dallas Mavericks,DAL,1980-81,1980-81,1
hustoge01,Geoff Huston,CLE,Cleveland Cavaliers,CLE,1980-81,1984-85,5
hustoge01,Geoff Huston,GSW,Golden State Warriors,GSW,1985-86,1985-86,1
hustoge01,Geoff Huston,LAC,LA Clippers,LAC,1986-87,1986-87,1
lynchge01,George Lynch,LAL,Los Angeles Lakers,LAL,1993-94,1995-96,3
lynchge01,George Lynch,MEM,Memphis Grizzlies,VAN,1996-97,1997-98,2
lynchge01,George Lynch,PHI,Philadelphia 76ers,PHI,1998-99,2000-01,3
lynchge01,George Lynch,CHA,Charlotte Hornets,CHH,2001-02,2001-02,1
lynchge01,George Lynch,NOP,New Orleans Pelicans,NOH,2002-03,2004-05,3
mccloge01,George McCloud,IND,Indiana Pacers,IND,1989-90,1992-93,4
mccloge01,George McCloud,DAL,Dallas Mavericks,DAL,1994-95,1996-97,3
mccloge01,George McCloud,LAL,Los Angeles Lakers,LAL,1996-97,1996-97,1
mccloge01,George McCloud,PHX,Phoenix Suns,PHO,1997-98,1998-99,2
mccloge01,George McCloud,DEN,Denver Nuggets,DEN,1999-00,2001-02,3
niangge01,Georges Niang,IND,Indiana Pacers,IND,2016-17,2016-17,1
niangge01,Georges Niang,UTA,Utah Jazz,UTA,2017-18,2020-21,4
niangge01,Georges Niang,PHI,Philadelphia 76ers,PHI,2021-22,2022-23,2
niangge01,Georges Niang,CLE,Cleveland Cavaliers,CLE,2023-24,2024-25,2
niangge01,Georges Niang,ATL,Atlanta Hawks,ATL,2024-25,2024-25,1
paddige01,Gerald Paddio,CLE,Cleveland Cavaliers,CLE,1990-91,1990-91,1
paddige01,Gerald Paddio,OKC,Oklahoma City Thunder,SEA,1992-93,1992-93,1
paddige01,Gerald Paddio,IND,Indiana Pacers,IND,1993-94,1993-94,1
paddige01,Gerald Paddio,NYK,New York Knicks,NYK,1993-94,1993-94,1
paddige01,Gerald Paddio,WAS,Washington Wizards,WSB,1993-94,1993-94,1
wallage01,Gerald Wallace,SAC,Sacramento Kings,SAC,2001-02,2003-04,3
wallage01,Gerald Wallace,CHA,Charlotte Hornets,CHA,2004-05,2010-11,7
wallage01,Gerald Wallace,POR,Portland Trail Blazers,POR,2010-11,2011-12,2
wallage01,Gerald Wallace,BKN,Brooklyn Nets,"BRK,NJN",2011-12,2012-13,2
wallage01,Gerald Wallace,BOS,Boston Celtics,BOS,2013-14,2014-15,2
giricgo01,Gordan Giriček,MEM,Memphis Grizzlies,MEM,2002-03,2002-03,1
giricgo01,Gordan Giriček,ORL,Orlando Magic,ORL,2002-03,2003-04,2
giricgo01,Gordan Giriček,UTA,Utah Jazz,UTA,2003-04,2007-08,5
giricgo01,Gordan Giriček,PHI,Philadelphia 76ers,PHI,2007-08,2007-08,1
giricgo01,Gordan Giriček,PHX,Phoenix Suns,PHO,2007-08,2007-08,1
longgr01,Grant Long,MIA,Miami Heat,MIA,1988-89,1994-95,7
longgr01,Grant Long,ATL,Atlanta Hawks,ATL,1994-95,1998-99,3
longgr01,Grant Long,DET,Detroit Pistons,DET,1996-97,1997-98,2
longgr01,Grant Long,MEM,Memphis Grizzlies,"MEM,VAN",1999-00,2001-02,3
longgr01,Grant Long,BOS,Boston Celtics,BOS,2002-03,2002-03,1
buckngr01,Greg Buckner,DAL,Dallas Mavericks,DAL,1999-00,2006-07,4
buckngr01,Greg Buckner,PHI,Philadelphia 76ers,PHI,2002-03,2003-04,2
buckngr01,Greg Buckner,DEN,Denver Nuggets,DEN,2004-05,2005-06,2
buckngr01,Greg Buckner,MIN,Minnesota Timberwolves,MIN,2007-08,2007-08,1
buckngr01,Greg Buckner,MEM,Memphis Grizzlies,MEM,2008-09,2008-09,1
mcdowha01,Hank McDowell,GSW,Golden State Warriors,GSW,1981-82,1982-83,2
mcdowha01,Hank McDowell,POR,Portland Trail Blazers,POR,1982-83,1982-83,1
mcdowha01,Hank McDowell,LAC,LA Clippers,SDC,1983-84,1983-84,1
mcdowha01,Hank McDowell,HOU,Houston Rockets,HOU,1984-85,1985-86,2
mcdowha01,Hank McDowell,MIL,Milwaukee Bucks,MIL,1986-87,1986-87,1
workmha01,Haywoode Workman,ATL,Atlanta Hawks,ATL,1989-90,1989-90,1
workmha01,Haywoode Workman,WAS,Washington Wizards,WSB,1990-91,1990-91,1
workmha01,Haywoode Workman,IND,Indiana Pacers,IND,1993-94,1996-97,4
workmha01,Haywoode Workman,MIL,Milwaukee Bucks,MIL,1998-99,1999-00,2
workmha01,Haywoode Workman,TOR,Toronto Raptors,TOR,1999-00,1999-00,1
shumpim01,Iman Shumpert,NYK,New York Knicks,NYK,2011-12,2014-15,4
shumpim01,Iman Shumpert,CLE,Cleveland Cavaliers,CLE,2014-15,2017-18,4
shumpim01,Iman Shumpert,SAC,Sacramento Kings,SAC,2018-19,2018-19,1
shumpim01,Iman Shumpert,HOU,Houston Rockets,HOU,2018-19,2018-19,1
shumpim01,Iman Shumpert,BKN,Brooklyn Nets,BRK,2019-20,2020-21,2
udokaim01,Ime Udoka,LAL,Los Angeles Lakers,LAL,2003-04,2003-04,1
udokaim01,Ime Udoka,NYK,New York Knicks,NYK,2005-06,2005-06,1
udokaim01,Ime Udoka,POR,Portland Trail Blazers,POR,2006-07,2006-07,1
udokaim01,Ime Udoka,SAS,San Antonio Spurs,SAS,2007-08,2010-11,3
udokaim01,Ime Udoka,SAC,Sacramento Kings,SAC,2009-10,2009-10,1
newblir01,Ira Newble,SAS,San Antonio Spurs,SAS,2000-01,2000-01,1
newblir01,Ira Newble,ATL,Atlanta Hawks,ATL,2001-02,2002-03,2
newblir01,Ira Newble,CLE,Cleveland Cavaliers,CLE,2003-04,2007-08,5
newblir01,Ira Newble,OKC,Oklahoma City Thunder,SEA,2007-08,2007-08,1
newblir01,Ira Newble,LAL,Los Angeles Lakers,LAL,2007-08,2007-08,1
rideris01,Isaiah Rider,MIN,Minnesota Timberwolves,MIN,1993-94,1995-96,3
rideris01,Isaiah Rider,POR,Portland Trail Blazers,POR,1996-97,1998-99,3
rideris01,Isaiah Rider,ATL,Atlanta Hawks,ATL,1999-00,1999-00,1
rideris01,Isaiah Rider,LAL,Los Angeles Lakers,LAL,2000-01,2000-01,1
rideris01,Isaiah Rider,DEN,Denver Nuggets,DEN,2001-02,2001-02,1
hicksjj01,J.J. Hickson,CLE,Cleveland Cavaliers,CLE,2008-09,2010-11,3
hicksjj01,J.J. Hickson,SAC,Sacramento Kings,SAC,2011-12,2011-12,1
hicksjj01,J.J. Hickson,POR,Portland Trail Blazers,POR,2011-12,2012-13,2
hicksjj01,J.J. Hickson,DEN,Denver Nuggets,DEN,2013-14,2015-16,3
hicksjj01,J.J. Hickson,WAS,Washington Wizards,WAS,2015-16,2015-16,1
smithjr01,J.R. Smith,NOP,New Orleans Pelicans,"NOH,NOK",2004-05,2005-06,2
smithjr01,J.R. Smith,DEN,Denver Nuggets,DEN,2006-07,2010-11,5
smithjr01,J.R. Smith,NYK,New York Knicks,NYK,2011-12,2014-15,4
smithjr01,J.R. Smith,CLE,Cleveland Cavaliers,CLE,2014-15,2018-19,5
smithjr01,J.R. Smith,LAL,Los Angeles Lakers,LAL,2019-20,2019-20,1
sampsja02,JaKarr Sampson,PHI,Philadelphia 76ers,PHI,2014-15,2015-16,2
sampsja02,JaKarr Sampson,DEN,Denver Nuggets,DEN,2015-16,2015-16,1
sampsja02,JaKarr Sampson,SAC,Sacramento Kings,SAC,2017-18,2017-18,1
sampsja02,JaKarr Sampson,CHI,Chicago Bulls,CHI,2018-19,2018-19,1
sampsja02,JaKarr Sampson,IND,Indiana Pacers,IND,2019-20,2020-21,2
greenja01,JaMychal Green,SAS,San Antonio Spurs,SAS,2014-15,2014-15,1
greenja01,JaMychal Green,MEM,Memphis Grizzlies,MEM,2014-15,2018-19,5
greenja01,JaMychal Green,LAC,LA Clippers,LAC,2018-19,2019-20,2
greenja01,JaMychal Green,DEN,Denver Nuggets,DEN,2020-21,2021-22,2
greenja01,JaMychal Green,GSW,Golden State Warriors,GSW,2022-23,2022-23,1
vaughja01,Jacque Vaughn,UTA,Utah Jazz,UTA,1997-98,2000-01,4
vaughja01,Jacque Vaughn,ATL,Atlanta Hawks,ATL,2001-02,2003-04,2
vaughja01,Jacque Vaughn,ORL,Orlando Magic,ORL,2002-03,2002-03,1
vaughja01,Jacque Vaughn,BKN,Brooklyn Nets,NJN,2004-05,2005-06,2
vaughja01,Jacque Vaughn,SAS,San Antonio Spurs,SAS,2006-07,2008-09,3
okafoja01,Jahlil Okafor,PHI,Philadelphia 76ers,PHI,2015-16,2017-18,3
okafoja01,Jahlil Okafor,BKN,Brooklyn Nets,BRK,2017-18,2017-18,1
okafoja01,Jahlil Okafor,NOP,New Orleans Pelicans,NOP,2018-19,2019-20,2
okafoja01,Jahlil Okafor,DET,Detroit Pistons,DET,2020-21,2020-21,1
okafoja01,Jahlil Okafor,IND,Indiana Pacers,IND,2024-25,2024-25,1
voskuja01,Jake Voskuhl,CHI,Chicago Bulls,CHI,2000-01,2000-01,1
voskuja01,Jake Voskuhl,PHX,Phoenix Suns,PHO,2001-02,2004-05,4
voskuja01,Jake Voskuhl,CHA,Charlotte Hornets,CHA,2005-06,2006-07,2
voskuja01,Jake Voskuhl,MIL,Milwaukee Bucks,MIL,2007-08,2007-08,1
voskuja01,Jake Voskuhl,TOR,Toronto Raptors,TOR,2008-09,2008-09,1
sampsja01,Jamal Sampson,MIL,Milwaukee Bucks,MIL,2002-03,2002-03,1
sampsja01,Jamal Sampson,LAL,Los Angeles Lakers,LAL,2003-04,2003-04,1
sampsja01,Jamal Sampson,CHA,Charlotte Hornets,CHA,2004-05,2004-05,1
sampsja01,Jamal Sampson,SAC,Sacramento Kings,SAC,2005-06,2005-06,1
sampsja01,Jamal Sampson,DEN,Denver Nuggets,DEN,2006-07,2006-07,1
moonja01,Jamario Moon,TOR,Toronto Raptors,TOR,2007-08,2008-09,2
moonja01,Jamario Moon,MIA,Miami Heat,MIA,2008-09,2008-09,1
moonja01,Jamario Moon,CLE,Cleveland Cavaliers,CLE,2009-10,2010-11,2
moonja01,Jamario Moon,LAC,LA Clippers,LAC,2010-11,2010-11,1
moonja01,Jamario Moon,CHA,Charlotte Hornets,CHA,2011-12,2011-12,1
baileja01,James Bailey,OKC,Oklahoma City Thunder,SEA,1979-80,1981-82,3
baileja01,James Bailey,BKN,Brooklyn Nets,NJN,1981-82,1986-87,3
baileja01,James Bailey,HOU,Houston Rockets,HOU,1982-83,1983-84,2
baileja01,James Bailey,NYK,New York Knicks,NYK,1984-85,1985-86,2
baileja01,James Bailey,PHX,Phoenix Suns,PHO,1987-88,1987-88,1
donalja01,James Donaldson,OKC,Oklahoma City Thunder,SEA,1980-81,1982-83,3
donalja01,James Donaldson,LAC,LA Clippers,"LAC,SDC",1983-84,1985-86,3
donalja01,James Donaldson,DAL,Dallas Mavericks,DAL,1985-86,1991-92,7
donalja01,James Donaldson,NYK,New York Knicks,NYK,1991-92,1991-92,1
donalja01,James Donaldson,UTA,Utah Jazz,UTA,1992-93,1994-95,2
jonesja02,James Jones,IND,Indiana Pacers,IND,2003-04,2004-05,2
jonesja02,James Jones,PHX,Phoenix Suns,PHO,2005-06,2006-07,2
jonesja02,James Jones,POR,Portland Trail Blazers,POR,2007-08,2007-08,1
jonesja02,James Jones,MIA,Miami Heat,MIA,2008-09,2013-14,6
jonesja02,James Jones,CLE,Cleveland Cavaliers,CLE,2014-15,2016-17,3
nunnaja01,James Nunnally,ATL,Atlanta Hawks,ATL,2013-14,2013-14,1
nunnaja01,James Nunnally,PHI,Philadelphia 76ers,PHI,2013-14,2013-14,1
nunnaja01,James Nunnally,MIN,Minnesota Timberwolves,MIN,2018-19,2018-19,1
nunnaja01,James Nunnally,HOU,Houston Rockets,HOU,2018-19,2018-19,1
nunnaja01,James Nunnally,NOP,New Orleans Pelicans,NOP,2020-21,2020-21,1
richaja01,Jason Richardson,GSW,Golden State Warriors,GSW,2001-02,2006-07,6
richaja01,Jason Richardson,CHA,Charlotte Hornets,CHA,2007-08,2008-09,2
richaja01,Jason Richardson,PHX,Phoenix Suns,PHO,2008-09,2010-11,3
richaja01,Jason Richardson,ORL,Orlando Magic,ORL,2010-11,2011-12,2
richaja01,Jason Richardson,PHI,Philadelphia 76ers,PHI,2012-13,2014-15,2
greenja02,Javonte Green,BOS,Boston Celtics,BOS,2019-20,2020-21,2
greenja02,Javonte Green,CHI,Chicago Bulls,CHI,2020-21,2023-24,4
greenja02,Javonte Green,NOP,New Orleans Pelicans,NOP,2024-25,2024-25,1
greenja02,Javonte Green,CLE,Cleveland Cavaliers,CLE,2024-25,2024-25,1
greenja02,Javonte Green,DET,Detroit Pistons,DET,2025-26,2025-26,1
huffja01,Jay Huff,LAL,Los Angeles Lakers,LAL,2021-22,2021-22,1
huffja01,Jay Huff,WAS,Washington Wizards,WAS,2022-23,2022-23,1
huffja01,Jay Huff,DEN,Denver Nuggets,DEN,2023-24,2023-24,1
huffja01,Jay Huff,MEM,Memphis Grizzlies,MEM,2024-25,2024-25,1
huffja01,Jay Huff,IND,Indiana Pacers,IND,2025-26,2025-26,1
adrieje01,Jeff Adrien,GSW,Golden State Warriors,GSW,2010-11,2010-11,1
adrieje01,Jeff Adrien,HOU,Houston Rockets,HOU,2011-12,2011-12,1
adrieje01,Jeff Adrien,CHA,Charlotte Hornets,CHA,2012-13,2013-14,2
adrieje01,Jeff Adrien,MIL,Milwaukee Bucks,MIL,2013-14,2013-14,1
adrieje01,Jeff Adrien,MIN,Minnesota Timberwolves,MIN,2014-15,2014-15,1
dowtije01,Jeff Dowtin Jr.,GSW,Golden State Warriors,GSW,2021-22,2021-22,1
dowtije01,Jeff Dowtin Jr.,MIL,Milwaukee Bucks,MIL,2021-22,2021-22,1
dowtije01,Jeff Dowtin Jr.,ORL,Orlando Magic,ORL,2021-22,2021-22,1
dowtije01,Jeff Dowtin Jr.,TOR,Toronto Raptors,TOR,2022-23,2022-23,1
dowtije01,Jeff Dowtin Jr.,PHI,Philadelphia 76ers,PHI,2023-24,2024-25,2
grayeje01,Jeff Grayer,MIL,Milwaukee Bucks,MIL,1988-89,1991-92,4
grayeje01,Jeff Grayer,GSW,Golden State Warriors,GSW,1992-93,1997-98,3
grayeje01,Jeff Grayer,PHI,Philadelphia 76ers,PHI,1994-95,1994-95,1
grayeje01,Jeff Grayer,SAC,Sacramento Kings,SAC,1996-97,1996-97,1
grayeje01,Jeff Grayer,CHA,Charlotte Hornets,CHH,1997-98,1997-98,1
teaguje01,Jeff Teague,ATL,Atlanta Hawks,ATL,2009-10,2019-20,8
teaguje01,Jeff Teague,IND,Indiana Pacers,IND,2016-17,2016-17,1
teaguje01,Jeff Teague,MIN,Minnesota Timberwolves,MIN,2017-18,2019-20,3
teaguje01,Jeff Teague,BOS,Boston Celtics,BOS,2020-21,2020-21,1
teaguje01,Jeff Teague,MIL,Milwaukee Bucks,MIL,2020-21,2020-21,1
grantje01,Jerami Grant,PHI,Philadelphia 76ers,PHI,2014-15,2016-17,3
grantje01,Jerami Grant,OKC,Oklahoma City Thunder,OKC,2016-17,2018-19,3
grantje01,Jerami Grant,DEN,Denver Nuggets,DEN,2019-20,2019-20,1
grantje01,Jerami Grant,DET,Detroit Pistons,DET,2020-21,2021-22,2
grantje01,Jerami Grant,POR,Portland Trail Blazers,POR,2022-23,2025-26,4
richaje01,Jeremy Richardson,ATL,Atlanta Hawks,ATL,2006-07,2007-08,2
richaje01,Jeremy Richardson,POR,Portland Trail Blazers,POR,2006-07,2006-07,1
richaje01,Jeremy Richardson,MEM,Memphis Grizzlies,MEM,2007-08,2007-08,1
richaje01,Jeremy Richardson,SAS,San Antonio Spurs,SAS,2007-08,2007-08,1
richaje01,Jeremy Richardson,ORL,Orlando Magic,ORL,2008-09,2008-09,1
jacksje01,Jermaine Jackson,DET,Detroit Pistons,DET,1999-00,1999-00,1
jacksje01,Jermaine Jackson,TOR,Toronto Raptors,TOR,2001-02,2002-03,2
jacksje01,Jermaine Jackson,ATL,Atlanta Hawks,ATL,2002-03,2002-03,1
jacksje01,Jermaine Jackson,NYK,New York Knicks,NYK,2004-05,2004-05,1
jacksje01,Jermaine Jackson,MIL,Milwaukee Bucks,MIL,2005-06,2005-06,1
sichtje01,Jerry Sichting,IND,Indiana Pacers,IND,1980-81,1984-85,5
sichtje01,Jerry Sichting,BOS,Boston Celtics,BOS,1985-86,1987-88,3
sichtje01,Jerry Sichting,POR,Portland Trail Blazers,POR,1987-88,1988-89,2
sichtje01,Jerry Sichting,CHA,Charlotte Hornets,CHH,1989-90,1989-90,1
sichtje01,Jerry Sichting,MIL,Milwaukee Bucks,MIL,1989-90,1989-90,1
farmeji01,Jim Farmer,DAL,Dallas Mavericks,DAL,1987-88,1987-88,1
farmeji01,Jim Farmer,UTA,Utah Jazz,UTA,1988-89,1988-89,1
farmeji01,Jim Farmer,OKC,Oklahoma City Thunder,SEA,1989-90,1989-90,1
farmeji01,Jim Farmer,PHI,Philadelphia 76ers,PHI,1990-91,1990-91,1
farmeji01,Jim Farmer,DEN,Denver Nuggets,DEN,1990-91,1993-94,2
fredeji01,Jimmer Fredette,SAC,Sacramento Kings,SAC,2011-12,2013-14,3
fredeji01,Jimmer Fredette,CHI,Chicago Bulls,CHI,2013-14,2013-14,1
fredeji01,Jimmer Fredette,NOP,New Orleans Pelicans,NOP,2014-15,2015-16,2
fredeji01,Jimmer Fredette,NYK,New York Knicks,NYK,2015-16,2015-16,1
fredeji01,Jimmer Fredette,PHX,Phoenix Suns,PHO,2018-19,2018-19,1
butleji01,Jimmy Butler,CHI,Chicago Bulls,CHI,2011-12,2016-17,6
butleji01,Jimmy Butler,MIN,Minnesota Timberwolves,MIN,2017-18,2018-19,2
butleji01,Jimmy Butler,PHI,Philadelphia 76ers,PHI,2018-19,2018-19,1
butleji01,Jimmy Butler,MIA,Miami Heat,MIA,2019-20,2024-25,6
butleji01,Jimmy Butler,GSW,Golden State Warriors,GSW,2024-25,2025-26,2
oliveji01,Jimmy Oliver,CLE,Cleveland Cavaliers,CLE,1991-92,1991-92,1
oliveji01,Jimmy Oliver,BOS,Boston Celtics,BOS,1993-94,1993-94,1
oliveji01,Jimmy Oliver,TOR,Toronto Raptors,TOR,1996-97,1996-97,1
oliveji01,Jimmy Oliver,WAS,Washington Wizards,WAS,1997-98,1997-98,1
oliveji01,Jimmy Oliver,PHX,Phoenix Suns,PHO,1998-99,1998-99,1
landajo01,Jock Landale,SAS,San Antonio Spurs,SAS,2021-22,2021-22,1
landajo01,Jock Landale,PHX,Phoenix Suns,PHO,2022-23,2022-23,1
landajo01,Jock Landale,HOU,Houston Rockets,HOU,2023-24,2024-25,2
landajo01,Jock Landale,MEM,Memphis Grizzlies,MEM,2025-26,2025-26,1
landajo01,Jock Landale,ATL,Atlanta Hawks,ATL,2025-26,2025-26,1
carrojo01,Joe Barry Carroll,GSW,Golden State Warriors,GSW,1980-81,1987-88,7
carrojo01,Joe Barry Carroll,HOU,Houston Rockets,HOU,1987-88,1987-88,1
carrojo01,Joe Barry Carroll,BKN,Brooklyn Nets,NJN,1988-89,1989-90,2
carrojo01,Joe Barry Carroll,DEN,Denver Nuggets,DEN,1989-90,1989-90,1
carrojo01,Joe Barry Carroll,PHX,Phoenix Suns,PHO,1990-91,1990-91,1
coopejo01,Joe Cooper,BKN,Brooklyn Nets,NJN,1981-82,1981-82,1
coopejo01,Joe Cooper,LAL,Los Angeles Lakers,LAL,1982-83,1982-83,1
coopejo01,Joe Cooper,WAS,Washington Wizards,WSB,1982-83,1982-83,1
coopejo01,Joe Cooper,LAC,LA Clippers,SDC,1982-83,1982-83,1
coopejo01,Joe Cooper,OKC,Oklahoma City Thunder,SEA,1984-85,1984-85,1
jenkijo01,John Jenkins,ATL,Atlanta Hawks,ATL,2012-13,2014-15,3
jenkijo01,John Jenkins,DAL,Dallas Mavericks,DAL,2015-16,2015-16,1
jenkijo01,John Jenkins,PHX,Phoenix Suns,PHO,2015-16,2016-17,2
jenkijo01,John Jenkins,WAS,Washington Wizards,WAS,2018-19,2018-19,1
jenkijo01,John Jenkins,NYK,New York Knicks,NYK,2018-19,2018-19,1
sallejo01,John Salley,DET,Detroit Pistons,DET,1986-87,1991-92,6
sallejo01,John Salley,MIA,Miami Heat,MIA,1992-93,1994-95,3
sallejo01,John Salley,TOR,Toronto Raptors,TOR,1995-96,1995-96,1
sallejo01,John Salley,CHI,Chicago Bulls,CHI,1995-96,1995-96,1
sallejo01,John Salley,LAL,Los Angeles Lakers,LAL,1999-00,1999-00,1
wallajo01,John Wallace,NYK,New York Knicks,NYK,1996-97,1999-00,2
wallajo01,John Wallace,TOR,Toronto Raptors,TOR,1997-98,1998-99,2
wallajo01,John Wallace,DET,Detroit Pistons,DET,2000-01,2000-01,1
wallajo01,John Wallace,PHX,Phoenix Suns,PHO,2001-02,2001-02,1
wallajo01,John Wallace,MIA,Miami Heat,MIA,2003-04,2003-04,1
leuerjo01,Jon Leuer,MIL,Milwaukee Bucks,MIL,2011-12,2011-12,1
leuerjo01,Jon Leuer,CLE,Cleveland Cavaliers,CLE,2012-13,2012-13,1
leuerjo01,Jon Leuer,MEM,Memphis Grizzlies,MEM,2012-13,2014-15,3
leuerjo01,Jon Leuer,PHX,Phoenix Suns,PHO,2015-16,2015-16,1
leuerjo01,Jon Leuer,DET,Detroit Pistons,DET,2016-17,2018-19,3
belljo01,Jordan Bell,GSW,Golden State Warriors,GSW,2017-18,2020-21,3
belljo01,Jordan Bell,MIN,Minnesota Timberwolves,MIN,2019-20,2019-20,1
belljo01,Jordan Bell,MEM,Memphis Grizzlies,MEM,2019-20,2019-20,1
belljo01,Jordan Bell,WAS,Washington Wizards,WAS,2020-21,2020-21,1
belljo01,Jordan Bell,CHI,Chicago Bulls,CHI,2021-22,2021-22,1
crawfjo02,Jordan Crawford,ATL,Atlanta Hawks,ATL,2010-11,2010-11,1
crawfjo02,Jordan Crawford,WAS,Washington Wizards,WAS,2010-11,2012-13,3
crawfjo02,Jordan Crawford,BOS,Boston Celtics,BOS,2012-13,2013-14,2
crawfjo02,Jordan Crawford,GSW,Golden State Warriors,GSW,2013-14,2013-14,1
crawfjo02,Jordan Crawford,NOP,New Orleans Pelicans,NOP,2016-17,2017-18,2
farmajo01,Jordan Farmar,LAL,Los Angeles Lakers,LAL,2006-07,2013-14,5
farmajo01,Jordan Farmar,BKN,Brooklyn Nets,NJN,2010-11,2011-12,2
farmajo01,Jordan Farmar,LAC,LA Clippers,LAC,2014-15,2014-15,1
farmajo01,Jordan Farmar,MEM,Memphis Grizzlies,MEM,2015-16,2015-16,1
farmajo01,Jordan Farmar,SAC,Sacramento Kings,SAC,2016-17,2016-17,1
hilljo01,Jordan Hill,NYK,New York Knicks,NYK,2009-10,2009-10,1
hilljo01,Jordan Hill,HOU,Houston Rockets,HOU,2009-10,2011-12,3
hilljo01,Jordan Hill,LAL,Los Angeles Lakers,LAL,2011-12,2014-15,4
hilljo01,Jordan Hill,IND,Indiana Pacers,IND,2015-16,2015-16,1
hilljo01,Jordan Hill,MIN,Minnesota Timberwolves,MIN,2016-17,2016-17,1
mcraejo01,Jordan McRae,PHX,Phoenix Suns,PHO,2015-16,2015-16,1
mcraejo01,Jordan McRae,CLE,Cleveland Cavaliers,CLE,2015-16,2016-17,2
mcraejo01,Jordan McRae,WAS,Washington Wizards,WAS,2018-19,2019-20,2
mcraejo01,Jordan McRae,DEN,Denver Nuggets,DEN,2019-20,2019-20,1
mcraejo01,Jordan McRae,DET,Detroit Pistons,DET,2019-20,2019-20,1
smithjo03,Josh Smith,ATL,Atlanta Hawks,ATL,2004-05,2012-13,9
smithjo03,Josh Smith,DET,Detroit Pistons,DET,2013-14,2014-15,2
smithjo03,Josh Smith,HOU,Houston Rockets,HOU,2014-15,2015-16,2
smithjo03,Josh Smith,LAC,LA Clippers,LAC,2015-16,2015-16,1
smithjo03,Josh Smith,NOP,New Orleans Pelicans,NOP,2017-18,2017-18,1
holidjr01,Jrue Holiday,PHI,Philadelphia 76ers,PHI,2009-10,2012-13,4
holidjr01,Jrue Holiday,NOP,New Orleans Pelicans,NOP,2013-14,2019-20,7
holidjr01,Jrue Holiday,MIL,Milwaukee Bucks,MIL,2020-21,2022-23,3
holidjr01,Jrue Holiday,BOS,Boston Celtics,BOS,2023-24,2024-25,2
holidjr01,Jrue Holiday,POR,Portland Trail Blazers,POR,2025-26,2025-26,1
robinju01,Justin Robinson,WAS,Washington Wizards,WAS,2019-20,2019-20,1
robinju01,Justin Robinson,OKC,Oklahoma City Thunder,OKC,2020-21,2020-21,1
robinju01,Justin Robinson,MIL,Milwaukee Bucks,MIL,2021-22,2021-22,1
robinju01,Justin Robinson,SAC,Sacramento Kings,SAC,2021-22,2021-22,1
robinju01,Justin Robinson,DET,Detroit Pistons,DET,2021-22,2021-22,1
nurkiju01,Jusuf Nurkić,DEN,Denver Nuggets,DEN,2014-15,2016-17,3
nurkiju01,Jusuf Nurkić,POR,Portland Trail Blazers,POR,2016-17,2022-23,7
nurkiju01,Jusuf Nurkić,PHX,Phoenix Suns,PHO,2023-24,2024-25,2
nurkiju01,Jusuf Nurkić,CHA,Charlotte Hornets,CHO,2024-25,2024-25,1
nurkiju01,Jusuf Nurkić,UTA,Utah Jazz,UTA,2025-26,2025-26,1
rushka01,Kareem Rush,LAL,Los Angeles Lakers,LAL,2002-03,2004-05,3
rushka01,Kareem Rush,CHA,Charlotte Hornets,CHA,2004-05,2005-06,2
rushka01,Kareem Rush,IND,Indiana Pacers,IND,2007-08,2007-08,1
rushka01,Kareem Rush,PHI,Philadelphia 76ers,PHI,2008-09,2008-09,1
rushka01,Kareem Rush,LAC,LA Clippers,LAC,2009-10,2009-10,1
bateske01,Keita Bates-Diop,MIN,Minnesota Timberwolves,MIN,2018-19,2019-20,2
bateske01,Keita Bates-Diop,DEN,Denver Nuggets,DEN,2019-20,2019-20,1
bateske01,Keita Bates-Diop,SAS,San Antonio Spurs,SAS,2020-21,2022-23,3
bateske01,Keita Bates-Diop,PHX,Phoenix Suns,PHO,2023-24,2023-24,1
bateske01,Keita Bates-Diop,BKN,Brooklyn Nets,BRK,2023-24,2023-24,1
vanhoke01,Keith Van Horn,BKN,Brooklyn Nets,NJN,1997-98,2001-02,5
vanhoke01,Keith Van Horn,PHI,Philadelphia 76ers,PHI,2002-03,2002-03,1
vanhoke01,Keith Van Horn,NYK,New York Knicks,NYK,2003-04,2003-04,1
vanhoke01,Keith Van Horn,MIL,Milwaukee Bucks,MIL,2003-04,2004-05,2
vanhoke01,Keith Van Horn,DAL,Dallas Mavericks,DAL,2004-05,2005-06,2
oubreke01,Kelly Oubre Jr.,WAS,Washington Wizards,WAS,2015-16,2018-19,4
oubreke01,Kelly Oubre Jr.,PHX,Phoenix Suns,PHO,2018-19,2019-20,2
oubreke01,Kelly Oubre Jr.,GSW,Golden State Warriors,GSW,2020-21,2020-21,1
oubreke01,Kelly Oubre Jr.,CHA,Charlotte Hornets,CHO,2021-22,2022-23,2
oubreke01,Kelly Oubre Jr.,PHI,Philadelphia 76ers,PHI,2023-24,2025-26,3
catoke01,Kelvin Cato,POR,Portland Trail Blazers,POR,1997-98,1998-99,2
catoke01,Kelvin Cato,HOU,Houston Rockets,HOU,1999-00,2003-04,5
catoke01,Kelvin Cato,ORL,Orlando Magic,ORL,2004-05,2005-06,2
catoke01,Kelvin Cato,DET,Detroit Pistons,DET,2005-06,2005-06,1
catoke01,Kelvin Cato,NYK,New York Knicks,NYK,2006-07,2006-07,1
bazemke01,Kent Bazemore,GSW,Golden State Warriors,GSW,2012-13,2020-21,3
bazemke01,Kent Bazemore,LAL,Los Angeles Lakers,LAL,2013-14,2021-22,2
bazemke01,Kent Bazemore,ATL,Atlanta Hawks,ATL,2014-15,2018-19,5
bazemke01,Kent Bazemore,POR,Portland Trail Blazers,POR,2019-20,2019-20,1
bazemke01,Kent Bazemore,SAC,Sacramento Kings,SAC,2019-20,2019-20,1
martike01,Kenyon Martin,BKN,Brooklyn Nets,NJN,2000-01,2003-04,4
martike01,Kenyon Martin,DEN,Denver Nuggets,DEN,2004-05,2010-11,7
martike01,Kenyon Martin,LAC,LA Clippers,LAC,2011-12,2011-12,1
martike01,Kenyon Martin,NYK,New York Knicks,NYK,2012-13,2013-14,2
martike01,Kenyon Martin,MIL,Milwaukee Bucks,MIL,2014-15,2014-15,1
duckwke01,Kevin Duckworth,SAS,San Antonio Spurs,SAS,1986-87,1986-87,1
duckwke01,Kevin Duckworth,POR,Portland Trail Blazers,POR,1986-87,1992-93,7
duckwke01,Kevin Duckworth,WAS,Washington Wizards,WSB,1993-94,1994-95,2
duckwke01,Kevin Duckworth,MIL,Milwaukee Bucks,MIL,1995-96,1995-96,1
duckwke01,Kevin Duckworth,LAC,LA Clippers,LAC,1996-97,1996-97,1
duranke01,Kevin Durant,OKC,Oklahoma City Thunder,"OKC,SEA",2007-08,2015-16,9
duranke01,Kevin Durant,GSW,Golden State Warriors,GSW,2016-17,2018-19,3
duranke01,Kevin Durant,BKN,Brooklyn Nets,BRK,2020-21,2022-23,3
duranke01,Kevin Durant,PHX,Phoenix Suns,PHO,2022-23,2024-25,3
duranke01,Kevin Durant,HOU,Houston Rockets,HOU,2025-26,2025-26,1
knoxke01,Kevin Knox,NYK,New York Knicks,NYK,2018-19,2021-22,4
knoxke01,Kevin Knox,ATL,Atlanta Hawks,ATL,2021-22,2021-22,1
knoxke01,Kevin Knox,DET,Detroit Pistons,DET,2022-23,2023-24,2
knoxke01,Kevin Knox,POR,Portland Trail Blazers,POR,2022-23,2022-23,1
knoxke01,Kevin Knox,GSW,Golden State Warriors,GSW,2024-25,2024-25,1
martike02,Kevin Martin,SAC,Sacramento Kings,SAC,2004-05,2009-10,6
martike02,Kevin Martin,HOU,Houston Rockets,HOU,2009-10,2011-12,3
martike02,Kevin Martin,OKC,Oklahoma City Thunder,OKC,2012-13,2012-13,1
martike02,Kevin Martin,MIN,Minnesota Timberwolves,MIN,2013-14,2015-16,3
martike02,Kevin Martin,SAS,San Antonio Spurs,SAS,2015-16,2015-16,1
pritcke01,Kevin Pritchard,GSW,Golden State Warriors,GSW,1990-91,1990-91,1
pritcke01,Kevin Pritchard,BOS,Boston Celtics,BOS,1991-92,1991-92,1
pritcke01,Kevin Pritchard,PHI,Philadelphia 76ers,PHI,1994-95,1994-95,1
pritcke01,Kevin Pritchard,MIA,Miami Heat,MIA,1994-95,1994-95,1
pritcke01,Kevin Pritchard,WAS,Washington Wizards,WSB,1995-96,1995-96,1
willike01,Kevin Williams,SAS,San Antonio Spurs,SAS,1983-84,1983-84,1
willike01,Kevin Williams,CLE,Cleveland Cavaliers,CLE,1984-85,1984-85,1
willike01,Kevin Williams,OKC,Oklahoma City Thunder,SEA,1986-87,1987-88,2
willike01,Kevin Williams,BKN,Brooklyn Nets,NJN,1988-89,1988-89,1
willike01,Kevin Williams,LAC,LA Clippers,LAC,1988-89,1988-89,1
koufoko01,Kosta Koufos,UTA,Utah Jazz,UTA,2008-09,2009-10,2
koufoko01,Kosta Koufos,MIN,Minnesota Timberwolves,MIN,2010-11,2010-11,1
koufoko01,Kosta Koufos,DEN,Denver Nuggets,DEN,2010-11,2012-13,3
koufoko01,Kosta Koufos,MEM,Memphis Grizzlies,MEM,2013-14,2014-15,2
koufoko01,Kosta Koufos,SAC,Sacramento Kings,SAC,2015-16,2018-19,4
nimphku01,Kurt Nimphius,DAL,Dallas Mavericks,DAL,1981-82,1985-86,5
nimphku01,Kurt Nimphius,LAC,LA Clippers,LAC,1985-86,1986-87,2
nimphku01,Kurt Nimphius,DET,Detroit Pistons,DET,1986-87,1986-87,1
nimphku01,Kurt Nimphius,SAS,San Antonio Spurs,SAS,1987-88,1987-88,1
nimphku01,Kurt Nimphius,PHI,Philadelphia 76ers,PHI,1989-90,1989-90,1
lowryky01,Kyle Lowry,MEM,Memphis Grizzlies,MEM,2006-07,2008-09,3
lowryky01,Kyle Lowry,HOU,Houston Rockets,HOU,2008-09,2011-12,4
lowryky01,Kyle Lowry,TOR,Toronto Raptors,TOR,2012-13,2020-21,9
lowryky01,Kyle Lowry,MIA,Miami Heat,MIA,2021-22,2023-24,3
lowryky01,Kyle Lowry,PHI,Philadelphia 76ers,PHI,2023-24,2025-26,3
nancela02,Larry Nance Jr.,LAL,Los Angeles Lakers,LAL,2015-16,2017-18,3
nancela02,Larry Nance Jr.,CLE,Cleveland Cavaliers,CLE,2017-18,2025-26,5
nancela02,Larry Nance Jr.,POR,Portland Trail Blazers,POR,2021-22,2021-22,1
nancela02,Larry Nance Jr.,NOP,New Orleans Pelicans,NOP,2021-22,2023-24,3
nancela02,Larry Nance Jr.,ATL,Atlanta Hawks,ATL,2024-25,2024-25,1
barbole01,Leandro Barbosa,PHX,Phoenix Suns,PHO,2003-04,2016-17,9
barbole01,Leandro Barbosa,TOR,Toronto Raptors,TOR,2010-11,2011-12,2
barbole01,Leandro Barbosa,IND,Indiana Pacers,IND,2011-12,2011-12,1
barbole01,Leandro Barbosa,BOS,Boston Celtics,BOS,2012-13,2012-13,1
barbole01,Leandro Barbosa,GSW,Golden State Warriors,GSW,2014-15,2015-16,2
hudsole01,Lester Hudson,BOS,Boston Celtics,BOS,2009-10,2009-10,1
hudsole01,Lester Hudson,MEM,Memphis Grizzlies,MEM,2009-10,2011-12,2
hudsole01,Lester Hudson,WAS,Washington Wizards,WAS,2010-11,2010-11,1
hudsole01,Lester Hudson,CLE,Cleveland Cavaliers,CLE,2011-12,2011-12,1
hudsole01,Lester Hudson,LAC,LA Clippers,LAC,2014-15,2014-15,1
hunteli01,Lindsey Hunter,DET,Detroit Pistons,DET,1993-94,2007-08,12
hunteli01,Lindsey Hunter,MIL,Milwaukee Bucks,MIL,2000-01,2000-01,1
hunteli01,Lindsey Hunter,LAL,Los Angeles Lakers,LAL,2001-02,2001-02,1
hunteli01,Lindsey Hunter,TOR,Toronto Raptors,TOR,2002-03,2002-03,1
hunteli01,Lindsey Hunter,CHI,Chicago Bulls,CHI,2008-09,2009-10,2
hollili01,Lionel Hollins,POR,Portland Trail Blazers,POR,1979-80,1979-80,1
hollili01,Lionel Hollins,PHI,Philadelphia 76ers,PHI,1979-80,1981-82,3
hollili01,Lionel Hollins,LAC,LA Clippers,SDC,1982-83,1982-83,1
hollili01,Lionel Hollins,DET,Detroit Pistons,DET,1983-84,1983-84,1
hollili01,Lionel Hollins,HOU,Houston Rockets,HOU,1984-85,1984-85,1
wrighlo02,Lorenzen Wright,LAC,LA Clippers,LAC,1996-97,1998-99,3
wrighlo02,Lorenzen Wright,ATL,Atlanta Hawks,ATL,1999-00,2007-08,4
wrighlo02,Lorenzen Wright,MEM,Memphis Grizzlies,MEM,2001-02,2005-06,5
wrighlo02,Lorenzen Wright,SAC,Sacramento Kings,SAC,2007-08,2007-08,1
wrighlo02,Lorenzen Wright,CLE,Cleveland Cavaliers,CLE,2008-09,2008-09,1
willilo01,Lorenzo Williams,CHA,Charlotte Hornets,CHH,1992-93,1993-94,2
willilo01,Lorenzo Williams,ORL,Orlando Magic,ORL,1992-93,1993-94,2
willilo01,Lorenzo Williams,BOS,Boston Celtics,BOS,1992-93,1992-93,1
willilo01,Lorenzo Williams,DAL,Dallas Mavericks,DAL,1993-94,1995-96,3
willilo01,Lorenzo Williams,WAS,Washington Wizards,"WAS,WSB",1996-97,1999-00,3
scolalu01,Luis Scola,HOU,Houston Rockets,HOU,2007-08,2011-12,5
scolalu01,Luis Scola,PHX,Phoenix Suns,PHO,2012-13,2012-13,1
scolalu01,Luis Scola,IND,Indiana Pacers,IND,2013-14,2014-15,2
scolalu01,Luis Scola,TOR,Toronto Raptors,TOR,2015-16,2015-16,1
scolalu01,Luis Scola,BKN,Brooklyn Nets,BRK,2016-17,2016-17,1
kennalu01,Luke Kennard,DET,Detroit Pistons,DET,2017-18,2019-20,3
kennalu01,Luke Kennard,LAC,LA Clippers,LAC,2020-21,2022-23,3
kennalu01,Luke Kennard,MEM,Memphis Grizzlies,MEM,2022-23,2024-25,3
kennalu01,Luke Kennard,ATL,Atlanta Hawks,ATL,2025-26,2025-26,1
kennalu01,Luke Kennard,LAL,Los Angeles Lakers,LAL,2025-26,2025-26,1
ridnolu01,Luke Ridnour,OKC,Oklahoma City Thunder,SEA,2003-04,2007-08,5
ridnolu01,Luke Ridnour,MIL,Milwaukee Bucks,MIL,2008-09,2013-14,3
ridnolu01,Luke Ridnour,MIN,Minnesota Timberwolves,MIN,2010-11,2012-13,3
ridnolu01,Luke Ridnour,CHA,Charlotte Hornets,CHA,2013-14,2013-14,1
ridnolu01,Luke Ridnour,ORL,Orlando Magic,ORL,2014-15,2014-15,1
denglu01,Luol Deng,CHI,Chicago Bulls,CHI,2004-05,2013-14,10
denglu01,Luol Deng,CLE,Cleveland Cavaliers,CLE,2013-14,2013-14,1
denglu01,Luol Deng,MIA,Miami Heat,MIA,2014-15,2015-16,2
denglu01,Luol Deng,LAL,Los Angeles Lakers,LAL,2016-17,2017-18,2
denglu01,Luol Deng,MIN,Minnesota Timberwolves,MIN,2018-19,2018-19,1
mccluma01,Mac McClung,CHI,Chicago Bulls,CHI,2021-22,2025-26,2
mccluma01,Mac McClung,LAL,Los Angeles Lakers,LAL,2021-22,2021-22,1
mccluma01,Mac McClung,PHI,Philadelphia 76ers,PHI,2022-23,2022-23,1
mccluma01,Mac McClung,ORL,Orlando Magic,ORL,2024-25,2024-25,1
mccluma01,Mac McClung,IND,Indiana Pacers,IND,2025-26,2025-26,1
brogdma01,Malcolm Brogdon,MIL,Milwaukee Bucks,MIL,2016-17,2018-19,3
brogdma01,Malcolm Brogdon,IND,Indiana Pacers,IND,2019-20,2021-22,3
brogdma01,Malcolm Brogdon,BOS,Boston Celtics,BOS,2022-23,2022-23,1
brogdma01,Malcolm Brogdon,POR,Portland Trail Blazers,POR,2023-24,2023-24,1
brogdma01,Malcolm Brogdon,WAS,Washington Wizards,WAS,2024-25,2024-25,1
thomama01,Malcolm Thomas,SAS,San Antonio Spurs,SAS,2011-12,2013-14,2
thomama01,Malcolm Thomas,GSW,Golden State Warriors,GSW,2012-13,2012-13,1
thomama01,Malcolm Thomas,CHI,Chicago Bulls,CHI,2012-13,2012-13,1
thomama01,Malcolm Thomas,UTA,Utah Jazz,UTA,2013-14,2013-14,1
thomama01,Malcolm Thomas,PHI,Philadelphia 76ers,PHI,2014-15,2014-15,1
diakima01,Mamadi Diakite,MIL,Milwaukee Bucks,MIL,2020-21,2020-21,1
diakima01,Mamadi Diakite,OKC,Oklahoma City Thunder,OKC,2021-22,2021-22,1
diakima01,Mamadi Diakite,CLE,Cleveland Cavaliers,CLE,2022-23,2022-23,1
diakima01,Mamadi Diakite,SAS,San Antonio Spurs,SAS,2023-24,2023-24,1
diakima01,Mamadi Diakite,NYK,New York Knicks,NYK,2023-24,2023-24,1
brookma01,MarShon Brooks,BKN,Brooklyn Nets,"BRK,NJN",2011-12,2012-13,2
brookma01,MarShon Brooks,BOS,Boston Celtics,BOS,2013-14,2013-14,1
brookma01,MarShon Brooks,GSW,Golden State Warriors,GSW,2013-14,2013-14,1
brookma01,MarShon Brooks,LAL,Los Angeles Lakers,LAL,2013-14,2013-14,1
brookma01,MarShon Brooks,MEM,Memphis Grizzlies,MEM,2017-18,2018-19,2
jacksma02,Marc Jackson,GSW,Golden State Warriors,GSW,2000-01,2001-02,2
jacksma02,Marc Jackson,MIN,Minnesota Timberwolves,MIN,2001-02,2002-03,2
jacksma02,Marc Jackson,PHI,Philadelphia 76ers,PHI,2003-04,2004-05,2
jacksma02,Marc Jackson,BKN,Brooklyn Nets,NJN,2005-06,2005-06,1
jacksma02,Marc Jackson,NOP,New Orleans Pelicans,NOK,2005-06,2006-07,2
banksma01,Marcus Banks,BOS,Boston Celtics,BOS,2003-04,2005-06,3
banksma01,Marcus Banks,MIN,Minnesota Timberwolves,MIN,2005-06,2005-06,1
banksma01,Marcus Banks,PHX,Phoenix Suns,PHO,2006-07,2007-08,2
banksma01,Marcus Banks,MIA,Miami Heat,MIA,2007-08,2008-09,2
banksma01,Marcus Banks,TOR,Toronto Raptors,TOR,2008-09,2010-11,3
mcnamma01,Mark McNamara,PHI,Philadelphia 76ers,PHI,1982-83,1987-88,3
mcnamma01,Mark McNamara,SAS,San Antonio Spurs,SAS,1983-84,1984-85,2
mcnamma01,Mark McNamara,SAC,Sacramento Kings,KCK,1984-85,1984-85,1
mcnamma01,Mark McNamara,LAL,Los Angeles Lakers,LAL,1988-89,1989-90,2
mcnamma01,Mark McNamara,ORL,Orlando Magic,ORL,1990-91,1990-91,1
chrisma01,Marquese Chriss,PHX,Phoenix Suns,PHO,2016-17,2017-18,2
chrisma01,Marquese Chriss,HOU,Houston Rockets,HOU,2018-19,2018-19,1
chrisma01,Marquese Chriss,CLE,Cleveland Cavaliers,CLE,2018-19,2018-19,1
chrisma01,Marquese Chriss,GSW,Golden State Warriors,GSW,2019-20,2020-21,2
chrisma01,Marquese Chriss,DAL,Dallas Mavericks,DAL,2021-22,2021-22,1
baglema01,Marvin Bagley III,SAC,Sacramento Kings,SAC,2018-19,2021-22,4
baglema01,Marvin Bagley III,DET,Detroit Pistons,DET,2021-22,2023-24,3
baglema01,Marvin Bagley III,WAS,Washington Wizards,WAS,2023-24,2025-26,3
baglema01,Marvin Bagley III,MEM,Memphis Grizzlies,MEM,2024-25,2024-25,1
baglema01,Marvin Bagley III,DAL,Dallas Mavericks,DAL,2025-26,2025-26,1
fishma01,Matt Fish,LAC,LA Clippers,LAC,1994-95,1994-95,1
fishma01,Matt Fish,NYK,New York Knicks,NYK,1995-96,1995-96,1
fishma01,Matt Fish,DEN,Denver Nuggets,DEN,1995-96,1995-96,1
fishma01,Matt Fish,WAS,Washington Wizards,WSB,1996-97,1996-97,1
fishma01,Matt Fish,MIA,Miami Heat,MIA,1996-97,1996-97,1
ryanma01,Matt Ryan,BOS,Boston Celtics,BOS,2021-22,2021-22,1
ryanma01,Matt Ryan,LAL,Los Angeles Lakers,LAL,2022-23,2022-23,1
ryanma01,Matt Ryan,MIN,Minnesota Timberwolves,MIN,2022-23,2022-23,1
ryanma01,Matt Ryan,NOP,New Orleans Pelicans,NOP,2023-24,2023-24,1
ryanma01,Matt Ryan,NYK,New York Knicks,NYK,2024-25,2024-25,1
cheekma01,Maurice Cheeks,PHI,Philadelphia 76ers,PHI,1979-80,1988-89,10
cheekma01,Maurice Cheeks,SAS,San Antonio Spurs,SAS,1989-90,1989-90,1
cheekma01,Maurice Cheeks,NYK,New York Knicks,NYK,1989-90,1990-91,2
cheekma01,Maurice Cheeks,ATL,Atlanta Hawks,ATL,1991-92,1991-92,1
cheekma01,Maurice Cheeks,BKN,Brooklyn Nets,NJN,1992-93,1992-93,1
elyme01,Melvin Ely,LAC,LA Clippers,LAC,2002-03,2003-04,2
elyme01,Melvin Ely,CHA,Charlotte Hornets,CHA,2004-05,2006-07,3
elyme01,Melvin Ely,SAS,San Antonio Spurs,SAS,2006-07,2006-07,1
elyme01,Melvin Ely,NOP,New Orleans Pelicans,"NOH,NOP",2007-08,2013-14,3
elyme01,Melvin Ely,DEN,Denver Nuggets,DEN,2010-11,2010-11,1
bradlmi01,Michael Bradley,TOR,Toronto Raptors,TOR,2001-02,2003-04,3
bradlmi01,Michael Bradley,ATL,Atlanta Hawks,ATL,2003-04,2003-04,1
bradlmi01,Michael Bradley,ORL,Orlando Magic,ORL,2004-05,2004-05,1
bradlmi01,Michael Bradley,SAC,Sacramento Kings,SAC,2004-05,2004-05,1
bradlmi01,Michael Bradley,PHI,Philadelphia 76ers,PHI,2004-05,2005-06,2
cagemi01,Michael Cage,LAC,LA Clippers,LAC,1984-85,1987-88,4
cagemi01,Michael Cage,OKC,Oklahoma City Thunder,SEA,1988-89,1993-94,6
cagemi01,Michael Cage,CLE,Cleveland Cavaliers,CLE,1994-95,1995-96,2
cagemi01,Michael Cage,PHI,Philadelphia 76ers,PHI,1996-97,1996-97,1
cagemi01,Michael Cage,BKN,Brooklyn Nets,NJN,1997-98,1999-00,2
stewami01,Michael Stewart,SAC,Sacramento Kings,SAC,1997-98,1997-98,1
stewami01,Michael Stewart,TOR,Toronto Raptors,TOR,1998-99,2001-02,4
stewami01,Michael Stewart,CLE,Cleveland Cavaliers,CLE,2002-03,2003-04,2
stewami01,Michael Stewart,BOS,Boston Celtics,BOS,2003-04,2003-04,1
stewami01,Michael Stewart,ATL,Atlanta Hawks,ATL,2004-05,2004-05,1
pietrmi01,Mickaël Piétrus,GSW,Golden State Warriors,GSW,2003-04,2007-08,5
pietrmi01,Mickaël Piétrus,ORL,Orlando Magic,ORL,2008-09,2010-11,3
pietrmi01,Mickaël Piétrus,PHX,Phoenix Suns,PHO,2010-11,2010-11,1
pietrmi01,Mickaël Piétrus,BOS,Boston Celtics,BOS,2011-12,2011-12,1
pietrmi01,Mickaël Piétrus,TOR,Toronto Raptors,TOR,2012-13,2012-13,1
brownmi01,Mike Brown,CHI,Chicago Bulls,CHI,1986-87,1987-88,2
brownmi01,Mike Brown,UTA,Utah Jazz,UTA,1988-89,1992-93,5
brownmi01,Mike Brown,MIN,Minnesota Timberwolves,MIN,1993-94,1994-95,2
brownmi01,Mike Brown,PHI,Philadelphia 76ers,PHI,1995-96,1995-96,1
brownmi01,Mike Brown,PHX,Phoenix Suns,PHO,1996-97,1996-97,1
mcgeemi01,Mike McGee,LAL,Los Angeles Lakers,LAL,1981-82,1985-86,5
mcgeemi01,Mike McGee,ATL,Atlanta Hawks,ATL,1986-87,1987-88,2
mcgeemi01,Mike McGee,SAC,Sacramento Kings,SAC,1987-88,1987-88,1
mcgeemi01,Mike McGee,BKN,Brooklyn Nets,NJN,1988-89,1988-89,1
mcgeemi01,Mike McGee,PHX,Phoenix Suns,PHO,1989-90,1989-90,1
smrekmi01,Mike Smrek,CHI,Chicago Bulls,CHI,1985-86,1985-86,1
smrekmi01,Mike Smrek,LAL,Los Angeles Lakers,LAL,1986-87,1987-88,2
smrekmi01,Mike Smrek,SAS,San Antonio Spurs,SAS,1988-89,1988-89,1
smrekmi01,Mike Smrek,GSW,Golden State Warriors,GSW,1989-90,1991-92,3
smrekmi01,Mike Smrek,LAC,LA Clippers,LAC,1990-91,1990-91,1
plumlmi01,Miles Plumlee,IND,Indiana Pacers,IND,2012-13,2012-13,1
plumlmi01,Miles Plumlee,PHX,Phoenix Suns,PHO,2013-14,2014-15,2
plumlmi01,Miles Plumlee,MIL,Milwaukee Bucks,MIL,2014-15,2016-17,3
plumlmi01,Miles Plumlee,CHA,Charlotte Hornets,CHO,2016-17,2016-17,1
plumlmi01,Miles Plumlee,ATL,Atlanta Hawks,ATL,2017-18,2018-19,2
willimo01,Monty Williams,NYK,New York Knicks,NYK,1994-95,1995-96,2
willimo01,Monty Williams,SAS,San Antonio Spurs,SAS,1995-96,1997-98,3
willimo01,Monty Williams,DEN,Denver Nuggets,DEN,1998-99,1998-99,1
willimo01,Monty Williams,ORL,Orlando Magic,ORL,1999-00,2001-02,3
willimo01,Monty Williams,PHI,Philadelphia 76ers,PHI,2002-03,2002-03,1
norrimo01,Moochie Norris,MEM,Memphis Grizzlies,VAN,1996-97,1996-97,1
norrimo01,Moochie Norris,OKC,Oklahoma City Thunder,SEA,1998-99,1998-99,1
norrimo01,Moochie Norris,HOU,Houston Rockets,HOU,1999-00,2005-06,7
norrimo01,Moochie Norris,NYK,New York Knicks,NYK,2003-04,2004-05,2
norrimo01,Moochie Norris,NOP,New Orleans Pelicans,NOK,2005-06,2005-06,1
wileymo01,Morlon Wiley,DAL,Dallas Mavericks,DAL,1988-89,1994-95,4
wileymo01,Morlon Wiley,ORL,Orlando Magic,ORL,1989-90,1991-92,3
wileymo01,Morlon Wiley,SAS,San Antonio Spurs,SAS,1991-92,1991-92,1
wileymo01,Morlon Wiley,ATL,Atlanta Hawks,ATL,1991-92,1994-95,3
wileymo01,Morlon Wiley,MIA,Miami Heat,MIA,1993-94,1993-94,1
knighne01,Negele Knight,PHX,Phoenix Suns,PHO,1990-91,1993-94,4
knighne01,Negele Knight,SAS,San Antonio Spurs,SAS,1993-94,1993-94,1
knighne01,Negele Knight,POR,Portland Trail Blazers,POR,1994-95,1994-95,1
knighne01,Negele Knight,DET,Detroit Pistons,DET,1994-95,1994-95,1
knighne01,Negele Knight,TOR,Toronto Raptors,TOR,1998-99,1998-99,1
pelleno01,Norvel Pelle,PHI,Philadelphia 76ers,PHI,2019-20,2019-20,1
pelleno01,Norvel Pelle,BKN,Brooklyn Nets,BRK,2020-21,2020-21,1
pelleno01,Norvel Pelle,SAC,Sacramento Kings,SAC,2020-21,2020-21,1
pelleno01,Norvel Pelle,NYK,New York Knicks,NYK,2020-21,2020-21,1
pelleno01,Norvel Pelle,UTA,Utah Jazz,UTA,2021-22,2021-22,1
ekeziob01,Obinna Ekezie,MEM,Memphis Grizzlies,VAN,1999-00,1999-00,1
ekeziob01,Obinna Ekezie,WAS,Washington Wizards,WAS,2000-01,2000-01,1
ekeziob01,Obinna Ekezie,DAL,Dallas Mavericks,DAL,2000-01,2000-01,1
ekeziob01,Obinna Ekezie,LAC,LA Clippers,LAC,2001-02,2001-02,1
ekeziob01,Obinna Ekezie,ATL,Atlanta Hawks,ATL,2004-05,2004-05,1
polynol01,Olden Polynice,OKC,Oklahoma City Thunder,SEA,1987-88,1998-99,5
polynol01,Olden Polynice,LAC,LA Clippers,LAC,1990-91,2003-04,3
polynol01,Olden Polynice,DET,Detroit Pistons,DET,1992-93,1993-94,2
polynol01,Olden Polynice,SAC,Sacramento Kings,SAC,1993-94,1997-98,5
polynol01,Olden Polynice,UTA,Utah Jazz,UTA,1999-00,2000-01,2
harriot01,Othella Harrington,HOU,Houston Rockets,HOU,1996-97,1998-99,3
harriot01,Othella Harrington,MEM,Memphis Grizzlies,VAN,1999-00,2000-01,2
harriot01,Othella Harrington,NYK,New York Knicks,NYK,2000-01,2003-04,4
harriot01,Othella Harrington,CHI,Chicago Bulls,CHI,2004-05,2005-06,2
harriot01,Othella Harrington,CHA,Charlotte Hornets,CHA,2006-07,2007-08,2
porteot01,Otto Porter Jr.,WAS,Washington Wizards,WAS,2013-14,2018-19,6
porteot01,Otto Porter Jr.,CHI,Chicago Bulls,CHI,2018-19,2020-21,3
porteot01,Otto Porter Jr.,ORL,Orlando Magic,ORL,2020-21,2020-21,1
porteot01,Otto Porter Jr.,GSW,Golden State Warriors,GSW,2021-22,2021-22,1
porteot01,Otto Porter Jr.,TOR,Toronto Raptors,TOR,2022-23,2023-24,2
doziepj01,PJ Dozier,OKC,Oklahoma City Thunder,OKC,2017-18,2017-18,1
doziepj01,PJ Dozier,BOS,Boston Celtics,BOS,2018-19,2018-19,1
doziepj01,PJ Dozier,DEN,Denver Nuggets,DEN,2019-20,2021-22,3
doziepj01,PJ Dozier,SAC,Sacramento Kings,SAC,2022-23,2022-23,1
doziepj01,PJ Dozier,MIN,Minnesota Timberwolves,MIN,2024-25,2024-25,1
cummipa01,Pat Cummings,MIL,Milwaukee Bucks,MIL,1979-80,1981-82,3
cummipa01,Pat Cummings,DAL,Dallas Mavericks,DAL,1982-83,1983-84,2
cummipa01,Pat Cummings,NYK,New York Knicks,NYK,1984-85,1987-88,4
cummipa01,Pat Cummings,MIA,Miami Heat,MIA,1988-89,1989-90,2
cummipa01,Pat Cummings,UTA,Utah Jazz,UTA,1990-91,1990-91,1
baldwpa01,Patrick Baldwin Jr.,GSW,Golden State Warriors,GSW,2022-23,2022-23,1
baldwpa01,Patrick Baldwin Jr.,WAS,Washington Wizards,WAS,2023-24,2024-25,2
baldwpa01,Patrick Baldwin Jr.,LAC,LA Clippers,LAC,2024-25,2025-26,2
baldwpa01,Patrick Baldwin Jr.,PHI,Philadelphia 76ers,PHI,2025-26,2025-26,1
baldwpa01,Patrick Baldwin Jr.,SAC,Sacramento Kings,SAC,2025-26,2025-26,1
pattepa01,Patrick Patterson,HOU,Houston Rockets,HOU,2010-11,2012-13,3
pattepa01,Patrick Patterson,SAC,Sacramento Kings,SAC,2012-13,2013-14,2
pattepa01,Patrick Patterson,TOR,Toronto Raptors,TOR,2013-14,2016-17,4
pattepa01,Patrick Patterson,OKC,Oklahoma City Thunder,OKC,2017-18,2018-19,2
pattepa01,Patrick Patterson,LAC,LA Clippers,LAC,2019-20,2020-21,2
gasolpa01,Pau Gasol,MEM,Memphis Grizzlies,MEM,2001-02,2007-08,7
gasolpa01,Pau Gasol,LAL,Los Angeles Lakers,LAL,2007-08,2013-14,7
gasolpa01,Pau Gasol,CHI,Chicago Bulls,CHI,2014-15,2015-16,2
gasolpa01,Pau Gasol,SAS,San Antonio Spurs,SAS,2016-17,2018-19,3
gasolpa01,Pau Gasol,MIL,Milwaukee Bucks,MIL,2018-19,2018-19,1
millspa01,Paul Millsap,UTA,Utah Jazz,UTA,2006-07,2012-13,7
millspa01,Paul Millsap,ATL,Atlanta Hawks,ATL,2013-14,2016-17,4
millspa01,Paul Millsap,DEN,Denver Nuggets,DEN,2017-18,2020-21,4
millspa01,Paul Millsap,BKN,Brooklyn Nets,BRK,2021-22,2021-22,1
millspa01,Paul Millsap,PHI,Philadelphia 76ers,PHI,2021-22,2021-22,1
mokespa01,Paul Mokeski,HOU,Houston Rockets,HOU,1979-80,1979-80,1
mokespa01,Paul Mokeski,DET,Detroit Pistons,DET,1980-81,1981-82,2
mokespa01,Paul Mokeski,CLE,Cleveland Cavaliers,CLE,1981-82,1989-90,3
mokespa01,Paul Mokeski,MIL,Milwaukee Bucks,MIL,1982-83,1988-89,7
mokespa01,Paul Mokeski,GSW,Golden State Warriors,GSW,1990-91,1990-91,1
stojape01,Peja Stojaković,SAC,Sacramento Kings,SAC,1998-99,2005-06,8
stojape01,Peja Stojaković,IND,Indiana Pacers,IND,2005-06,2005-06,1
stojape01,Peja Stojaković,NOP,New Orleans Pelicans,"NOH,NOK",2006-07,2010-11,5
stojape01,Peja Stojaković,TOR,Toronto Raptors,TOR,2010-11,2010-11,1
stojape01,Peja Stojaković,DAL,Dallas Mavericks,DAL,2010-11,2010-11,1
mensapo01,Pops Mensah-Bonsu,DAL,Dallas Mavericks,DAL,2006-07,2006-07,1
mensapo01,Pops Mensah-Bonsu,SAS,San Antonio Spurs,SAS,2008-09,2008-09,1
mensapo01,Pops Mensah-Bonsu,TOR,Toronto Raptors,TOR,2008-09,2009-10,2
mensapo01,Pops Mensah-Bonsu,HOU,Houston Rockets,HOU,2009-10,2009-10,1
mensapo01,Pops Mensah-Bonsu,NOP,New Orleans Pelicans,NOH,2010-11,2010-11,1
richaqu01,Quentin Richardson,LAC,LA Clippers,LAC,2000-01,2003-04,4
richaqu01,Quentin Richardson,PHX,Phoenix Suns,PHO,2004-05,2004-05,1
richaqu01,Quentin Richardson,NYK,New York Knicks,NYK,2005-06,2012-13,5
richaqu01,Quentin Richardson,MIA,Miami Heat,MIA,2009-10,2009-10,1
richaqu01,Quentin Richardson,ORL,Orlando Magic,ORL,2010-11,2011-12,2
cookqu01,Quinn Cook,DAL,Dallas Mavericks,DAL,2016-17,2016-17,1
cookqu01,Quinn Cook,NOP,New Orleans Pelicans,NOP,2016-17,2016-17,1
cookqu01,Quinn Cook,GSW,Golden State Warriors,GSW,2017-18,2018-19,2
cookqu01,Quinn Cook,LAL,Los Angeles Lakers,LAL,2019-20,2020-21,2
cookqu01,Quinn Cook,CLE,Cleveland Cavaliers,CLE,2020-21,2020-21,1
rossqu01,Quinton Ross,LAC,LA Clippers,LAC,2004-05,2007-08,4
rossqu01,Quinton Ross,MEM,Memphis Grizzlies,MEM,2008-09,2008-09,1
rossqu01,Quinton Ross,DAL,Dallas Mavericks,DAL,2009-10,2009-10,1
rossqu01,Quinton Ross,WAS,Washington Wizards,WAS,2009-10,2009-10,1
rossqu01,Quinton Ross,BKN,Brooklyn Nets,NJN,2010-11,2010-11,1
jacksre01,Reggie Jackson,OKC,Oklahoma City Thunder,OKC,2011-12,2014-15,4
jacksre01,Reggie Jackson,DET,Detroit Pistons,DET,2014-15,2019-20,6
jacksre01,Reggie Jackson,LAC,LA Clippers,LAC,2019-20,2022-23,4
jacksre01,Reggie Jackson,DEN,Denver Nuggets,DEN,2022-23,2023-24,2
jacksre01,Reggie Jackson,PHI,Philadelphia 76ers,PHI,2024-25,2024-25,1
johnsre01,Reggie Johnson,SAS,San Antonio Spurs,SAS,1980-81,1981-82,2
johnsre01,Reggie Johnson,CLE,Cleveland Cavaliers,CLE,1981-82,1981-82,1
johnsre01,Reggie Johnson,SAC,Sacramento Kings,KCK,1981-82,1982-83,2
johnsre01,Reggie Johnson,PHI,Philadelphia 76ers,PHI,1982-83,1982-83,1
johnsre01,Reggie Johnson,BKN,Brooklyn Nets,NJN,1983-84,1983-84,1
jordare01,Reggie Jordan,LAL,Los Angeles Lakers,LAL,1993-94,1993-94,1
jordare01,Reggie Jordan,ATL,Atlanta Hawks,ATL,1995-96,1995-96,1
jordare01,Reggie Jordan,POR,Portland Trail Blazers,POR,1996-97,1996-97,1
jordare01,Reggie Jordan,MIN,Minnesota Timberwolves,MIN,1996-97,1998-99,3
jordare01,Reggie Jordan,WAS,Washington Wizards,WAS,1999-00,1999-00,1
theusre01,Reggie Theus,CHI,Chicago Bulls,CHI,1979-80,1983-84,5
theusre01,Reggie Theus,SAC,Sacramento Kings,"KCK,SAC",1983-84,1987-88,5
theusre01,Reggie Theus,ATL,Atlanta Hawks,ATL,1988-89,1988-89,1
theusre01,Reggie Theus,ORL,Orlando Magic,ORL,1989-90,1989-90,1
theusre01,Reggie Theus,BKN,Brooklyn Nets,NJN,1990-91,1990-91,1
willire02,Reggie Williams,GSW,Golden State Warriors,GSW,2009-10,2010-11,2
willire02,Reggie Williams,CHA,Charlotte Hornets,CHA,2011-12,2012-13,2
willire02,Reggie Williams,OKC,Oklahoma City Thunder,OKC,2013-14,2013-14,1
willire02,Reggie Williams,SAS,San Antonio Spurs,SAS,2014-15,2014-15,1
willire02,Reggie Williams,NOP,New Orleans Pelicans,NOP,2016-17,2016-17,1
kelleri01,Rich Kelley,BKN,Brooklyn Nets,NJN,1979-80,1979-80,1
kelleri01,Rich Kelley,PHX,Phoenix Suns,PHO,1979-80,1981-82,3
kelleri01,Rich Kelley,DEN,Denver Nuggets,DEN,1982-83,1982-83,1
kelleri01,Rich Kelley,UTA,Utah Jazz,UTA,1982-83,1984-85,3
kelleri01,Rich Kelley,SAC,Sacramento Kings,SAC,1985-86,1985-86,1
anderri01,Richard Anderson,LAC,LA Clippers,SDC,1982-83,1982-83,1
anderri01,Richard Anderson,DEN,Denver Nuggets,DEN,1983-84,1983-84,1
anderri01,Richard Anderson,HOU,Houston Rockets,HOU,1986-87,1987-88,2
anderri01,Richard Anderson,POR,Portland Trail Blazers,POR,1987-88,1988-89,2
anderri01,Richard Anderson,CHA,Charlotte Hornets,CHH,1989-90,1989-90,1
holmeri01,Richaun Holmes,PHI,Philadelphia 76ers,PHI,2015-16,2017-18,3
holmeri01,Richaun Holmes,PHX,Phoenix Suns,PHO,2018-19,2018-19,1
holmeri01,Richaun Holmes,SAC,Sacramento Kings,SAC,2019-20,2022-23,4
holmeri01,Richaun Holmes,DAL,Dallas Mavericks,DAL,2023-24,2023-24,1
holmeri01,Richaun Holmes,WAS,Washington Wizards,WAS,2023-24,2024-25,2
frahmri01,Richie Frahm,OKC,Oklahoma City Thunder,SEA,2003-04,2003-04,1
frahmri01,Richie Frahm,POR,Portland Trail Blazers,POR,2004-05,2004-05,1
frahmri01,Richie Frahm,MIN,Minnesota Timberwolves,MIN,2005-06,2005-06,1
frahmri01,Richie Frahm,HOU,Houston Rockets,HOU,2005-06,2005-06,1
frahmri01,Richie Frahm,LAC,LA Clippers,LAC,2007-08,2007-08,1
covinro01,Robert Covington,HOU,Houston Rockets,HOU,2013-14,2019-20,2
covinro01,Robert Covington,PHI,Philadelphia 76ers,PHI,2014-15,2023-24,6
covinro01,Robert Covington,MIN,Minnesota Timberwolves,MIN,2018-19,2019-20,2
covinro01,Robert Covington,POR,Portland Trail Blazers,POR,2020-21,2021-22,2
covinro01,Robert Covington,LAC,LA Clippers,LAC,2021-22,2023-24,3
buforro01,Rodney Buford,MIA,Miami Heat,MIA,1999-00,1999-00,1
buforro01,Rodney Buford,PHI,Philadelphia 76ers,PHI,2000-01,2000-01,1
buforro01,Rodney Buford,MEM,Memphis Grizzlies,MEM,2001-02,2001-02,1
buforro01,Rodney Buford,SAC,Sacramento Kings,SAC,2003-04,2003-04,1
buforro01,Rodney Buford,BKN,Brooklyn Nets,NJN,2004-05,2004-05,1
pheglro01,Roger Phegley,WAS,Washington Wizards,WSB,1979-80,1979-80,1
pheglro01,Roger Phegley,BKN,Brooklyn Nets,NJN,1979-80,1979-80,1
pheglro01,Roger Phegley,CLE,Cleveland Cavaliers,CLE,1980-81,1981-82,2
pheglro01,Roger Phegley,SAS,San Antonio Spurs,SAS,1981-82,1983-84,3
pheglro01,Roger Phegley,DAL,Dallas Mavericks,DAL,1983-84,1983-84,1
anderro01,Ron Anderson,CLE,Cleveland Cavaliers,CLE,1984-85,1985-86,2
anderro01,Ron Anderson,IND,Indiana Pacers,IND,1985-86,1987-88,3
anderro01,Ron Anderson,PHI,Philadelphia 76ers,PHI,1988-89,1992-93,5
anderro01,Ron Anderson,BKN,Brooklyn Nets,NJN,1993-94,1993-94,1
anderro01,Ron Anderson,WAS,Washington Wizards,WSB,1993-94,1993-94,1
grandro01,Ron Grandison,BOS,Boston Celtics,BOS,1988-89,1988-89,1
grandro01,Ron Grandison,CHA,Charlotte Hornets,CHH,1991-92,1991-92,1
grandro01,Ron Grandison,NYK,New York Knicks,NYK,1994-95,1995-96,2
grandro01,Ron Grandison,MIA,Miami Heat,MIA,1995-96,1995-96,1
grandro01,Ron Grandison,ATL,Atlanta Hawks,ATL,1995-96,1995-96,1
duprero01,Ronald Dupree,CHI,Chicago Bulls,CHI,2003-04,2003-04,1
duprero01,Ronald Dupree,DET,Detroit Pistons,DET,2004-05,2007-08,3
duprero01,Ronald Dupree,MIN,Minnesota Timberwolves,MIN,2005-06,2005-06,1
duprero01,Ronald Dupree,OKC,Oklahoma City Thunder,SEA,2007-08,2007-08,1
duprero01,Ronald Dupree,TOR,Toronto Raptors,TOR,2010-11,2010-11,1
gayru01,Rudy Gay,MEM,Memphis Grizzlies,MEM,2006-07,2012-13,7
gayru01,Rudy Gay,TOR,Toronto Raptors,TOR,2012-13,2013-14,2
gayru01,Rudy Gay,SAC,Sacramento Kings,SAC,2013-14,2016-17,4
gayru01,Rudy Gay,SAS,San Antonio Spurs,SAS,2017-18,2020-21,4
gayru01,Rudy Gay,UTA,Utah Jazz,UTA,2021-22,2022-23,2
dekkesa01,Sam Dekker,HOU,Houston Rockets,HOU,2015-16,2016-17,2
dekkesa01,Sam Dekker,LAC,LA Clippers,LAC,2017-18,2017-18,1
dekkesa01,Sam Dekker,CLE,Cleveland Cavaliers,CLE,2018-19,2018-19,1
dekkesa01,Sam Dekker,WAS,Washington Wizards,WAS,2018-19,2018-19,1
dekkesa01,Sam Dekker,TOR,Toronto Raptors,TOR,2021-22,2021-22,1
macksa01,Sam Mack,SAS,San Antonio Spurs,SAS,1992-93,1992-93,1
macksa01,Sam Mack,HOU,Houston Rockets,HOU,1995-96,1998-99,3
macksa01,Sam Mack,MEM,Memphis Grizzlies,VAN,1997-98,1998-99,2
macksa01,Sam Mack,GSW,Golden State Warriors,GSW,1999-00,1999-00,1
macksa01,Sam Mack,MIA,Miami Heat,MIA,2001-02,2001-02,1
pollasc01,Scot Pollard,DET,Detroit Pistons,DET,1997-98,1997-98,1
pollasc01,Scot Pollard,SAC,Sacramento Kings,SAC,1998-99,2002-03,5
pollasc01,Scot Pollard,IND,Indiana Pacers,IND,2003-04,2005-06,3
pollasc01,Scot Pollard,CLE,Cleveland Cavaliers,CLE,2006-07,2006-07,1
pollasc01,Scot Pollard,BOS,Boston Celtics,BOS,2007-08,2007-08,1
hastisc01,Scott Hastings,NYK,New York Knicks,NYK,1982-83,1982-83,1
hastisc01,Scott Hastings,ATL,Atlanta Hawks,ATL,1982-83,1987-88,6
hastisc01,Scott Hastings,MIA,Miami Heat,MIA,1988-89,1988-89,1
hastisc01,Scott Hastings,DET,Detroit Pistons,DET,1989-90,1990-91,2
hastisc01,Scott Hastings,DEN,Denver Nuggets,DEN,1991-92,1992-93,2
skilesc01,Scott Skiles,MIL,Milwaukee Bucks,MIL,1986-87,1986-87,1
skilesc01,Scott Skiles,IND,Indiana Pacers,IND,1987-88,1988-89,2
skilesc01,Scott Skiles,ORL,Orlando Magic,ORL,1989-90,1993-94,5
skilesc01,Scott Skiles,WAS,Washington Wizards,WSB,1994-95,1994-95,1
skilesc01,Scott Skiles,PHI,Philadelphia 76ers,PHI,1995-96,1995-96,1
threase01,Sedale Threatt,PHI,Philadelphia 76ers,PHI,1983-84,1986-87,4
threase01,Sedale Threatt,CHI,Chicago Bulls,CHI,1986-87,1987-88,2
threase01,Sedale Threatt,OKC,Oklahoma City Thunder,SEA,1987-88,1990-91,4
threase01,Sedale Threatt,LAL,Los Angeles Lakers,LAL,1991-92,1995-96,5
threase01,Sedale Threatt,HOU,Houston Rockets,HOU,1996-97,1996-97,1
ibakase01,Serge Ibaka,OKC,Oklahoma City Thunder,OKC,2009-10,2015-16,7
ibakase01,Serge Ibaka,ORL,Orlando Magic,ORL,2016-17,2016-17,1
ibakase01,Serge Ibaka,TOR,Toronto Raptors,TOR,2016-17,2019-20,4
ibakase01,Serge Ibaka,LAC,LA Clippers,LAC,2020-21,2021-22,2
ibakase01,Serge Ibaka,MIL,Milwaukee Bucks,MIL,2021-22,2022-23,2
randosh01,Shavlik Randolph,PHI,Philadelphia 76ers,PHI,2005-06,2007-08,3
randosh01,Shavlik Randolph,POR,Portland Trail Blazers,POR,2008-09,2009-10,2
randosh01,Shavlik Randolph,MIA,Miami Heat,MIA,2009-10,2009-10,1
randosh01,Shavlik Randolph,BOS,Boston Celtics,BOS,2012-13,2014-15,2
randosh01,Shavlik Randolph,PHX,Phoenix Suns,PHO,2013-14,2014-15,2
mariosh01,Shawn Marion,PHX,Phoenix Suns,PHO,1999-00,2007-08,9
mariosh01,Shawn Marion,MIA,Miami Heat,MIA,2007-08,2008-09,2
mariosh01,Shawn Marion,TOR,Toronto Raptors,TOR,2008-09,2008-09,1
mariosh01,Shawn Marion,DAL,Dallas Mavericks,DAL,2009-10,2013-14,5
mariosh01,Shawn Marion,CLE,Cleveland Cavaliers,CLE,2014-15,2014-15,1
douglsh01,Sherman Douglas,MIA,Miami Heat,MIA,1989-90,1991-92,3
douglsh01,Sherman Douglas,BOS,Boston Celtics,BOS,1991-92,1995-96,5
douglsh01,Sherman Douglas,MIL,Milwaukee Bucks,MIL,1995-96,1996-97,2
douglsh01,Sherman Douglas,BKN,Brooklyn Nets,NJN,1997-98,2000-01,3
douglsh01,Sherman Douglas,LAC,LA Clippers,LAC,1998-99,1998-99,1
lowesi01,Sidney Lowe,IND,Indiana Pacers,IND,1983-84,1983-84,1
lowesi01,Sidney Lowe,DET,Detroit Pistons,DET,1984-85,1984-85,1
lowesi01,Sidney Lowe,ATL,Atlanta Hawks,ATL,1984-85,1984-85,1
lowesi01,Sidney Lowe,CHA,Charlotte Hornets,CHH,1988-89,1988-89,1
lowesi01,Sidney Lowe,MIN,Minnesota Timberwolves,MIN,1989-90,1989-90,1
hillso01,Solomon Hill,IND,Indiana Pacers,IND,2013-14,2015-16,3
hillso01,Solomon Hill,NOP,New Orleans Pelicans,NOP,2016-17,2018-19,3
hillso01,Solomon Hill,MEM,Memphis Grizzlies,MEM,2019-20,2019-20,1
hillso01,Solomon Hill,MIA,Miami Heat,MIA,2019-20,2019-20,1
hillso01,Solomon Hill,ATL,Atlanta Hawks,ATL,2020-21,2021-22,2
claxtsp01,Speedy Claxton,PHI,Philadelphia 76ers,PHI,2001-02,2001-02,1
claxtsp01,Speedy Claxton,SAS,San Antonio Spurs,SAS,2002-03,2002-03,1
claxtsp01,Speedy Claxton,GSW,Golden State Warriors,GSW,2003-04,2004-05,2
claxtsp01,Speedy Claxton,NOP,New Orleans Pelicans,"NOH,NOK",2004-05,2005-06,2
claxtsp01,Speedy Claxton,ATL,Atlanta Hawks,ATL,2006-07,2008-09,2
dinwisp01,Spencer Dinwiddie,DET,Detroit Pistons,DET,2014-15,2015-16,2
dinwisp01,Spencer Dinwiddie,BKN,Brooklyn Nets,BRK,2016-17,2023-24,7
dinwisp01,Spencer Dinwiddie,WAS,Washington Wizards,WAS,2021-22,2021-22,1
dinwisp01,Spencer Dinwiddie,DAL,Dallas Mavericks,DAL,2021-22,2024-25,3
dinwisp01,Spencer Dinwiddie,LAL,Los Angeles Lakers,LAL,2023-24,2023-24,1
kingst01,Stacey King,CHI,Chicago Bulls,CHI,1989-90,1993-94,5
kingst01,Stacey King,MIN,Minnesota Timberwolves,MIN,1993-94,1994-95,2
kingst01,Stacey King,MIA,Miami Heat,MIA,1995-96,1995-96,1
kingst01,Stacey King,BOS,Boston Celtics,BOS,1996-97,1996-97,1
kingst01,Stacey King,DAL,Dallas Mavericks,DAL,1996-97,1996-97,1
johnsst04,Stanley Johnson,DET,Detroit Pistons,DET,2015-16,2018-19,4
johnsst04,Stanley Johnson,NOP,New Orleans Pelicans,NOP,2018-19,2018-19,1
johnsst04,Stanley Johnson,TOR,Toronto Raptors,TOR,2019-20,2020-21,2
johnsst04,Stanley Johnson,LAL,Los Angeles Lakers,LAL,2021-22,2021-22,1
johnsst04,Stanley Johnson,SAS,San Antonio Spurs,SAS,2022-23,2022-23,1
roberst01,Stanley Roberts,ORL,Orlando Magic,ORL,1991-92,1991-92,1
roberst01,Stanley Roberts,LAC,LA Clippers,LAC,1992-93,1996-97,4
roberst01,Stanley Roberts,MIN,Minnesota Timberwolves,MIN,1997-98,1997-98,1
roberst01,Stanley Roberts,HOU,Houston Rockets,HOU,1998-99,1998-99,1
roberst01,Stanley Roberts,PHI,Philadelphia 76ers,PHI,1999-00,1999-00,1
marbust01,Stephon Marbury,MIN,Minnesota Timberwolves,MIN,1996-97,1998-99,3
marbust01,Stephon Marbury,BKN,Brooklyn Nets,NJN,1998-99,2000-01,3
marbust01,Stephon Marbury,PHX,Phoenix Suns,PHO,2001-02,2003-04,3
marbust01,Stephon Marbury,NYK,New York Knicks,NYK,2003-04,2007-08,5
marbust01,Stephon Marbury,BOS,Boston Celtics,BOS,2008-09,2008-09,1
hensost01,Steve Henson,MIL,Milwaukee Bucks,MIL,1990-91,1991-92,2
hensost01,Steve Henson,ATL,Atlanta Hawks,ATL,1992-93,1992-93,1
hensost01,Steve Henson,CHA,Charlotte Hornets,CHH,1993-94,1993-94,1
hensost01,Steve Henson,POR,Portland Trail Blazers,POR,1994-95,1994-95,1
hensost01,Steve Henson,DET,Detroit Pistons,DET,1997-98,1998-99,2
huntest01,Steven Hunter,ORL,Orlando Magic,ORL,2001-02,2003-04,3
huntest01,Steven Hunter,PHX,Phoenix Suns,PHO,2004-05,2004-05,1
huntest01,Steven Hunter,PHI,Philadelphia 76ers,PHI,2005-06,2006-07,2
huntest01,Steven Hunter,DEN,Denver Nuggets,DEN,2007-08,2007-08,1
huntest01,Steven Hunter,MEM,Memphis Grizzlies,MEM,2009-10,2009-10,1
millste01,Terry Mills,DEN,Denver Nuggets,DEN,1990-91,1990-91,1
millste01,Terry Mills,BKN,Brooklyn Nets,NJN,1990-91,1991-92,2
millste01,Terry Mills,DET,Detroit Pistons,DET,1992-93,1999-00,6
millste01,Terry Mills,MIA,Miami Heat,MIA,1997-98,1998-99,2
millste01,Terry Mills,IND,Indiana Pacers,IND,2000-01,2000-01,1
sefolth01,Thabo Sefolosha,CHI,Chicago Bulls,CHI,2006-07,2008-09,3
sefolth01,Thabo Sefolosha,OKC,Oklahoma City Thunder,OKC,2008-09,2013-14,6
sefolth01,Thabo Sefolosha,ATL,Atlanta Hawks,ATL,2014-15,2016-17,3
sefolth01,Thabo Sefolosha,UTA,Utah Jazz,UTA,2017-18,2018-19,2
sefolth01,Thabo Sefolosha,HOU,Houston Rockets,HOU,2019-20,2019-20,1
hardati01,Tim Hardaway,GSW,Golden State Warriors,GSW,1989-90,1995-96,6
hardati01,Tim Hardaway,MIA,Miami Heat,MIA,1995-96,2000-01,6
hardati01,Tim Hardaway,DAL,Dallas Mavericks,DAL,2001-02,2001-02,1
hardati01,Tim Hardaway,DEN,Denver Nuggets,DEN,2001-02,2001-02,1
hardati01,Tim Hardaway,IND,Indiana Pacers,IND,2002-03,2002-03,1
hardati02,Tim Hardaway Jr.,NYK,New York Knicks,NYK,2013-14,2018-19,4
hardati02,Tim Hardaway Jr.,ATL,Atlanta Hawks,ATL,2015-16,2016-17,2
hardati02,Tim Hardaway Jr.,DAL,Dallas Mavericks,DAL,2018-19,2023-24,6
hardati02,Tim Hardaway Jr.,DET,Detroit Pistons,DET,2024-25,2024-25,1
hardati02,Tim Hardaway Jr.,DEN,Denver Nuggets,DEN,2025-26,2025-26,1
mozgoti01,Timofey Mozgov,NYK,New York Knicks,NYK,2010-11,2010-11,1
mozgoti01,Timofey Mozgov,DEN,Denver Nuggets,DEN,2010-11,2014-15,5
mozgoti01,Timofey Mozgov,CLE,Cleveland Cavaliers,CLE,2014-15,2015-16,2
mozgoti01,Timofey Mozgov,LAL,Los Angeles Lakers,LAL,2016-17,2016-17,1
mozgoti01,Timofey Mozgov,BKN,Brooklyn Nets,BRK,2017-18,2017-18,1
luwawti01,Timothé Luwawu-Cabarrot,PHI,Philadelphia 76ers,PHI,2016-17,2017-18,2
luwawti01,Timothé Luwawu-Cabarrot,OKC,Oklahoma City Thunder,OKC,2018-19,2018-19,1
luwawti01,Timothé Luwawu-Cabarrot,CHI,Chicago Bulls,CHI,2018-19,2018-19,1
luwawti01,Timothé Luwawu-Cabarrot,BKN,Brooklyn Nets,BRK,2019-20,2020-21,2
luwawti01,Timothé Luwawu-Cabarrot,ATL,Atlanta Hawks,ATL,2021-22,2021-22,1
harrito02,Tobias Harris,MIL,Milwaukee Bucks,MIL,2011-12,2012-13,2
harrito02,Tobias Harris,ORL,Orlando Magic,ORL,2012-13,2015-16,4
harrito02,Tobias Harris,DET,Detroit Pistons,DET,2015-16,2025-26,5
harrito02,Tobias Harris,LAC,LA Clippers,LAC,2017-18,2018-19,2
harrito02,Tobias Harris,PHI,Philadelphia 76ers,PHI,2018-19,2023-24,6
dayto01,Todd Day,MIL,Milwaukee Bucks,MIL,1992-93,1995-96,4
dayto01,Todd Day,BOS,Boston Celtics,BOS,1995-96,1996-97,2
dayto01,Todd Day,MIA,Miami Heat,MIA,1997-98,1997-98,1
dayto01,Todd Day,PHX,Phoenix Suns,PHO,1999-00,1999-00,1
dayto01,Todd Day,MIN,Minnesota Timberwolves,MIN,2000-01,2000-01,1
besttr01,Travis Best,IND,Indiana Pacers,IND,1995-96,2001-02,7
besttr01,Travis Best,CHI,Chicago Bulls,CHI,2001-02,2001-02,1
besttr01,Travis Best,MIA,Miami Heat,MIA,2002-03,2002-03,1
besttr01,Travis Best,DAL,Dallas Mavericks,DAL,2003-04,2003-04,1
besttr01,Travis Best,BKN,Brooklyn Nets,NJN,2004-05,2004-05,1
rollitr01,Tree Rollins,ATL,Atlanta Hawks,ATL,1979-80,1987-88,9
rollitr01,Tree Rollins,CLE,Cleveland Cavaliers,CLE,1988-89,1989-90,2
rollitr01,Tree Rollins,DET,Detroit Pistons,DET,1990-91,1990-91,1
rollitr01,Tree Rollins,HOU,Houston Rockets,HOU,1991-92,1992-93,2
rollitr01,Tree Rollins,ORL,Orlando Magic,ORL,1993-94,1994-95,2
booketr01,Trevor Booker,WAS,Washington Wizards,WAS,2010-11,2013-14,4
booketr01,Trevor Booker,UTA,Utah Jazz,UTA,2014-15,2015-16,2
booketr01,Trevor Booker,BKN,Brooklyn Nets,BRK,2016-17,2017-18,2
booketr01,Trevor Booker,PHI,Philadelphia 76ers,PHI,2017-18,2017-18,1
booketr01,Trevor Booker,IND,Indiana Pacers,IND,2017-18,2017-18,1
burketr01,Trey Burke,UTA,Utah Jazz,UTA,2013-14,2015-16,3
burketr01,Trey Burke,WAS,Washington Wizards,WAS,2016-17,2016-17,1
burketr01,Trey Burke,NYK,New York Knicks,NYK,2017-18,2018-19,2
burketr01,Trey Burke,DAL,Dallas Mavericks,DAL,2018-19,2021-22,4
burketr01,Trey Burke,PHI,Philadelphia 76ers,PHI,2019-20,2019-20,1
jemistr01,Trey Jemison,WAS,Washington Wizards,WAS,2023-24,2023-24,1
jemistr01,Trey Jemison,MEM,Memphis Grizzlies,MEM,2023-24,2023-24,1
jemistr01,Trey Jemison,NOP,New Orleans Pelicans,NOP,2024-25,2024-25,1
jemistr01,Trey Jemison,LAL,Los Angeles Lakers,LAL,2024-25,2024-25,1
jemistr01,Trey Jemison,NYK,New York Knicks,NYK,2025-26,2025-26,1
lylestr01,Trey Lyles,UTA,Utah Jazz,UTA,2015-16,2016-17,2
lylestr01,Trey Lyles,DEN,Denver Nuggets,DEN,2017-18,2018-19,2
lylestr01,Trey Lyles,SAS,San Antonio Spurs,SAS,2019-20,2020-21,2
lylestr01,Trey Lyles,DET,Detroit Pistons,DET,2021-22,2021-22,1
lylestr01,Trey Lyles,SAC,Sacramento Kings,SAC,2021-22,2024-25,4
thomptr01,Tristan Thompson,CLE,Cleveland Cavaliers,CLE,2011-12,2024-25,11
thomptr01,Tristan Thompson,BOS,Boston Celtics,BOS,2020-21,2020-21,1
thomptr01,Tristan Thompson,SAC,Sacramento Kings,SAC,2021-22,2021-22,1
thomptr01,Tristan Thompson,IND,Indiana Pacers,IND,2021-22,2021-22,1
thomptr01,Tristan Thompson,CHI,Chicago Bulls,CHI,2021-22,2021-22,1
browntr01,Troy Brown Jr.,WAS,Washington Wizards,WAS,2018-19,2020-21,3
browntr01,Troy Brown Jr.,CHI,Chicago Bulls,CHI,2020-21,2021-22,2
browntr01,Troy Brown Jr.,LAL,Los Angeles Lakers,LAL,2022-23,2022-23,1
browntr01,Troy Brown Jr.,MIN,Minnesota Timberwolves,MIN,2023-24,2023-24,1
browntr01,Troy Brown Jr.,DET,Detroit Pistons,DET,2023-24,2023-24,1
hudsotr01,Troy Hudson,UTA,Utah Jazz,UTA,1997-98,1997-98,1
hudsotr01,Troy Hudson,LAC,LA Clippers,LAC,1998-99,1999-00,2
hudsotr01,Troy Hudson,ORL,Orlando Magic,ORL,2000-01,2001-02,2
hudsotr01,Troy Hudson,MIN,Minnesota Timberwolves,MIN,2002-03,2006-07,5
hudsotr01,Troy Hudson,GSW,Golden State Warriors,GSW,2007-08,2007-08,1
jeromty01,Ty Jerome,PHX,Phoenix Suns,PHO,2019-20,2019-20,1
jeromty01,Ty Jerome,OKC,Oklahoma City Thunder,OKC,2020-21,2021-22,2
jeromty01,Ty Jerome,GSW,Golden State Warriors,GSW,2022-23,2022-23,1
jeromty01,Ty Jerome,CLE,Cleveland Cavaliers,CLE,2023-24,2024-25,2
jeromty01,Ty Jerome,MEM,Memphis Grizzlies,MEM,2025-26,2025-26,1
cookty01,Tyler Cook,CLE,Cleveland Cavaliers,CLE,2019-20,2019-20,1
cookty01,Tyler Cook,DEN,Denver Nuggets,DEN,2019-20,2019-20,1
cookty01,Tyler Cook,BKN,Brooklyn Nets,BRK,2020-21,2020-21,1
cookty01,Tyler Cook,DET,Detroit Pistons,DET,2020-21,2020-21,1
cookty01,Tyler Cook,CHI,Chicago Bulls,CHI,2021-22,2021-22,1
johnsty01,Tyler Johnson,MIA,Miami Heat,MIA,2014-15,2018-19,5
johnsty01,Tyler Johnson,PHX,Phoenix Suns,PHO,2018-19,2019-20,2
johnsty01,Tyler Johnson,BKN,Brooklyn Nets,BRK,2019-20,2020-21,2
johnsty01,Tyler Johnson,PHI,Philadelphia 76ers,PHI,2021-22,2021-22,1
johnsty01,Tyler Johnson,SAS,San Antonio Spurs,SAS,2021-22,2021-22,1
hillty01,Tyrone Hill,GSW,Golden State Warriors,GSW,1990-91,1992-93,3
hillty01,Tyrone Hill,CLE,Cleveland Cavaliers,CLE,1993-94,2002-03,6
hillty01,Tyrone Hill,MIL,Milwaukee Bucks,MIL,1997-98,1998-99,2
hillty01,Tyrone Hill,PHI,Philadelphia 76ers,PHI,1998-99,2002-03,4
hillty01,Tyrone Hill,MIA,Miami Heat,MIA,2003-04,2003-04,1
oladivi01,Victor Oladipo,ORL,Orlando Magic,ORL,2013-14,2015-16,3
oladivi01,Victor Oladipo,OKC,Oklahoma City Thunder,OKC,2016-17,2016-17,1
oladivi01,Victor Oladipo,IND,Indiana Pacers,IND,2017-18,2020-21,4
oladivi01,Victor Oladipo,HOU,Houston Rockets,HOU,2020-21,2020-21,1
oladivi01,Victor Oladipo,MIA,Miami Heat,MIA,2020-21,2022-23,3
delnevi01,Vinny Del Negro,SAC,Sacramento Kings,SAC,1988-89,1989-90,2
delnevi01,Vinny Del Negro,SAS,San Antonio Spurs,SAS,1992-93,1997-98,6
delnevi01,Vinny Del Negro,MIL,Milwaukee Bucks,MIL,1998-99,1999-00,2
delnevi01,Vinny Del Negro,GSW,Golden State Warriors,GSW,2000-01,2000-01,1
delnevi01,Vinny Del Negro,PHX,Phoenix Suns,PHO,2000-01,2001-02,2
coopewa01,Wayne Cooper,GSW,Golden State Warriors,GSW,1979-80,1979-80,1
coopewa01,Wayne Cooper,UTA,Utah Jazz,UTA,1980-81,1980-81,1
coopewa01,Wayne Cooper,DAL,Dallas Mavericks,DAL,1981-82,1981-82,1
coopewa01,Wayne Cooper,POR,Portland Trail Blazers,POR,1982-83,1991-92,5
coopewa01,Wayne Cooper,DEN,Denver Nuggets,DEN,1984-85,1988-89,5
burtowi01,Willie Burton,MIA,Miami Heat,MIA,1990-91,1993-94,4
burtowi01,Willie Burton,PHI,Philadelphia 76ers,PHI,1994-95,1994-95,1
burtowi01,Willie Burton,ATL,Atlanta Hawks,ATL,1996-97,1996-97,1
burtowi01,Willie Burton,SAS,San Antonio Spurs,SAS,1997-98,1997-98,1
burtowi01,Willie Burton,CHA,Charlotte Hornets,CHH,1998-99,1998-99,1
greenwi01,Willie Green,PHI,Philadelphia 76ers,PHI,2003-04,2009-10,7
greenwi01,Willie Green,NOP,New Orleans Pelicans,NOH,2010-11,2010-11,1
greenwi01,Willie Green,ATL,Atlanta Hawks,ATL,2011-12,2011-12,1
greenwi01,Willie Green,LAC,LA Clippers,LAC,2012-13,2013-14,2
greenwi01,Willie Green,ORL,Orlando Magic,ORL,2014-15,2014-15,1
chandwi01,Wilson Chandler,NYK,New York Knicks,NYK,2007-08,2010-11,4
chandwi01,Wilson Chandler,DEN,Denver Nuggets,DEN,2010-11,2017-18,7
chandwi01,Wilson Chandler,PHI,Philadelphia 76ers,PHI,2018-19,2018-19,1
chandwi01,Wilson Chandler,LAC,LA Clippers,LAC,2018-19,2018-19,1
chandwi01,Wilson Chandler,BKN,Brooklyn Nets,BRK,2019-20,2019-20,1
garlawi01,Winston Garland,GSW,Golden State Warriors,GSW,1987-88,1989-90,3
garlawi01,Winston Garland,LAC,LA Clippers,LAC,1989-90,1990-91,2
garlawi01,Winston Garland,DEN,Denver Nuggets,DEN,1991-92,1991-92,1
garlawi01,Winston Garland,HOU,Houston Rockets,HOU,1992-93,1992-93,1
garlawi01,Winston Garland,MIN,Minnesota Timberwolves,MIN,1994-95,1994-95,1
freewo01,World B. Free,LAC,LA Clippers,SDC,1979-80,1979-80,1
freewo01,World B. Free,GSW,Golden State Warriors,GSW,1980-81,1982-83,3
freewo01,World B. Free,CLE,Cleveland Cavaliers,CLE,1982-83,1985-86,4
freewo01,World B. Free,PHI,Philadelphia 76ers,PHI,1986-87,1986-87,1
freewo01,World B. Free,HOU,Houston Rockets,HOU,1987-88,1987-88,1
mcdanxa01,Xavier McDaniel,OKC,Oklahoma City Thunder,SEA,1985-86,1990-91,6
mcdanxa01,Xavier McDaniel,PHX,Phoenix Suns,PHO,1990-91,1990-91,1
mcdanxa01,Xavier McDaniel,NYK,New York Knicks,NYK,1991-92,1991-92,1
mcdanxa01,Xavier McDaniel,BOS,Boston Celtics,BOS,1992-93,1994-95,3
mcdanxa01,Xavier McDaniel,BKN,Brooklyn Nets,NJN,1996-97,1997-98,2
ferreyo01,Yogi Ferrell,BKN,Brooklyn Nets,BRK,2016-17,2016-17,1
ferreyo01,Yogi Ferrell,DAL,Dallas Mavericks,DAL,2016-17,2017-18,2
ferreyo01,Yogi Ferrell,SAC,Sacramento Kings,SAC,2018-19,2019-20,2
ferreyo01,Yogi Ferrell,CLE,Cleveland Cavaliers,CLE,2020-21,2020-21,1
ferreyo01,Yogi Ferrell,LAC,LA Clippers,LAC,2020-21,2020-21,1
randoza01,Zach Randolph,POR,Portland Trail Blazers,POR,2001-02,2006-07,6
randoza01,Zach Randolph,NYK,New York Knicks,NYK,2007-08,2008-09,2
randoza01,Zach Randolph,LAC,LA Clippers,LAC,2008-09,2008-09,1
randoza01,Zach Randolph,MEM,Memphis Grizzlies,MEM,2009-10,2016-17,8
randoza01,Zach Randolph,SAC,Sacramento Kings,SAC,2017-18,2017-18,1
greenac01,A.C. Green,LAL,Los Angeles Lakers,LAL,1985-86,1999-00,9
greenac01,A.C. Green,PHX,Phoenix Suns,PHO,1993-94,1996-97,4
greenac01,A.C. Green,DAL,Dallas Mavericks,DAL,1996-97,1998-99,3
greenac01,A.C. Green,MIA,Miami Heat,MIA,2000-01,2000-01,1
grayaa01,Aaron Gray,CHI,Chicago Bulls,CHI,2007-08,2009-10,3
grayaa01,Aaron Gray,NOP,New Orleans Pelicans,NOH,2009-10,2010-11,2
grayaa01,Aaron Gray,TOR,Toronto Raptors,TOR,2011-12,2013-14,3
grayaa01,Aaron Gray,SAC,Sacramento Kings,SAC,2013-14,2013-14,1
mckieaa01,Aaron McKie,POR,Portland Trail Blazers,POR,1994-95,1996-97,3
mckieaa01,Aaron McKie,DET,Detroit Pistons,DET,1996-97,1997-98,2
mckieaa01,Aaron McKie,PHI,Philadelphia 76ers,PHI,1997-98,2004-05,8
mckieaa01,Aaron McKie,LAL,Los Angeles Lakers,LAL,2005-06,2006-07,2
brancad01,Adrian Branch,LAL,Los Angeles Lakers,LAL,1986-87,1986-87,1
brancad01,Adrian Branch,BKN,Brooklyn Nets,NJN,1987-88,1987-88,1
brancad01,Adrian Branch,POR,Portland Trail Blazers,POR,1988-89,1988-89,1
brancad01,Adrian Branch,MIN,Minnesota Timberwolves,MIN,1989-90,1989-90,1
dantlad01,Adrian Dantley,UTA,Utah Jazz,UTA,1979-80,1985-86,7
dantlad01,Adrian Dantley,DET,Detroit Pistons,DET,1986-87,1988-89,3
dantlad01,Adrian Dantley,DAL,Dallas Mavericks,DAL,1988-89,1989-90,2
dantlad01,Adrian Dantley,MIL,Milwaukee Bucks,MIL,1990-91,1990-91,1
woodal01,Al Wood,ATL,Atlanta Hawks,ATL,1981-82,1981-82,1
woodal01,Al Wood,LAC,LA Clippers,SDC,1981-82,1982-83,2
woodal01,Al Wood,OKC,Oklahoma City Thunder,SEA,1983-84,1985-86,3
woodal01,Al Wood,DAL,Dallas Mavericks,DAL,1986-87,1986-87,1
hendeal01,Alan Henderson,ATL,Atlanta Hawks,ATL,1995-96,2003-04,9
hendeal01,Alan Henderson,DAL,Dallas Mavericks,DAL,2004-05,2004-05,1
hendeal01,Alan Henderson,CLE,Cleveland Cavaliers,CLE,2005-06,2005-06,1
hendeal01,Alan Henderson,PHI,Philadelphia 76ers,PHI,2006-07,2006-07,1
kingal01,Albert King,BKN,Brooklyn Nets,NJN,1981-82,1986-87,6
kingal01,Albert King,PHI,Philadelphia 76ers,PHI,1987-88,1987-88,1
kingal01,Albert King,SAS,San Antonio Spurs,SAS,1988-89,1988-89,1
kingal01,Albert King,WAS,Washington Wizards,WSB,1991-92,1991-92,1
shvedal01,Alexey Shved,MIN,Minnesota Timberwolves,MIN,2012-13,2013-14,2
shvedal01,Alexey Shved,PHI,Philadelphia 76ers,PHI,2014-15,2014-15,1
shvedal01,Alexey Shved,HOU,Houston Rockets,HOU,2014-15,2014-15,1
shvedal01,Alexey Shved,NYK,New York Knicks,NYK,2014-15,2014-15,1
ajincal01,Alexis Ajinça,CHA,Charlotte Hornets,CHA,2008-09,2009-10,2
ajincal01,Alexis Ajinça,DAL,Dallas Mavericks,DAL,2010-11,2010-11,1
ajincal01,Alexis Ajinça,TOR,Toronto Raptors,TOR,2010-11,2010-11,1
ajincal01,Alexis Ajinça,NOP,New Orleans Pelicans,NOP,2013-14,2016-17,4
crabbal01,Allen Crabbe,POR,Portland Trail Blazers,POR,2013-14,2016-17,4
crabbal01,Allen Crabbe,BKN,Brooklyn Nets,BRK,2017-18,2018-19,2
crabbal01,Allen Crabbe,ATL,Atlanta Hawks,ATL,2019-20,2019-20,1
crabbal01,Allen Crabbe,MIN,Minnesota Timberwolves,MIN,2019-20,2019-20,1
iversal01,Allen Iverson,PHI,Philadelphia 76ers,PHI,1996-97,2009-10,12
iversal01,Allen Iverson,DEN,Denver Nuggets,DEN,2006-07,2008-09,3
iversal01,Allen Iverson,DET,Detroit Pistons,DET,2008-09,2008-09,1
iversal01,Allen Iverson,MEM,Memphis Grizzlies,MEM,2009-10,2009-10,1
willial06,Alondes Williams,BKN,Brooklyn Nets,BRK,2022-23,2022-23,1
willial06,Alondes Williams,MIA,Miami Heat,MIA,2023-24,2023-24,1
willial06,Alondes Williams,DET,Detroit Pistons,DET,2024-25,2024-25,1
willial06,Alondes Williams,WAS,Washington Wizards,WAS,2025-26,2025-26,1
roberal01,Alvin Robertson,SAS,San Antonio Spurs,SAS,1984-85,1988-89,5
roberal01,Alvin Robertson,MIL,Milwaukee Bucks,MIL,1989-90,1992-93,4
roberal01,Alvin Robertson,DET,Detroit Pistons,DET,1992-93,1992-93,1
roberal01,Alvin Robertson,TOR,Toronto Raptors,TOR,1995-96,1995-96,1
mccasam01,Amal McCaskill,ORL,Orlando Magic,ORL,1996-97,1996-97,1
mccasam01,Amal McCaskill,SAS,San Antonio Spurs,SAS,2001-02,2001-02,1
mccasam01,Amal McCaskill,ATL,Atlanta Hawks,ATL,2002-03,2002-03,1
mccasam01,Amal McCaskill,PHI,Philadelphia 76ers,PHI,2003-04,2003-04,1
stoudam01,Amar'e Stoudemire,PHX,Phoenix Suns,PHO,2002-03,2009-10,8
stoudam01,Amar'e Stoudemire,NYK,New York Knicks,NYK,2010-11,2014-15,5
stoudam01,Amar'e Stoudemire,DAL,Dallas Mavericks,DAL,2014-15,2014-15,1
stoudam01,Amar'e Stoudemire,MIA,Miami Heat,MIA,2015-16,2015-16,1
johnsam01,Amir Johnson,DET,Detroit Pistons,DET,2005-06,2008-09,4
johnsam01,Amir Johnson,TOR,Toronto Raptors,TOR,2009-10,2014-15,6
johnsam01,Amir Johnson,BOS,Boston Celtics,BOS,2015-16,2016-17,2
johnsam01,Amir Johnson,PHI,Philadelphia 76ers,PHI,2017-18,2018-19,2
iguodan01,Andre Iguodala,PHI,Philadelphia 76ers,PHI,2004-05,2011-12,8
iguodan01,Andre Iguodala,DEN,Denver Nuggets,DEN,2012-13,2012-13,1
iguodan01,Andre Iguodala,GSW,Golden State Warriors,GSW,2013-14,2022-23,8
iguodan01,Andre Iguodala,MIA,Miami Heat,MIA,2019-20,2020-21,2
declean01,Andrew DeClercq,GSW,Golden State Warriors,GSW,1995-96,1996-97,2
declean01,Andrew DeClercq,BOS,Boston Celtics,BOS,1997-98,1998-99,2
declean01,Andrew DeClercq,CLE,Cleveland Cavaliers,CLE,1998-99,1999-00,2
declean01,Andrew DeClercq,ORL,Orlando Magic,ORL,2000-01,2004-05,5
hardaan01,Anfernee Hardaway,ORL,Orlando Magic,ORL,1993-94,1998-99,6
hardaan01,Anfernee Hardaway,PHX,Phoenix Suns,PHO,1999-00,2003-04,5
hardaan01,Anfernee Hardaway,NYK,New York Knicks,NYK,2003-04,2005-06,3
hardaan01,Anfernee Hardaway,MIA,Miami Heat,MIA,2007-08,2007-08,1
bennean01,Anthony Bennett,CLE,Cleveland Cavaliers,CLE,2013-14,2013-14,1
bennean01,Anthony Bennett,MIN,Minnesota Timberwolves,MIN,2014-15,2014-15,1
bennean01,Anthony Bennett,TOR,Toronto Raptors,TOR,2015-16,2015-16,1
bennean01,Anthony Bennett,BKN,Brooklyn Nets,BRK,2016-17,2016-17,1
bowiean01,Anthony Bowie,SAS,San Antonio Spurs,SAS,1988-89,1988-89,1
bowiean01,Anthony Bowie,HOU,Houston Rockets,HOU,1989-90,1989-90,1
bowiean01,Anthony Bowie,ORL,Orlando Magic,ORL,1991-92,1995-96,5
bowiean01,Anthony Bowie,NYK,New York Knicks,NYK,1997-98,1997-98,1
brownan02,Anthony Brown,LAL,Los Angeles Lakers,LAL,2015-16,2015-16,1
brownan02,Anthony Brown,NOP,New Orleans Pelicans,NOP,2016-17,2016-17,1
brownan02,Anthony Brown,ORL,Orlando Magic,ORL,2016-17,2016-17,1
brownan02,Anthony Brown,MIN,Minnesota Timberwolves,MIN,2017-18,2017-18,1
cookan01,Anthony Cook,DEN,Denver Nuggets,DEN,1990-91,1991-92,2
cookan01,Anthony Cook,ORL,Orlando Magic,ORL,1993-94,1993-94,1
cookan01,Anthony Cook,MIL,Milwaukee Bucks,MIL,1993-94,1993-94,1
cookan01,Anthony Cook,POR,Portland Trail Blazers,POR,1995-96,1995-96,1
jonesan01,Anthony Jones,WAS,Washington Wizards,WSB,1986-87,1986-87,1
jonesan01,Anthony Jones,SAS,San Antonio Spurs,SAS,1986-87,1986-87,1
jonesan01,Anthony Jones,CHI,Chicago Bulls,CHI,1988-89,1988-89,1
jonesan01,Anthony Jones,DAL,Dallas Mavericks,DAL,1988-89,1989-90,2
millean01,Anthony Miller,LAL,Los Angeles Lakers,LAL,1994-95,1995-96,2
millean01,Anthony Miller,ATL,Atlanta Hawks,ATL,1996-97,2004-05,4
millean01,Anthony Miller,HOU,Houston Rockets,HOU,1998-99,2000-01,3
millean01,Anthony Miller,PHI,Philadelphia 76ers,PHI,2000-01,2000-01,1
parkean01,Anthony Parker,PHI,Philadelphia 76ers,PHI,1997-98,1998-99,2
parkean01,Anthony Parker,ORL,Orlando Magic,ORL,1999-00,1999-00,1
parkean01,Anthony Parker,TOR,Toronto Raptors,TOR,2006-07,2008-09,3
parkean01,Anthony Parker,CLE,Cleveland Cavaliers,CLE,2009-10,2011-12,3
randoan01,Anthony Randolph,GSW,Golden State Warriors,GSW,2008-09,2009-10,2
randoan01,Anthony Randolph,NYK,New York Knicks,NYK,2010-11,2010-11,1
randoan01,Anthony Randolph,MIN,Minnesota Timberwolves,MIN,2010-11,2011-12,2
randoan01,Anthony Randolph,DEN,Denver Nuggets,DEN,2012-13,2013-14,2
roberan02,Anthony Roberson,MEM,Memphis Grizzlies,MEM,2005-06,2005-06,1
roberan02,Anthony Roberson,GSW,Golden State Warriors,GSW,2006-07,2006-07,1
roberan02,Anthony Roberson,NYK,New York Knicks,NYK,2008-09,2008-09,1
roberan02,Anthony Roberson,CHI,Chicago Bulls,CHI,2008-09,2008-09,1
wrighan01,Antoine Wright,BKN,Brooklyn Nets,NJN,2005-06,2007-08,3
wrighan01,Antoine Wright,DAL,Dallas Mavericks,DAL,2007-08,2008-09,2
wrighan01,Antoine Wright,TOR,Toronto Raptors,TOR,2009-10,2009-10,1
wrighan01,Antoine Wright,SAC,Sacramento Kings,SAC,2010-11,2010-11,1
davisan01,Antonio Davis,IND,Indiana Pacers,IND,1993-94,1998-99,6
davisan01,Antonio Davis,TOR,Toronto Raptors,TOR,1999-00,2005-06,6
davisan01,Antonio Davis,CHI,Chicago Bulls,CHI,2003-04,2004-05,2
davisan01,Antonio Davis,NYK,New York Knicks,NYK,2005-06,2005-06,1
onuakar01,Arinze Onuaku,NOP,New Orleans Pelicans,NOP,2013-14,2013-14,1
onuakar01,Arinze Onuaku,CLE,Cleveland Cavaliers,CLE,2013-14,2013-14,1
onuakar01,Arinze Onuaku,MIN,Minnesota Timberwolves,MIN,2014-15,2014-15,1
onuakar01,Arinze Onuaku,ORL,Orlando Magic,ORL,2016-17,2016-17,1
hillar01,Armond Hill,ATL,Atlanta Hawks,ATL,1979-80,1983-84,3
hillar01,Armond Hill,OKC,Oklahoma City Thunder,SEA,1980-81,1981-82,2
hillar01,Armond Hill,LAC,LA Clippers,SDC,1981-82,1981-82,1
hillar01,Armond Hill,MIL,Milwaukee Bucks,MIL,1982-83,1982-83,1
longar01,Art Long,SAC,Sacramento Kings,SAC,2000-01,2000-01,1
longar01,Art Long,OKC,Oklahoma City Thunder,SEA,2001-02,2001-02,1
longar01,Art Long,PHI,Philadelphia 76ers,PHI,2002-03,2002-03,1
longar01,Art Long,TOR,Toronto Raptors,TOR,2002-03,2002-03,1
armstbj01,B.J. Armstrong,CHI,Chicago Bulls,CHI,1989-90,1999-00,7
armstbj01,B.J. Armstrong,GSW,Golden State Warriors,GSW,1995-96,1997-98,3
armstbj01,B.J. Armstrong,CHA,Charlotte Hornets,CHH,1997-98,1998-99,2
armstbj01,B.J. Armstrong,ORL,Orlando Magic,ORL,1998-99,1998-99,1
kofoeba01,Bart Kofoed,UTA,Utah Jazz,UTA,1987-88,1988-89,2
kofoeba01,Bart Kofoed,GSW,Golden State Warriors,GSW,1990-91,1990-91,1
kofoeba01,Bart Kofoed,OKC,Oklahoma City Thunder,SEA,1991-92,1991-92,1
kofoeba01,Bart Kofoed,BOS,Boston Celtics,BOS,1992-93,1992-93,1
colembe01,Ben Coleman,BKN,Brooklyn Nets,NJN,1986-87,1987-88,2
colembe01,Ben Coleman,PHI,Philadelphia 76ers,PHI,1987-88,1988-89,2
colembe01,Ben Coleman,MIL,Milwaukee Bucks,MIL,1989-90,1989-90,1
colembe01,Ben Coleman,DET,Detroit Pistons,DET,1993-94,1993-94,1
gordobe01,Ben Gordon,CHI,Chicago Bulls,CHI,2004-05,2008-09,5
gordobe01,Ben Gordon,DET,Detroit Pistons,DET,2009-10,2011-12,3
gordobe01,Ben Gordon,CHA,Charlotte Hornets,CHA,2012-13,2013-14,2
gordobe01,Ben Gordon,ORL,Orlando Magic,ORL,2014-15,2014-15,1
robinbi01,Bill Robinzine,SAC,Sacramento Kings,KCK,1979-80,1979-80,1
robinbi01,Bill Robinzine,CLE,Cleveland Cavaliers,CLE,1980-81,1980-81,1
robinbi01,Bill Robinzine,DAL,Dallas Mavericks,DAL,1980-81,1980-81,1
robinbi01,Bill Robinzine,UTA,Utah Jazz,UTA,1981-82,1981-82,1
willobi01,Bill Willoughby,CLE,Cleveland Cavaliers,CLE,1979-80,1979-80,1
willobi01,Bill Willoughby,HOU,Houston Rockets,HOU,1980-81,1981-82,2
willobi01,Bill Willoughby,SAS,San Antonio Spurs,SAS,1982-83,1982-83,1
willobi01,Bill Willoughby,BKN,Brooklyn Nets,NJN,1982-83,1983-84,2
paultbi01,Billy Paultz,SAS,San Antonio Spurs,SAS,1979-80,1982-83,2
paultbi01,Billy Paultz,HOU,Houston Rockets,HOU,1979-80,1982-83,4
paultbi01,Billy Paultz,ATL,Atlanta Hawks,ATL,1983-84,1983-84,1
paultbi01,Billy Paultz,UTA,Utah Jazz,UTA,1984-85,1984-85,1
griffbl01,Blake Griffin,LAC,LA Clippers,LAC,2010-11,2017-18,8
griffbl01,Blake Griffin,DET,Detroit Pistons,DET,2017-18,2020-21,4
griffbl01,Blake Griffin,BKN,Brooklyn Nets,BRK,2020-21,2021-22,2
griffbl01,Blake Griffin,BOS,Boston Celtics,BOS,2022-23,2022-23,1
outlabo01,Bo Outlaw,LAC,LA Clippers,LAC,1993-94,1996-97,4
outlabo01,Bo Outlaw,ORL,Orlando Magic,ORL,1997-98,2007-08,8
outlabo01,Bo Outlaw,PHX,Phoenix Suns,PHO,2001-02,2004-05,3
outlabo01,Bo Outlaw,MEM,Memphis Grizzlies,MEM,2003-04,2003-04,1
mcadobo01,Bob McAdoo,DET,Detroit Pistons,DET,1979-80,1980-81,2
mcadobo01,Bob McAdoo,BKN,Brooklyn Nets,NJN,1980-81,1980-81,1
mcadobo01,Bob McAdoo,LAL,Los Angeles Lakers,LAL,1981-82,1984-85,4
mcadobo01,Bob McAdoo,PHI,Philadelphia 76ers,PHI,1985-86,1985-86,1
portibo01,Bobby Portis,CHI,Chicago Bulls,CHI,2015-16,2018-19,4
portibo01,Bobby Portis,WAS,Washington Wizards,WAS,2018-19,2018-19,1
portibo01,Bobby Portis,NYK,New York Knicks,NYK,2019-20,2019-20,1
portibo01,Bobby Portis,MIL,Milwaukee Bucks,MIL,2020-21,2025-26,6
sellebr01,Brad Sellers,CHI,Chicago Bulls,CHI,1986-87,1988-89,3
sellebr01,Brad Sellers,OKC,Oklahoma City Thunder,SEA,1989-90,1989-90,1
sellebr01,Brad Sellers,MIN,Minnesota Timberwolves,MIN,1989-90,1992-93,2
sellebr01,Brad Sellers,DET,Detroit Pistons,DET,1991-92,1991-92,1
rushbr01,Brandon Rush,IND,Indiana Pacers,IND,2008-09,2010-11,3
rushbr01,Brandon Rush,GSW,Golden State Warriors,GSW,2011-12,2015-16,4
rushbr01,Brandon Rush,UTA,Utah Jazz,UTA,2013-14,2013-14,1
rushbr01,Brandon Rush,MIN,Minnesota Timberwolves,MIN,2016-17,2016-17,1
keybr01,Braxton Key,PHI,Philadelphia 76ers,PHI,2021-22,2021-22,1
keybr01,Braxton Key,DET,Detroit Pistons,DET,2021-22,2022-23,2
keybr01,Braxton Key,DEN,Denver Nuggets,DEN,2023-24,2023-24,1
keybr01,Braxton Key,GSW,Golden State Warriors,GSW,2024-25,2024-25,1
haywobr01,Brendan Haywood,WAS,Washington Wizards,WAS,2001-02,2009-10,9
haywobr01,Brendan Haywood,DAL,Dallas Mavericks,DAL,2009-10,2011-12,3
haywobr01,Brendan Haywood,CHA,Charlotte Hornets,CHA,2012-13,2012-13,1
haywobr01,Brendan Haywood,CLE,Cleveland Cavaliers,CLE,2014-15,2014-15,1
pricebr01,Brent Price,WAS,Washington Wizards,WSB,1992-93,1995-96,3
pricebr01,Brent Price,HOU,Houston Rockets,HOU,1996-97,1998-99,3
pricebr01,Brent Price,MEM,Memphis Grizzlies,VAN,1999-00,2000-01,2
pricebr01,Brent Price,SAC,Sacramento Kings,SAC,2001-02,2001-02,1
lopezbr01,Brook Lopez,BKN,Brooklyn Nets,"BRK,NJN",2008-09,2016-17,9
lopezbr01,Brook Lopez,LAL,Los Angeles Lakers,LAL,2017-18,2017-18,1
lopezbr01,Brook Lopez,MIL,Milwaukee Bucks,MIL,2018-19,2024-25,7
lopezbr01,Brook Lopez,LAC,LA Clippers,LAC,2025-26,2025-26,1
steppbr01,Brook Steppe,SAC,Sacramento Kings,"KCK,SAC",1982-83,1986-87,2
steppbr01,Brook Steppe,IND,Indiana Pacers,IND,1983-84,1983-84,1
steppbr01,Brook Steppe,DET,Detroit Pistons,DET,1984-85,1984-85,1
steppbr01,Brook Steppe,POR,Portland Trail Blazers,POR,1988-89,1988-89,1
bowenbr01,Bruce Bowen,MIA,Miami Heat,MIA,1996-97,2000-01,3
bowenbr01,Bruce Bowen,BOS,Boston Celtics,BOS,1997-98,1998-99,2
bowenbr01,Bruce Bowen,PHI,Philadelphia 76ers,PHI,1999-00,1999-00,1
bowenbr01,Bruce Bowen,SAS,San Antonio Spurs,SAS,2001-02,2008-09,8
cabocbr01,Bruno Caboclo,TOR,Toronto Raptors,TOR,2014-15,2017-18,4
cabocbr01,Bruno Caboclo,SAC,Sacramento Kings,SAC,2017-18,2017-18,1
cabocbr01,Bruno Caboclo,MEM,Memphis Grizzlies,MEM,2018-19,2019-20,2
cabocbr01,Bruno Caboclo,HOU,Houston Rockets,HOU,2019-20,2020-21,2
fernabr01,Bruno Fernando,ATL,Atlanta Hawks,ATL,2019-20,2023-24,4
fernabr01,Bruno Fernando,BOS,Boston Celtics,BOS,2021-22,2021-22,1
fernabr01,Bruno Fernando,HOU,Houston Rockets,HOU,2021-22,2022-23,2
fernabr01,Bruno Fernando,TOR,Toronto Raptors,TOR,2024-25,2024-25,1
warribr01,Bryan Warrick,WAS,Washington Wizards,WSB,1982-83,1983-84,2
warribr01,Bryan Warrick,LAC,LA Clippers,LAC,1984-85,1984-85,1
warribr01,Bryan Warrick,MIL,Milwaukee Bucks,MIL,1985-86,1985-86,1
warribr01,Bryan Warrick,IND,Indiana Pacers,IND,1985-86,1985-86,1
drewbr01,Bryce Drew,HOU,Houston Rockets,HOU,1998-99,1999-00,2
drewbr01,Bryce Drew,CHI,Chicago Bulls,CHI,2000-01,2000-01,1
drewbr01,Bryce Drew,CHA,Charlotte Hornets,CHH,2001-02,2001-02,1
drewbr01,Bryce Drew,NOP,New Orleans Pelicans,NOH,2002-03,2003-04,2
forbebr01,Bryn Forbes,SAS,San Antonio Spurs,SAS,2016-17,2021-22,5
forbebr01,Bryn Forbes,MIL,Milwaukee Bucks,MIL,2020-21,2020-21,1
forbebr01,Bryn Forbes,DEN,Denver Nuggets,DEN,2021-22,2021-22,1
forbebr01,Bryn Forbes,MIN,Minnesota Timberwolves,MIN,2022-23,2022-23,1
russebr01,Bryon Russell,UTA,Utah Jazz,UTA,1993-94,2001-02,9
russebr01,Bryon Russell,WAS,Washington Wizards,WAS,2002-03,2002-03,1
russebr01,Bryon Russell,LAL,Los Angeles Lakers,LAL,2003-04,2003-04,1
russebr01,Bryon Russell,DEN,Denver Nuggets,DEN,2004-05,2005-06,2
cartebu01,Butch Carter,LAL,Los Angeles Lakers,LAL,1980-81,1980-81,1
cartebu01,Butch Carter,IND,Indiana Pacers,IND,1981-82,1983-84,3
cartebu01,Butch Carter,NYK,New York Knicks,NYK,1984-85,1985-86,2
cartebu01,Butch Carter,PHI,Philadelphia 76ers,PHI,1985-86,1985-86,1
mulleby01,Byron Mullens,OKC,Oklahoma City Thunder,OKC,2009-10,2010-11,2
mulleby01,Byron Mullens,CHA,Charlotte Hornets,CHA,2011-12,2012-13,2
mulleby01,Byron Mullens,LAC,LA Clippers,LAC,2013-14,2013-14,1
mulleby01,Byron Mullens,PHI,Philadelphia 76ers,PHI,2013-14,2013-14,1
mccolcj01,CJ McCollum,POR,Portland Trail Blazers,POR,2013-14,2021-22,9
mccolcj01,CJ McCollum,NOP,New Orleans Pelicans,NOP,2021-22,2024-25,4
mccolcj01,CJ McCollum,WAS,Washington Wizards,WAS,2025-26,2025-26,1
mccolcj01,CJ McCollum,ATL,Atlanta Hawks,ATL,2025-26,2025-26,1
martica02,Caleb Martin,CHA,Charlotte Hornets,CHO,2019-20,2020-21,2
martica02,Caleb Martin,MIA,Miami Heat,MIA,2021-22,2023-24,3
martica02,Caleb Martin,PHI,Philadelphia 76ers,PHI,2024-25,2024-25,1
martica02,Caleb Martin,DAL,Dallas Mavericks,DAL,2024-25,2025-26,2
reddica01,Cam Reddish,ATL,Atlanta Hawks,ATL,2019-20,2021-22,3
reddica01,Cam Reddish,NYK,New York Knicks,NYK,2021-22,2022-23,2
reddica01,Cam Reddish,POR,Portland Trail Blazers,POR,2022-23,2022-23,1
reddica01,Cam Reddish,LAL,Los Angeles Lakers,LAL,2023-24,2024-25,2
herreca01,Carl Herrera,HOU,Houston Rockets,HOU,1991-92,1994-95,4
herreca01,Carl Herrera,SAS,San Antonio Spurs,SAS,1995-96,1997-98,3
herreca01,Carl Herrera,MEM,Memphis Grizzlies,VAN,1998-99,1998-99,1
herreca01,Carl Herrera,DEN,Denver Nuggets,DEN,1998-99,1998-99,1
thomaca01,Carl Thomas,SAC,Sacramento Kings,SAC,1991-92,1991-92,1
thomaca01,Carl Thomas,CLE,Cleveland Cavaliers,CLE,1996-97,1997-98,2
thomaca01,Carl Thomas,GSW,Golden State Warriors,GSW,1997-98,1997-98,1
thomaca01,Carl Thomas,ORL,Orlando Magic,ORL,1997-98,1997-98,1
boozeca01,Carlos Boozer,CLE,Cleveland Cavaliers,CLE,2002-03,2003-04,2
boozeca01,Carlos Boozer,UTA,Utah Jazz,UTA,2004-05,2009-10,6
boozeca01,Carlos Boozer,CHI,Chicago Bulls,CHI,2010-11,2013-14,4
boozeca01,Carlos Boozer,LAL,Los Angeles Lakers,LAL,2014-15,2014-15,1
delfica01,Carlos Delfino,DET,Detroit Pistons,DET,2004-05,2006-07,3
delfica01,Carlos Delfino,TOR,Toronto Raptors,TOR,2007-08,2007-08,1
delfica01,Carlos Delfino,MIL,Milwaukee Bucks,MIL,2009-10,2011-12,3
delfica01,Carlos Delfino,HOU,Houston Rockets,HOU,2012-13,2012-13,1
simmoce01,Cedric Simmons,NOP,New Orleans Pelicans,NOK,2006-07,2006-07,1
simmoce01,Cedric Simmons,CLE,Cleveland Cavaliers,CLE,2007-08,2007-08,1
simmoce01,Cedric Simmons,CHI,Chicago Bulls,CHI,2007-08,2008-09,2
simmoce01,Cedric Simmons,SAC,Sacramento Kings,SAC,2008-09,2008-09,1
parsoch01,Chandler Parsons,HOU,Houston Rockets,HOU,2011-12,2013-14,3
parsoch01,Chandler Parsons,DAL,Dallas Mavericks,DAL,2014-15,2015-16,2
parsoch01,Chandler Parsons,MEM,Memphis Grizzlies,MEM,2016-17,2018-19,3
parsoch01,Chandler Parsons,ATL,Atlanta Hawks,ATL,2019-20,2019-20,1
davisch02,Charles Davis,WAS,Washington Wizards,WSB,1981-82,1984-85,4
davisch02,Charles Davis,MIL,Milwaukee Bucks,MIL,1984-85,1987-88,3
davisch02,Charles Davis,SAS,San Antonio Spurs,SAS,1987-88,1987-88,1
davisch02,Charles Davis,CHI,Chicago Bulls,CHI,1988-89,1989-90,2
shackch01,Charles Shackleford,BKN,Brooklyn Nets,NJN,1988-89,1989-90,2
shackch01,Charles Shackleford,PHI,Philadelphia 76ers,PHI,1991-92,1992-93,2
shackch01,Charles Shackleford,MIN,Minnesota Timberwolves,MIN,1994-95,1994-95,1
shackch01,Charles Shackleford,CHA,Charlotte Hornets,CHH,1998-99,1998-99,1
bellch01,Charlie Bell,PHX,Phoenix Suns,PHO,2001-02,2001-02,1
bellch01,Charlie Bell,DAL,Dallas Mavericks,DAL,2001-02,2001-02,1
bellch01,Charlie Bell,MIL,Milwaukee Bucks,MIL,2005-06,2009-10,5
bellch01,Charlie Bell,GSW,Golden State Warriors,GSW,2010-11,2010-11,1
villach01,Charlie Villanueva,TOR,Toronto Raptors,TOR,2005-06,2005-06,1
villach01,Charlie Villanueva,MIL,Milwaukee Bucks,MIL,2006-07,2008-09,3
villach01,Charlie Villanueva,DET,Detroit Pistons,DET,2009-10,2013-14,5
villach01,Charlie Villanueva,DAL,Dallas Mavericks,DAL,2014-15,2015-16,2
budinch01,Chase Budinger,HOU,Houston Rockets,HOU,2009-10,2011-12,3
budinch01,Chase Budinger,MIN,Minnesota Timberwolves,MIN,2012-13,2014-15,3
budinch01,Chase Budinger,IND,Indiana Pacers,IND,2015-16,2015-16,1
budinch01,Chase Budinger,PHX,Phoenix Suns,PHO,2015-16,2015-16,1
sambch01,Cheikh Samb,DET,Detroit Pistons,DET,2007-08,2007-08,1
sambch01,Cheikh Samb,DEN,Denver Nuggets,DEN,2008-09,2008-09,1
sambch01,Cheikh Samb,LAC,LA Clippers,LAC,2008-09,2008-09,1
sambch01,Cheikh Samb,NYK,New York Knicks,NYK,2008-09,2008-09,1
metuch01,Chimezie Metu,SAS,San Antonio Spurs,SAS,2018-19,2019-20,2
metuch01,Chimezie Metu,SAC,Sacramento Kings,SAC,2020-21,2022-23,3
metuch01,Chimezie Metu,PHX,Phoenix Suns,PHO,2023-24,2023-24,1
metuch01,Chimezie Metu,DET,Detroit Pistons,DET,2023-24,2023-24,1
chiozch01,Chris Chiozza,HOU,Houston Rockets,HOU,2018-19,2018-19,1
chiozch01,Chris Chiozza,WAS,Washington Wizards,WAS,2019-20,2019-20,1
chiozch01,Chris Chiozza,BKN,Brooklyn Nets,BRK,2019-20,2020-21,2
chiozch01,Chris Chiozza,GSW,Golden State Warriors,GSW,2021-22,2021-22,1
duhonch01,Chris Duhon,CHI,Chicago Bulls,CHI,2004-05,2007-08,4
duhonch01,Chris Duhon,NYK,New York Knicks,NYK,2008-09,2009-10,2
duhonch01,Chris Duhon,ORL,Orlando Magic,ORL,2010-11,2011-12,2
duhonch01,Chris Duhon,LAL,Los Angeles Lakers,LAL,2012-13,2012-13,1
johnsch03,Chris Johnson,POR,Portland Trail Blazers,POR,2010-11,2011-12,2
johnsch03,Chris Johnson,BOS,Boston Celtics,BOS,2010-11,2010-11,1
johnsch03,Chris Johnson,NOP,New Orleans Pelicans,NOH,2011-12,2011-12,1
johnsch03,Chris Johnson,MIN,Minnesota Timberwolves,MIN,2012-13,2012-13,1
quinnch01,Chris Quinn,MIA,Miami Heat,MIA,2006-07,2008-09,3
quinnch01,Chris Quinn,BKN,Brooklyn Nets,NJN,2009-10,2009-10,1
quinnch01,Chris Quinn,SAS,San Antonio Spurs,SAS,2010-11,2010-11,1
quinnch01,Chris Quinn,CLE,Cleveland Cavaliers,CLE,2012-13,2012-13,1
silvach01,Chris Silva,MIA,Miami Heat,MIA,2019-20,2021-22,3
silvach01,Chris Silva,SAC,Sacramento Kings,SAC,2020-21,2020-21,1
silvach01,Chris Silva,MIN,Minnesota Timberwolves,MIN,2021-22,2021-22,1
silvach01,Chris Silva,DAL,Dallas Mavericks,DAL,2022-23,2022-23,1
whitnch01,Chris Whitney,SAS,San Antonio Spurs,SAS,1993-94,1994-95,2
whitnch01,Chris Whitney,WAS,Washington Wizards,"WAS,WSB",1995-96,2003-04,8
whitnch01,Chris Whitney,DEN,Denver Nuggets,DEN,2002-03,2002-03,1
whitnch01,Chris Whitney,ORL,Orlando Magic,ORL,2002-03,2002-03,1
kolokch01,Christian Koloko,TOR,Toronto Raptors,TOR,2022-23,2022-23,1
kolokch01,Christian Koloko,LAL,Los Angeles Lakers,LAL,2024-25,2025-26,2
kolokch01,Christian Koloko,MEM,Memphis Grizzlies,MEM,2025-26,2025-26,1
kolokch01,Christian Koloko,ATL,Atlanta Hawks,ATL,2025-26,2025-26,1
levincl01,Cliff Levingston,DET,Detroit Pistons,DET,1982-83,1983-84,2
levincl01,Cliff Levingston,ATL,Atlanta Hawks,ATL,1984-85,1989-90,6
levincl01,Cliff Levingston,CHI,Chicago Bulls,CHI,1990-91,1991-92,2
levincl01,Cliff Levingston,DEN,Denver Nuggets,DEN,1994-95,1994-95,1
zelleco01,Cody Zeller,CHA,Charlotte Hornets,"CHA,CHO",2013-14,2020-21,8
zelleco01,Cody Zeller,POR,Portland Trail Blazers,POR,2021-22,2021-22,1
zelleco01,Cody Zeller,MIA,Miami Heat,MIA,2022-23,2022-23,1
zelleco01,Cody Zeller,NOP,New Orleans Pelicans,NOP,2023-24,2023-24,1
swideco01,Cole Swider,LAL,Los Angeles Lakers,LAL,2022-23,2022-23,1
swideco01,Cole Swider,MIA,Miami Heat,MIA,2023-24,2023-24,1
swideco01,Cole Swider,DET,Detroit Pistons,DET,2024-25,2024-25,1
swideco01,Cole Swider,TOR,Toronto Raptors,TOR,2024-25,2024-25,1
sextoco01,Collin Sexton,CLE,Cleveland Cavaliers,CLE,2018-19,2021-22,4
sextoco01,Collin Sexton,UTA,Utah Jazz,UTA,2022-23,2024-25,3
sextoco01,Collin Sexton,CHA,Charlotte Hornets,CHO,2025-26,2025-26,1
sextoco01,Collin Sexton,CHI,Chicago Bulls,CHI,2025-26,2025-26,1
henryco01,Conner Henry,HOU,Houston Rockets,HOU,1986-87,1986-87,1
henryco01,Conner Henry,BOS,Boston Celtics,BOS,1986-87,1987-88,2
henryco01,Conner Henry,MIL,Milwaukee Bucks,MIL,1987-88,1987-88,1
henryco01,Conner Henry,SAC,Sacramento Kings,SAC,1987-88,1987-88,1
gaineco01,Corey Gaines,BKN,Brooklyn Nets,NJN,1988-89,1988-89,1
gaineco01,Corey Gaines,PHI,Philadelphia 76ers,PHI,1989-90,1994-95,2
gaineco01,Corey Gaines,DEN,Denver Nuggets,DEN,1990-91,1990-91,1
gaineco01,Corey Gaines,NYK,New York Knicks,NYK,1993-94,1993-94,1
willico02,Corliss Williamson,SAC,Sacramento Kings,SAC,1995-96,2006-07,8
willico02,Corliss Williamson,TOR,Toronto Raptors,TOR,2000-01,2000-01,1
willico02,Corliss Williamson,DET,Detroit Pistons,DET,2000-01,2003-04,4
willico02,Corliss Williamson,PHI,Philadelphia 76ers,PHI,2004-05,2004-05,1
alexaco01,Cory Alexander,SAS,San Antonio Spurs,SAS,1995-96,1997-98,3
alexaco01,Cory Alexander,DEN,Denver Nuggets,DEN,1997-98,1999-00,3
alexaco01,Cory Alexander,ORL,Orlando Magic,ORL,2000-01,2000-01,1
alexaco01,Cory Alexander,CHA,Charlotte Hornets,CHA,2004-05,2004-05,1
ehlocr01,Craig Ehlo,HOU,Houston Rockets,HOU,1983-84,1985-86,3
ehlocr01,Craig Ehlo,CLE,Cleveland Cavaliers,CLE,1986-87,1992-93,7
ehlocr01,Craig Ehlo,ATL,Atlanta Hawks,ATL,1993-94,1995-96,3
ehlocr01,Craig Ehlo,OKC,Oklahoma City Thunder,SEA,1996-97,1996-97,1
hodgecr01,Craig Hodges,LAC,LA Clippers,SDC,1982-83,1983-84,2
hodgecr01,Craig Hodges,MIL,Milwaukee Bucks,MIL,1984-85,1987-88,4
hodgecr01,Craig Hodges,PHX,Phoenix Suns,PHO,1987-88,1988-89,2
hodgecr01,Craig Hodges,CHI,Chicago Bulls,CHI,1988-89,1991-92,4
moblecu01,Cuttino Mobley,HOU,Houston Rockets,HOU,1998-99,2003-04,6
moblecu01,Cuttino Mobley,ORL,Orlando Magic,ORL,2004-05,2004-05,1
moblecu01,Cuttino Mobley,SAC,Sacramento Kings,SAC,2004-05,2004-05,1
moblecu01,Cuttino Mobley,LAC,LA Clippers,LAC,2005-06,2008-09,4
mbengdj01,D.J. Mbenga,DAL,Dallas Mavericks,DAL,2004-05,2006-07,3
mbengdj01,D.J. Mbenga,GSW,Golden State Warriors,GSW,2007-08,2007-08,1
mbengdj01,D.J. Mbenga,LAL,Los Angeles Lakers,LAL,2007-08,2009-10,3
mbengdj01,D.J. Mbenga,NOP,New Orleans Pelicans,NOH,2010-11,2010-11,1
wilsodj01,D.J. Wilson,MIL,Milwaukee Bucks,MIL,2017-18,2020-21,4
wilsodj01,D.J. Wilson,HOU,Houston Rockets,HOU,2020-21,2020-21,1
wilsodj01,D.J. Wilson,TOR,Toronto Raptors,TOR,2021-22,2021-22,1
wilsodj01,D.J. Wilson,PHI,Philadelphia 76ers,PHI,2023-24,2023-24,1
cookda02,Daequan Cook,MIA,Miami Heat,MIA,2007-08,2009-10,3
cookda02,Daequan Cook,OKC,Oklahoma City Thunder,OKC,2010-11,2011-12,2
cookda02,Daequan Cook,HOU,Houston Rockets,HOU,2012-13,2012-13,1
cookda02,Daequan Cook,CHI,Chicago Bulls,CHI,2012-13,2012-13,1
bantoda01,Dalano Banton,TOR,Toronto Raptors,TOR,2021-22,2022-23,2
bantoda01,Dalano Banton,BOS,Boston Celtics,BOS,2023-24,2025-26,2
bantoda01,Dalano Banton,POR,Portland Trail Blazers,POR,2023-24,2024-25,2
bantoda01,Dalano Banton,LAC,LA Clippers,LAC,2025-26,2025-26,1
davisda01,Dale Davis,IND,Indiana Pacers,IND,1991-92,2004-05,10
davisda01,Dale Davis,POR,Portland Trail Blazers,POR,2000-01,2003-04,4
davisda01,Dale Davis,GSW,Golden State Warriors,GSW,2004-05,2004-05,1
davisda01,Dale Davis,DET,Detroit Pistons,DET,2005-06,2006-07,2
stoudda01,Damon Stoudamire,TOR,Toronto Raptors,TOR,1995-96,1997-98,3
stoudda01,Damon Stoudamire,POR,Portland Trail Blazers,POR,1997-98,2004-05,8
stoudda01,Damon Stoudamire,MEM,Memphis Grizzlies,MEM,2005-06,2007-08,3
stoudda01,Damon Stoudamire,SAS,San Antonio Spurs,SAS,2007-08,2007-08,1
brownda02,Damone Brown,PHI,Philadelphia 76ers,PHI,2001-02,2001-02,1
brownda02,Damone Brown,TOR,Toronto Raptors,TOR,2002-03,2002-03,1
brownda02,Damone Brown,BKN,Brooklyn Nets,NJN,2003-04,2003-04,1
brownda02,Damone Brown,WAS,Washington Wizards,WAS,2004-05,2004-05,1
gadzuda01,Dan Gadzuric,MIL,Milwaukee Bucks,MIL,2002-03,2009-10,8
gadzuda01,Dan Gadzuric,GSW,Golden State Warriors,GSW,2010-11,2010-11,1
gadzuda01,Dan Gadzuric,BKN,Brooklyn Nets,NJN,2010-11,2010-11,1
gadzuda01,Dan Gadzuric,NYK,New York Knicks,NYK,2011-12,2011-12,1
langhda01,Dan Langhi,HOU,Houston Rockets,HOU,2000-01,2001-02,2
langhda01,Dan Langhi,PHX,Phoenix Suns,PHO,2002-03,2002-03,1
langhda01,Dan Langhi,GSW,Golden State Warriors,GSW,2003-04,2003-04,1
langhda01,Dan Langhi,MIL,Milwaukee Bucks,MIL,2003-04,2003-04,1
barroda01,Dana Barros,OKC,Oklahoma City Thunder,SEA,1989-90,1992-93,4
barroda01,Dana Barros,PHI,Philadelphia 76ers,PHI,1993-94,1994-95,2
barroda01,Dana Barros,BOS,Boston Celtics,BOS,1995-96,2003-04,6
barroda01,Dana Barros,DET,Detroit Pistons,DET,2000-01,2001-02,2
aingeda01,Danny Ainge,BOS,Boston Celtics,BOS,1981-82,1988-89,8
aingeda01,Danny Ainge,SAC,Sacramento Kings,SAC,1988-89,1989-90,2
aingeda01,Danny Ainge,POR,Portland Trail Blazers,POR,1990-91,1991-92,2
aingeda01,Danny Ainge,PHX,Phoenix Suns,PHO,1992-93,1994-95,3
bazleda01,Darius Bazley,OKC,Oklahoma City Thunder,OKC,2019-20,2022-23,4
bazleda01,Darius Bazley,PHX,Phoenix Suns,PHO,2022-23,2022-23,1
bazleda01,Darius Bazley,PHI,Philadelphia 76ers,PHI,2023-24,2023-24,1
bazleda01,Darius Bazley,UTA,Utah Jazz,UTA,2023-24,2023-24,1
milesda01,Darius Miles,LAC,LA Clippers,LAC,2000-01,2001-02,2
milesda01,Darius Miles,CLE,Cleveland Cavaliers,CLE,2002-03,2003-04,2
milesda01,Darius Miles,POR,Portland Trail Blazers,POR,2003-04,2005-06,3
milesda01,Darius Miles,MEM,Memphis Grizzlies,MEM,2008-09,2008-09,1
hancoda01,Darrin Hancock,CHA,Charlotte Hornets,CHH,1994-95,1995-96,2
hancoda01,Darrin Hancock,MIL,Milwaukee Bucks,MIL,1996-97,1996-97,1
hancoda01,Darrin Hancock,ATL,Atlanta Hawks,ATL,1996-97,1996-97,1
hancoda01,Darrin Hancock,SAS,San Antonio Spurs,SAS,1996-97,1996-97,1
dawkida01,Darryl Dawkins,PHI,Philadelphia 76ers,PHI,1979-80,1981-82,3
dawkida01,Darryl Dawkins,BKN,Brooklyn Nets,NJN,1982-83,1986-87,5
dawkida01,Darryl Dawkins,UTA,Utah Jazz,UTA,1987-88,1987-88,1
dawkida01,Darryl Dawkins,DET,Detroit Pistons,DET,1987-88,1988-89,2
cookda01,Darwin Cook,BKN,Brooklyn Nets,NJN,1980-81,1985-86,6
cookda01,Darwin Cook,WAS,Washington Wizards,WSB,1986-87,1986-87,1
cookda01,Darwin Cook,SAS,San Antonio Spurs,SAS,1988-89,1988-89,1
cookda01,Darwin Cook,DEN,Denver Nuggets,DEN,1988-89,1988-89,1
feitlda01,Dave Feitl,HOU,Houston Rockets,HOU,1986-87,1990-91,2
feitlda01,Dave Feitl,GSW,Golden State Warriors,GSW,1987-88,1987-88,1
feitlda01,Dave Feitl,WAS,Washington Wizards,WSB,1988-89,1988-89,1
feitlda01,Dave Feitl,BKN,Brooklyn Nets,NJN,1991-92,1991-92,1
greenda01,Dave Greenwood,CHI,Chicago Bulls,CHI,1979-80,1984-85,6
greenda01,Dave Greenwood,SAS,San Antonio Spurs,SAS,1985-86,1990-91,5
greenda01,Dave Greenwood,DEN,Denver Nuggets,DEN,1988-89,1988-89,1
greenda01,Dave Greenwood,DET,Detroit Pistons,DET,1989-90,1989-90,1
popsoda01,Dave Popson,LAC,LA Clippers,LAC,1988-89,1988-89,1
popsoda01,Dave Popson,MIA,Miami Heat,MIA,1988-89,1988-89,1
popsoda01,Dave Popson,BOS,Boston Celtics,BOS,1990-91,1990-91,1
popsoda01,Dave Popson,MIL,Milwaukee Bucks,MIL,1991-92,1991-92,1
robisda01,Dave Robisch,CLE,Cleveland Cavaliers,CLE,1979-80,1980-81,2
robisda01,Dave Robisch,DEN,Denver Nuggets,DEN,1980-81,1983-84,4
robisda01,Dave Robisch,SAS,San Antonio Spurs,SAS,1983-84,1983-84,1
robisda01,Dave Robisch,SAC,Sacramento Kings,KCK,1983-84,1983-84,1
vaughda02,David Vaughn,ORL,Orlando Magic,ORL,1995-96,1996-97,2
vaughda02,David Vaughn,GSW,Golden State Warriors,GSW,1997-98,1997-98,1
vaughda02,David Vaughn,CHI,Chicago Bulls,CHI,1997-98,1997-98,1
vaughda02,David Vaughn,BKN,Brooklyn Nets,NJN,1997-98,1998-99,2
westda01,David West,NOP,New Orleans Pelicans,"NOH,NOK",2003-04,2010-11,8
westda01,David West,IND,Indiana Pacers,IND,2011-12,2014-15,4
westda01,David West,SAS,San Antonio Spurs,SAS,2015-16,2015-16,1
westda01,David West,GSW,Golden State Warriors,GSW,2016-17,2017-18,2
reedda01,Davon Reed,PHX,Phoenix Suns,PHO,2017-18,2017-18,1
reedda01,Davon Reed,IND,Indiana Pacers,IND,2018-19,2018-19,1
reedda01,Davon Reed,DEN,Denver Nuggets,DEN,2021-22,2022-23,2
reedda01,Davon Reed,LAL,Los Angeles Lakers,LAL,2022-23,2022-23,1
meltode01,De'Anthony Melton,PHX,Phoenix Suns,PHO,2018-19,2018-19,1
meltode01,De'Anthony Melton,MEM,Memphis Grizzlies,MEM,2019-20,2021-22,3
meltode01,De'Anthony Melton,PHI,Philadelphia 76ers,PHI,2022-23,2023-24,2
meltode01,De'Anthony Melton,GSW,Golden State Warriors,GSW,2024-25,2025-26,2
bembrde01,DeAndre' Bembry,ATL,Atlanta Hawks,ATL,2016-17,2019-20,4
bembrde01,DeAndre' Bembry,TOR,Toronto Raptors,TOR,2020-21,2020-21,1
bembrde01,DeAndre' Bembry,BKN,Brooklyn Nets,BRK,2021-22,2021-22,1
bembrde01,DeAndre' Bembry,MIL,Milwaukee Bucks,MIL,2021-22,2021-22,1
derozde01,DeMar DeRozan,TOR,Toronto Raptors,TOR,2009-10,2017-18,9
derozde01,DeMar DeRozan,SAS,San Antonio Spurs,SAS,2018-19,2020-21,3
derozde01,DeMar DeRozan,CHI,Chicago Bulls,CHI,2021-22,2023-24,3
derozde01,DeMar DeRozan,SAC,Sacramento Kings,SAC,2024-25,2025-26,2
diopde01,DeSagana Diop,CLE,Cleveland Cavaliers,CLE,2001-02,2004-05,4
diopde01,DeSagana Diop,DAL,Dallas Mavericks,DAL,2005-06,2008-09,4
diopde01,DeSagana Diop,BKN,Brooklyn Nets,NJN,2007-08,2007-08,1
diopde01,DeSagana Diop,CHA,Charlotte Hornets,CHA,2008-09,2012-13,5
westde01,Delonte West,BOS,Boston Celtics,BOS,2004-05,2010-11,4
westde01,Delonte West,OKC,Oklahoma City Thunder,SEA,2007-08,2007-08,1
westde01,Delonte West,CLE,Cleveland Cavaliers,CLE,2007-08,2009-10,3
westde01,Delonte West,DAL,Dallas Mavericks,DAL,2011-12,2011-12,1
johnsde03,DerMarr Johnson,ATL,Atlanta Hawks,ATL,2000-01,2001-02,2
johnsde03,DerMarr Johnson,NYK,New York Knicks,NYK,2003-04,2003-04,1
johnsde03,DerMarr Johnson,DEN,Denver Nuggets,DEN,2004-05,2006-07,3
johnsde03,DerMarr Johnson,SAS,San Antonio Spurs,SAS,2007-08,2007-08,1
harpede01,Derek Harper,DAL,Dallas Mavericks,DAL,1983-84,1996-97,12
harpede01,Derek Harper,NYK,New York Knicks,NYK,1993-94,1995-96,3
harpede01,Derek Harper,ORL,Orlando Magic,ORL,1997-98,1997-98,1
harpede01,Derek Harper,LAL,Los Angeles Lakers,LAL,1998-99,1998-99,1
willide01,Deron Williams,UTA,Utah Jazz,UTA,2005-06,2010-11,6
willide01,Deron Williams,BKN,Brooklyn Nets,"BRK,NJN",2010-11,2014-15,5
willide01,Deron Williams,DAL,Dallas Mavericks,DAL,2015-16,2016-17,2
willide01,Deron Williams,CLE,Cleveland Cavaliers,CLE,2016-17,2016-17,1
colemde01,Derrick Coleman,BKN,Brooklyn Nets,NJN,1990-91,1994-95,5
colemde01,Derrick Coleman,PHI,Philadelphia 76ers,PHI,1995-96,2003-04,6
colemde01,Derrick Coleman,CHA,Charlotte Hornets,CHH,1998-99,2000-01,3
colemde01,Derrick Coleman,DET,Detroit Pistons,DET,2004-05,2004-05,1
dialde01,Derrick Dial,SAS,San Antonio Spurs,SAS,1999-00,2000-01,2
dialde01,Derrick Dial,BKN,Brooklyn Nets,NJN,2001-02,2001-02,1
dialde01,Derrick Dial,TOR,Toronto Raptors,TOR,2001-02,2001-02,1
dialde01,Derrick Dial,ORL,Orlando Magic,ORL,2003-04,2003-04,1
favorde01,Derrick Favors,BKN,Brooklyn Nets,NJN,2010-11,2010-11,1
favorde01,Derrick Favors,UTA,Utah Jazz,UTA,2010-11,2020-21,10
favorde01,Derrick Favors,NOP,New Orleans Pelicans,NOP,2019-20,2019-20,1
favorde01,Derrick Favors,OKC,Oklahoma City Thunder,OKC,2021-22,2021-22,1
masonde01,Desmond Mason,OKC,Oklahoma City Thunder,"OKC,SEA",2000-01,2008-09,4
masonde01,Desmond Mason,MIL,Milwaukee Bucks,MIL,2002-03,2007-08,4
masonde01,Desmond Mason,NOP,New Orleans Pelicans,NOK,2005-06,2006-07,2
masonde01,Desmond Mason,SAC,Sacramento Kings,SAC,2009-10,2009-10,1
schrede01,Detlef Schrempf,DAL,Dallas Mavericks,DAL,1985-86,1988-89,4
schrede01,Detlef Schrempf,IND,Indiana Pacers,IND,1988-89,1992-93,5
schrede01,Detlef Schrempf,OKC,Oklahoma City Thunder,SEA,1993-94,1998-99,6
schrede01,Detlef Schrempf,POR,Portland Trail Blazers,POR,1999-00,2000-01,2
waitedi01,Dion Waiters,CLE,Cleveland Cavaliers,CLE,2012-13,2014-15,3
waitedi01,Dion Waiters,OKC,Oklahoma City Thunder,OKC,2014-15,2015-16,2
waitedi01,Dion Waiters,MIA,Miami Heat,MIA,2016-17,2019-20,4
waitedi01,Dion Waiters,LAL,Los Angeles Lakers,LAL,2019-20,2019-20,1
minnidi01,Dirk Minniefield,CLE,Cleveland Cavaliers,CLE,1985-86,1986-87,2
minnidi01,Dirk Minniefield,HOU,Houston Rockets,HOU,1986-87,1986-87,1
minnidi01,Dirk Minniefield,GSW,Golden State Warriors,GSW,1987-88,1987-88,1
minnidi01,Dirk Minniefield,BOS,Boston Celtics,BOS,1987-88,1987-88,1
riverdo01,Doc Rivers,ATL,Atlanta Hawks,ATL,1983-84,1990-91,8
riverdo01,Doc Rivers,LAC,LA Clippers,LAC,1991-92,1991-92,1
riverdo01,Doc Rivers,NYK,New York Knicks,NYK,1992-93,1994-95,3
riverdo01,Doc Rivers,SAS,San Antonio Spurs,SAS,1994-95,1995-96,2
busedo01,Don Buse,PHX,Phoenix Suns,PHO,1979-80,1979-80,1
busedo01,Don Buse,IND,Indiana Pacers,IND,1980-81,1981-82,2
busedo01,Don Buse,POR,Portland Trail Blazers,POR,1982-83,1982-83,1
busedo01,Don Buse,SAC,Sacramento Kings,KCK,1983-84,1984-85,2
collido02,Don Collins,ATL,Atlanta Hawks,ATL,1980-81,1980-81,1
collido02,Don Collins,WAS,Washington Wizards,WSB,1980-81,1984-85,4
collido02,Don Collins,GSW,Golden State Warriors,GSW,1983-84,1983-84,1
collido02,Don Collins,MIL,Milwaukee Bucks,MIL,1986-87,1986-87,1
wrighdo01,Dorell Wright,MIA,Miami Heat,MIA,2004-05,2009-10,6
wrighdo01,Dorell Wright,GSW,Golden State Warriors,GSW,2010-11,2011-12,2
wrighdo01,Dorell Wright,PHI,Philadelphia 76ers,PHI,2012-13,2012-13,1
wrighdo01,Dorell Wright,POR,Portland Trail Blazers,POR,2013-14,2014-15,2
finnedo01,Dorian Finney-Smith,DAL,Dallas Mavericks,DAL,2016-17,2022-23,7
finnedo01,Dorian Finney-Smith,BKN,Brooklyn Nets,BRK,2022-23,2024-25,3
finnedo01,Dorian Finney-Smith,LAL,Los Angeles Lakers,LAL,2024-25,2024-25,1
finnedo01,Dorian Finney-Smith,HOU,Houston Rockets,HOU,2025-26,2025-26,1
jonesdw02,Dwayne Jones,BOS,Boston Celtics,BOS,2005-06,2005-06,1
jonesdw02,Dwayne Jones,CLE,Cleveland Cavaliers,CLE,2006-07,2007-08,2
jonesdw02,Dwayne Jones,CHA,Charlotte Hornets,CHA,2008-09,2008-09,1
jonesdw02,Dwayne Jones,PHX,Phoenix Suns,PHO,2009-10,2009-10,1
windldy01,Dylan Windler,CLE,Cleveland Cavaliers,CLE,2020-21,2022-23,3
windldy01,Dylan Windler,NYK,New York Knicks,NYK,2023-24,2023-24,1
windldy01,Dylan Windler,LAL,Los Angeles Lakers,LAL,2023-24,2023-24,1
windldy01,Dylan Windler,ATL,Atlanta Hawks,ATL,2023-24,2023-24,1
curryed01,Eddy Curry,CHI,Chicago Bulls,CHI,2001-02,2004-05,4
curryed01,Eddy Curry,NYK,New York Knicks,NYK,2005-06,2009-10,5
curryed01,Eddy Curry,MIA,Miami Heat,MIA,2011-12,2011-12,1
curryed01,Eddy Curry,DAL,Dallas Mavericks,DAL,2012-13,2012-13,1
jonesed01,Edgar Jones,BKN,Brooklyn Nets,NJN,1980-81,1980-81,1
jonesed01,Edgar Jones,DET,Detroit Pistons,DET,1981-82,1982-83,2
jonesed01,Edgar Jones,SAS,San Antonio Spurs,SAS,1982-83,1984-85,3
jonesed01,Edgar Jones,CLE,Cleveland Cavaliers,CLE,1984-85,1985-86,2
udohek01,Ekpe Udoh,GSW,Golden State Warriors,GSW,2010-11,2011-12,2
udohek01,Ekpe Udoh,MIL,Milwaukee Bucks,MIL,2011-12,2013-14,3
udohek01,Ekpe Udoh,LAC,LA Clippers,LAC,2014-15,2014-15,1
udohek01,Ekpe Udoh,UTA,Utah Jazz,UTA,2017-18,2018-19,2
benneel01,Elmer Bennett,CLE,Cleveland Cavaliers,CLE,1994-95,1994-95,1
benneel01,Elmer Bennett,PHI,Philadelphia 76ers,PHI,1995-96,1995-96,1
benneel01,Elmer Bennett,HOU,Houston Rockets,HOU,1996-97,1996-97,1
benneel01,Elmer Bennett,DEN,Denver Nuggets,DEN,1996-97,1996-97,1
spencel01,Elmore Spencer,LAC,LA Clippers,LAC,1992-93,1994-95,3
spencel01,Elmore Spencer,DEN,Denver Nuggets,DEN,1995-96,1995-96,1
spencel01,Elmore Spencer,POR,Portland Trail Blazers,POR,1995-96,1995-96,1
spencel01,Elmore Spencer,OKC,Oklahoma City Thunder,SEA,1996-97,1996-97,1
mudiaem01,Emmanuel Mudiay,DEN,Denver Nuggets,DEN,2015-16,2017-18,3
mudiaem01,Emmanuel Mudiay,NYK,New York Knicks,NYK,2017-18,2018-19,2
mudiaem01,Emmanuel Mudiay,UTA,Utah Jazz,UTA,2019-20,2019-20,1
mudiaem01,Emmanuel Mudiay,SAC,Sacramento Kings,SAC,2021-22,2021-22,1
bledser01,Eric Bledsoe,LAC,LA Clippers,LAC,2010-11,2021-22,4
bledser01,Eric Bledsoe,PHX,Phoenix Suns,PHO,2013-14,2017-18,5
bledser01,Eric Bledsoe,MIL,Milwaukee Bucks,MIL,2017-18,2019-20,3
bledser01,Eric Bledsoe,NOP,New Orleans Pelicans,NOP,2020-21,2020-21,1
moreler01,Eric Moreland,SAC,Sacramento Kings,SAC,2014-15,2015-16,2
moreler01,Eric Moreland,DET,Detroit Pistons,DET,2017-18,2017-18,1
moreler01,Eric Moreland,PHX,Phoenix Suns,PHO,2018-19,2018-19,1
moreler01,Eric Moreland,TOR,Toronto Raptors,TOR,2018-19,2018-19,1
piatker01,Eric Piatkowski,LAC,LA Clippers,LAC,1994-95,2002-03,9
piatker01,Eric Piatkowski,HOU,Houston Rockets,HOU,2003-04,2003-04,1
piatker01,Eric Piatkowski,CHI,Chicago Bulls,CHI,2004-05,2005-06,2
piatker01,Eric Piatkowski,PHX,Phoenix Suns,PHO,2006-07,2007-08,2
johnser02,Ervin Johnson,OKC,Oklahoma City Thunder,SEA,1993-94,1995-96,3
johnser02,Ervin Johnson,DEN,Denver Nuggets,DEN,1996-97,1996-97,1
johnser02,Ervin Johnson,MIL,Milwaukee Bucks,MIL,1997-98,2005-06,7
johnser02,Ervin Johnson,MIN,Minnesota Timberwolves,MIN,2003-04,2004-05,2
omorueu01,Eugene Omoruyi,DAL,Dallas Mavericks,DAL,2021-22,2021-22,1
omorueu01,Eugene Omoruyi,OKC,Oklahoma City Thunder,OKC,2022-23,2022-23,1
omorueu01,Eugene Omoruyi,DET,Detroit Pistons,DET,2022-23,2022-23,1
omorueu01,Eugene Omoruyi,WAS,Washington Wizards,WAS,2023-24,2023-24,1
kaminfr01,Frank Kaminsky,CHA,Charlotte Hornets,CHO,2015-16,2018-19,4
kaminfr01,Frank Kaminsky,PHX,Phoenix Suns,PHO,2019-20,2021-22,3
kaminfr01,Frank Kaminsky,ATL,Atlanta Hawks,ATL,2022-23,2022-23,1
kaminfr01,Frank Kaminsky,HOU,Houston Rockets,HOU,2022-23,2022-23,1
willifr01,Freeman Williams,LAC,LA Clippers,SDC,1979-80,1981-82,3
willifr01,Freeman Williams,ATL,Atlanta Hawks,ATL,1981-82,1981-82,1
willifr01,Freeman Williams,UTA,Utah Jazz,UTA,1982-83,1982-83,1
willifr01,Freeman Williams,WAS,Washington Wizards,WSB,1985-86,1985-86,1
mathega01,Garrison Mathews,WAS,Washington Wizards,WAS,2019-20,2020-21,2
mathega01,Garrison Mathews,HOU,Houston Rockets,HOU,2021-22,2022-23,2
mathega01,Garrison Mathews,ATL,Atlanta Hawks,ATL,2022-23,2024-25,3
mathega01,Garrison Mathews,IND,Indiana Pacers,IND,2025-26,2025-26,1
grantga01,Gary Grant,LAC,LA Clippers,LAC,1988-89,1994-95,7
grantga01,Gary Grant,NYK,New York Knicks,NYK,1995-96,1995-96,1
grantga01,Gary Grant,MIA,Miami Heat,MIA,1996-97,1996-97,1
grantga01,Gary Grant,POR,Portland Trail Blazers,POR,1997-98,2000-01,4
trentga01,Gary Trent,POR,Portland Trail Blazers,POR,1995-96,1997-98,3
trentga01,Gary Trent,TOR,Toronto Raptors,TOR,1997-98,1997-98,1
trentga01,Gary Trent,DAL,Dallas Mavericks,DAL,1998-99,2000-01,3
trentga01,Gary Trent,MIN,Minnesota Timberwolves,MIN,2001-02,2003-04,3
crompge01,Geoff Crompton,POR,Portland Trail Blazers,POR,1980-81,1980-81,1
crompge01,Geoff Crompton,MIL,Milwaukee Bucks,MIL,1981-82,1981-82,1
crompge01,Geoff Crompton,SAS,San Antonio Spurs,SAS,1982-83,1982-83,1
crompge01,Geoff Crompton,CLE,Cleveland Cavaliers,CLE,1983-84,1983-84,1
johnsge03,George Johnson,DEN,Denver Nuggets,DEN,1979-80,1979-80,1
johnsge03,George Johnson,IND,Indiana Pacers,IND,1980-81,1983-84,4
johnsge03,George Johnson,PHI,Philadelphia 76ers,PHI,1984-85,1984-85,1
johnsge03,George Johnson,WAS,Washington Wizards,WSB,1985-86,1985-86,1
johnsge02,George Johnson,BKN,Brooklyn Nets,NJN,1979-80,1984-85,2
johnsge02,George Johnson,SAS,San Antonio Spurs,SAS,1980-81,1981-82,2
johnsge02,George Johnson,ATL,Atlanta Hawks,ATL,1982-83,1982-83,1
johnsge02,George Johnson,OKC,Oklahoma City Thunder,SEA,1985-86,1985-86,1
glassge01,Gerald Glass,MIN,Minnesota Timberwolves,MIN,1990-91,1992-93,3
glassge01,Gerald Glass,DET,Detroit Pistons,DET,1992-93,1992-93,1
glassge01,Gerald Glass,BKN,Brooklyn Nets,NJN,1995-96,1995-96,1
glassge01,Gerald Glass,CHA,Charlotte Hornets,CHH,1995-96,1995-96,1
wilkige01,Gerald Wilkins,NYK,New York Knicks,NYK,1985-86,1991-92,7
wilkige01,Gerald Wilkins,CLE,Cleveland Cavaliers,CLE,1992-93,1993-94,2
wilkige01,Gerald Wilkins,MEM,Memphis Grizzlies,VAN,1995-96,1995-96,1
wilkige01,Gerald Wilkins,ORL,Orlando Magic,ORL,1996-97,1998-99,3
arenagi01,Gilbert Arenas,GSW,Golden State Warriors,GSW,2001-02,2002-03,2
arenagi01,Gilbert Arenas,WAS,Washington Wizards,WAS,2003-04,2010-11,8
arenagi01,Gilbert Arenas,ORL,Orlando Magic,ORL,2010-11,2010-11,1
arenagi01,Gilbert Arenas,MEM,Memphis Grizzlies,MEM,2011-12,2011-12,1
robingl01,Glenn Robinson,MIL,Milwaukee Bucks,MIL,1994-95,2001-02,8
robingl01,Glenn Robinson,ATL,Atlanta Hawks,ATL,2002-03,2002-03,1
robingl01,Glenn Robinson,PHI,Philadelphia 76ers,PHI,2003-04,2003-04,1
robingl01,Glenn Robinson,SAS,San Antonio Spurs,SAS,2004-05,2004-05,1
haywago01,Gordon Hayward,UTA,Utah Jazz,UTA,2010-11,2016-17,7
haywago01,Gordon Hayward,BOS,Boston Celtics,BOS,2017-18,2019-20,3
haywago01,Gordon Hayward,CHA,Charlotte Hornets,CHO,2020-21,2023-24,4
haywago01,Gordon Hayward,OKC,Oklahoma City Thunder,OKC,2023-24,2023-24,1
dienggo01,Gorgui Dieng,MIN,Minnesota Timberwolves,MIN,2013-14,2019-20,7
dienggo01,Gorgui Dieng,MEM,Memphis Grizzlies,MEM,2019-20,2020-21,2
dienggo01,Gorgui Dieng,SAS,San Antonio Spurs,SAS,2020-21,2022-23,2
dienggo01,Gorgui Dieng,ATL,Atlanta Hawks,ATL,2021-22,2021-22,1
hillgr01,Grant Hill,DET,Detroit Pistons,DET,1994-95,1999-00,6
hillgr01,Grant Hill,ORL,Orlando Magic,ORL,2000-01,2006-07,6
hillgr01,Grant Hill,PHX,Phoenix Suns,PHO,2007-08,2011-12,5
hillgr01,Grant Hill,LAC,LA Clippers,LAC,2012-13,2012-13,1
allengr01,Grayson Allen,UTA,Utah Jazz,UTA,2018-19,2018-19,1
allengr01,Grayson Allen,MEM,Memphis Grizzlies,MEM,2019-20,2020-21,2
allengr01,Grayson Allen,MIL,Milwaukee Bucks,MIL,2021-22,2022-23,2
allengr01,Grayson Allen,PHX,Phoenix Suns,PHO,2023-24,2025-26,3
grahagr01,Greg Graham,PHI,Philadelphia 76ers,PHI,1993-94,1995-96,3
grahagr01,Greg Graham,BKN,Brooklyn Nets,NJN,1995-96,1995-96,1
grahagr01,Greg Graham,OKC,Oklahoma City Thunder,SEA,1996-97,1996-97,1
grahagr01,Greg Graham,CLE,Cleveland Cavaliers,CLE,1997-98,1997-98,1
kelsegr01,Greg Kelser,DET,Detroit Pistons,DET,1979-80,1981-82,3
kelsegr01,Greg Kelser,OKC,Oklahoma City Thunder,SEA,1981-82,1982-83,2
kelsegr01,Greg Kelser,LAC,LA Clippers,SDC,1983-84,1983-84,1
kelsegr01,Greg Kelser,IND,Indiana Pacers,IND,1984-85,1984-85,1
stiemgr01,Greg Stiemsma,BOS,Boston Celtics,BOS,2011-12,2011-12,1
stiemgr01,Greg Stiemsma,MIN,Minnesota Timberwolves,MIN,2012-13,2012-13,1
stiemgr01,Greg Stiemsma,NOP,New Orleans Pelicans,NOP,2013-14,2013-14,1
stiemgr01,Greg Stiemsma,TOR,Toronto Raptors,TOR,2014-15,2014-15,1
yabusgu01,Guerschon Yabusele,BOS,Boston Celtics,BOS,2017-18,2018-19,2
yabusgu01,Guerschon Yabusele,PHI,Philadelphia 76ers,PHI,2024-25,2024-25,1
yabusgu01,Guerschon Yabusele,NYK,New York Knicks,NYK,2025-26,2025-26,1
yabusgu01,Guerschon Yabusele,CHI,Chicago Bulls,CHI,2025-26,2025-26,1
ayongu01,Gustavo Ayón,NOP,New Orleans Pelicans,NOH,2011-12,2011-12,1
ayongu01,Gustavo Ayón,ORL,Orlando Magic,ORL,2012-13,2012-13,1
ayongu01,Gustavo Ayón,MIL,Milwaukee Bucks,MIL,2012-13,2012-13,1
ayongu01,Gustavo Ayón,ATL,Atlanta Hawks,ATL,2013-14,2013-14,1
barneha02,Harrison Barnes,GSW,Golden State Warriors,GSW,2012-13,2015-16,4
barneha02,Harrison Barnes,DAL,Dallas Mavericks,DAL,2016-17,2018-19,3
barneha02,Harrison Barnes,SAC,Sacramento Kings,SAC,2018-19,2023-24,6
barneha02,Harrison Barnes,SAS,San Antonio Spurs,SAS,2024-25,2025-26,2
gilesha01,Harry Giles,SAC,Sacramento Kings,SAC,2018-19,2019-20,2
gilesha01,Harry Giles,POR,Portland Trail Blazers,POR,2020-21,2020-21,1
gilesha01,Harry Giles,BKN,Brooklyn Nets,BRK,2023-24,2023-24,1
gilesha01,Harry Giles,LAL,Los Angeles Lakers,LAL,2023-24,2023-24,1
thabeha01,Hasheem Thabeet,MEM,Memphis Grizzlies,MEM,2009-10,2010-11,2
thabeha01,Hasheem Thabeet,HOU,Houston Rockets,HOU,2010-11,2011-12,2
thabeha01,Hasheem Thabeet,POR,Portland Trail Blazers,POR,2011-12,2011-12,1
thabeha01,Hasheem Thabeet,OKC,Oklahoma City Thunder,OKC,2012-13,2013-14,2
whiteha01,Hassan Whiteside,SAC,Sacramento Kings,SAC,2010-11,2020-21,3
whiteha01,Hassan Whiteside,MIA,Miami Heat,MIA,2014-15,2018-19,5
whiteha01,Hassan Whiteside,POR,Portland Trail Blazers,POR,2019-20,2019-20,1
whiteha01,Hassan Whiteside,UTA,Utah Jazz,UTA,2021-22,2021-22,1
ellenhe01,Henry Ellenson,DET,Detroit Pistons,DET,2016-17,2018-19,3
ellenhe01,Henry Ellenson,NYK,New York Knicks,NYK,2018-19,2018-19,1
ellenhe01,Henry Ellenson,BKN,Brooklyn Nets,BRK,2019-20,2019-20,1
ellenhe01,Henry Ellenson,TOR,Toronto Raptors,TOR,2020-21,2020-21,1
simshe01,Henry Sims,NOP,New Orleans Pelicans,NOH,2012-13,2012-13,1
simshe01,Henry Sims,CLE,Cleveland Cavaliers,CLE,2013-14,2013-14,1
simshe01,Henry Sims,PHI,Philadelphia 76ers,PHI,2013-14,2014-15,2
simshe01,Henry Sims,BKN,Brooklyn Nets,BRK,2015-16,2015-16,1
willihe01,Herb Williams,IND,Indiana Pacers,IND,1981-82,1988-89,8
willihe01,Herb Williams,DAL,Dallas Mavericks,DAL,1988-89,1991-92,4
willihe01,Herb Williams,NYK,New York Knicks,NYK,1992-93,1998-99,7
willihe01,Herb Williams,TOR,Toronto Raptors,TOR,1995-96,1995-96,1
hawkihe01,Hersey Hawkins,PHI,Philadelphia 76ers,PHI,1988-89,1992-93,5
hawkihe01,Hersey Hawkins,CHA,Charlotte Hornets,CHH,1993-94,2000-01,3
hawkihe01,Hersey Hawkins,OKC,Oklahoma City Thunder,SEA,1995-96,1998-99,4
hawkihe01,Hersey Hawkins,CHI,Chicago Bulls,CHI,1999-00,1999-00,1
grantho01,Horace Grant,CHI,Chicago Bulls,CHI,1987-88,1993-94,7
grantho01,Horace Grant,ORL,Orlando Magic,ORL,1994-95,2002-03,7
grantho01,Horace Grant,OKC,Oklahoma City Thunder,SEA,1999-00,1999-00,1
grantho01,Horace Grant,LAL,Los Angeles Lakers,LAL,2000-01,2003-04,2
clarkia01,Ian Clark,UTA,Utah Jazz,UTA,2013-14,2014-15,2
clarkia01,Ian Clark,DEN,Denver Nuggets,DEN,2014-15,2014-15,1
clarkia01,Ian Clark,GSW,Golden State Warriors,GSW,2015-16,2016-17,2
clarkia01,Ian Clark,NOP,New Orleans Pelicans,NOP,2017-18,2018-19,2
mahinia01,Ian Mahinmi,SAS,San Antonio Spurs,SAS,2007-08,2009-10,2
mahinia01,Ian Mahinmi,DAL,Dallas Mavericks,DAL,2010-11,2011-12,2
mahinia01,Ian Mahinmi,IND,Indiana Pacers,IND,2012-13,2015-16,4
mahinia01,Ian Mahinmi,WAS,Washington Wizards,WAS,2016-17,2019-20,4
haleyja01,Jack Haley,CHI,Chicago Bulls,CHI,1988-89,1995-96,3
haleyja01,Jack Haley,BKN,Brooklyn Nets,NJN,1989-90,1997-98,4
haleyja01,Jack Haley,LAL,Los Angeles Lakers,LAL,1991-92,1991-92,1
haleyja01,Jack Haley,SAS,San Antonio Spurs,SAS,1993-94,1994-95,2
mcdanja01,Jalen McDaniels,CHA,Charlotte Hornets,CHO,2019-20,2022-23,4
mcdanja01,Jalen McDaniels,PHI,Philadelphia 76ers,PHI,2022-23,2022-23,1
mcdanja01,Jalen McDaniels,TOR,Toronto Raptors,TOR,2023-24,2023-24,1
mcdanja01,Jalen McDaniels,WAS,Washington Wizards,WAS,2024-25,2024-25,1
mashbja01,Jamal Mashburn,DAL,Dallas Mavericks,DAL,1993-94,1996-97,4
mashbja01,Jamal Mashburn,MIA,Miami Heat,MIA,1996-97,1999-00,4
mashbja01,Jamal Mashburn,CHA,Charlotte Hornets,CHH,2000-01,2001-02,2
mashbja01,Jamal Mashburn,NOP,New Orleans Pelicans,NOH,2002-03,2003-04,2
anderja01,James Anderson,SAS,San Antonio Spurs,SAS,2010-11,2012-13,3
anderja01,James Anderson,HOU,Houston Rockets,HOU,2012-13,2012-13,1
anderja01,James Anderson,PHI,Philadelphia 76ers,PHI,2013-14,2013-14,1
anderja01,James Anderson,SAC,Sacramento Kings,SAC,2015-16,2015-16,1
robinja02,James Robinson,POR,Portland Trail Blazers,POR,1993-94,1995-96,3
robinja02,James Robinson,MIN,Minnesota Timberwolves,MIN,1996-97,1998-99,2
robinja02,James Robinson,LAC,LA Clippers,LAC,1997-98,1998-99,2
robinja02,James Robinson,ORL,Orlando Magic,ORL,2000-01,2000-01,1
thomaja02,James Thomas,POR,Portland Trail Blazers,POR,2004-05,2004-05,1
thomaja02,James Thomas,ATL,Atlanta Hawks,ATL,2004-05,2004-05,1
thomaja02,James Thomas,PHI,Philadelphia 76ers,PHI,2005-06,2005-06,1
thomaja02,James Thomas,CHI,Chicago Bulls,CHI,2005-06,2005-06,1
feickja01,Jamie Feick,CHA,Charlotte Hornets,CHH,1996-97,1996-97,1
feickja01,Jamie Feick,SAS,San Antonio Spurs,SAS,1996-97,1996-97,1
feickja01,Jamie Feick,MIL,Milwaukee Bucks,MIL,1997-98,1998-99,2
feickja01,Jamie Feick,BKN,Brooklyn Nets,NJN,1998-99,2000-01,3
butleja02,Jared Butler,UTA,Utah Jazz,UTA,2021-22,2021-22,1
butleja02,Jared Butler,OKC,Oklahoma City Thunder,OKC,2022-23,2022-23,1
butleja02,Jared Butler,WAS,Washington Wizards,WAS,2023-24,2024-25,2
butleja02,Jared Butler,PHI,Philadelphia 76ers,PHI,2024-25,2024-25,1
jeffrja01,Jared Jeffries,WAS,Washington Wizards,WAS,2002-03,2005-06,4
jeffrja01,Jared Jeffries,NYK,New York Knicks,NYK,2006-07,2011-12,6
jeffrja01,Jared Jeffries,HOU,Houston Rockets,HOU,2009-10,2010-11,2
jeffrja01,Jared Jeffries,POR,Portland Trail Blazers,POR,2012-13,2012-13,1
eddieja01,Jarell Eddie,WAS,Washington Wizards,WAS,2015-16,2015-16,1
eddieja01,Jarell Eddie,PHX,Phoenix Suns,PHO,2016-17,2016-17,1
eddieja01,Jarell Eddie,BOS,Boston Celtics,BOS,2017-18,2017-18,1
eddieja01,Jarell Eddie,CHI,Chicago Bulls,CHI,2017-18,2017-18,1
vandeja01,Jarred Vanderbilt,DEN,Denver Nuggets,DEN,2018-19,2019-20,2
vandeja01,Jarred Vanderbilt,MIN,Minnesota Timberwolves,MIN,2019-20,2021-22,3
vandeja01,Jarred Vanderbilt,UTA,Utah Jazz,UTA,2022-23,2022-23,1
vandeja01,Jarred Vanderbilt,LAL,Los Angeles Lakers,LAL,2022-23,2025-26,4
collija03,Jarron Collins,UTA,Utah Jazz,UTA,2001-02,2008-09,8
collija03,Jarron Collins,PHX,Phoenix Suns,PHO,2009-10,2009-10,1
collija03,Jarron Collins,LAC,LA Clippers,LAC,2010-11,2010-11,1
collija03,Jarron Collins,POR,Portland Trail Blazers,POR,2010-11,2010-11,1
varnaja01,Jarvis Varnado,BOS,Boston Celtics,BOS,2012-13,2012-13,1
varnaja01,Jarvis Varnado,MIA,Miami Heat,MIA,2012-13,2012-13,1
varnaja01,Jarvis Varnado,CHI,Chicago Bulls,CHI,2013-14,2013-14,1
varnaja01,Jarvis Varnado,PHI,Philadelphia 76ers,PHI,2013-14,2013-14,1
kiddja01,Jason Kidd,DAL,Dallas Mavericks,DAL,1994-95,2011-12,8
kiddja01,Jason Kidd,PHX,Phoenix Suns,PHO,1996-97,2000-01,5
kiddja01,Jason Kidd,BKN,Brooklyn Nets,NJN,2001-02,2007-08,7
kiddja01,Jason Kidd,NYK,New York Knicks,NYK,2012-13,2012-13,1
willija02,Jason Williams,SAC,Sacramento Kings,SAC,1998-99,2000-01,3
willija02,Jason Williams,MEM,Memphis Grizzlies,MEM,2001-02,2010-11,5
willija02,Jason Williams,MIA,Miami Heat,MIA,2005-06,2007-08,3
willija02,Jason Williams,ORL,Orlando Magic,ORL,2009-10,2010-11,2
humphja01,Jay Humphries,PHX,Phoenix Suns,PHO,1984-85,1987-88,4
humphja01,Jay Humphries,MIL,Milwaukee Bucks,MIL,1987-88,1991-92,5
humphja01,Jay Humphries,UTA,Utah Jazz,UTA,1992-93,1994-95,3
humphja01,Jay Humphries,BOS,Boston Celtics,BOS,1994-95,1994-95,1
nowelja01,Jaylen Nowell,MIN,Minnesota Timberwolves,MIN,2019-20,2022-23,4
nowelja01,Jaylen Nowell,MEM,Memphis Grizzlies,MEM,2023-24,2023-24,1
nowelja01,Jaylen Nowell,DET,Detroit Pistons,DET,2023-24,2023-24,1
nowelja01,Jaylen Nowell,NOP,New Orleans Pelicans,NOP,2024-25,2024-25,1
pendeje02,Jeff Ayres,POR,Portland Trail Blazers,POR,2009-10,2009-10,1
pendeje02,Jeff Ayres,IND,Indiana Pacers,IND,2011-12,2012-13,2
pendeje02,Jeff Ayres,SAS,San Antonio Spurs,SAS,2013-14,2014-15,2
pendeje02,Jeff Ayres,LAC,LA Clippers,LAC,2015-16,2015-16,1
cookje01,Jeff Cook,PHX,Phoenix Suns,PHO,1979-80,1987-88,5
cookje01,Jeff Cook,CLE,Cleveland Cavaliers,CLE,1982-83,1984-85,3
cookje01,Jeff Cook,SAS,San Antonio Spurs,SAS,1984-85,1985-86,2
cookje01,Jeff Cook,UTA,Utah Jazz,UTA,1985-86,1985-86,1
judkije01,Jeff Judkins,BOS,Boston Celtics,BOS,1979-80,1979-80,1
judkije01,Jeff Judkins,UTA,Utah Jazz,UTA,1980-81,1980-81,1
judkije01,Jeff Judkins,DET,Detroit Pistons,DET,1981-82,1981-82,1
judkije01,Jeff Judkins,POR,Portland Trail Blazers,POR,1982-83,1982-83,1
lampje01,Jeff Lamp,POR,Portland Trail Blazers,POR,1981-82,1983-84,3
lampje01,Jeff Lamp,MIL,Milwaukee Bucks,MIL,1985-86,1985-86,1
lampje01,Jeff Lamp,SAS,San Antonio Spurs,SAS,1985-86,1985-86,1
lampje01,Jeff Lamp,LAL,Los Angeles Lakers,LAL,1987-88,1988-89,2
malonje01,Jeff Malone,WAS,Washington Wizards,WSB,1983-84,1989-90,7
malonje01,Jeff Malone,UTA,Utah Jazz,UTA,1990-91,1993-94,4
malonje01,Jeff Malone,PHI,Philadelphia 76ers,PHI,1993-94,1995-96,3
malonje01,Jeff Malone,MIA,Miami Heat,MIA,1995-96,1995-96,1
robinje02,Jeremiah Robinson-Earl,OKC,Oklahoma City Thunder,OKC,2021-22,2022-23,2
robinje02,Jeremiah Robinson-Earl,NOP,New Orleans Pelicans,NOP,2023-24,2024-25,2
robinje02,Jeremiah Robinson-Earl,IND,Indiana Pacers,IND,2025-26,2025-26,1
robinje02,Jeremiah Robinson-Earl,DAL,Dallas Mavericks,DAL,2025-26,2025-26,1
lambje01,Jeremy Lamb,OKC,Oklahoma City Thunder,OKC,2012-13,2014-15,3
lambje01,Jeremy Lamb,CHA,Charlotte Hornets,CHO,2015-16,2018-19,4
lambje01,Jeremy Lamb,IND,Indiana Pacers,IND,2019-20,2021-22,3
lambje01,Jeremy Lamb,SAC,Sacramento Kings,SAC,2021-22,2021-22,1
pargoje01,Jeremy Pargo,MEM,Memphis Grizzlies,MEM,2011-12,2011-12,1
pargoje01,Jeremy Pargo,CLE,Cleveland Cavaliers,CLE,2012-13,2012-13,1
pargoje01,Jeremy Pargo,PHI,Philadelphia 76ers,PHI,2012-13,2012-13,1
pargoje01,Jeremy Pargo,GSW,Golden State Warriors,GSW,2019-20,2019-20,1
grantje02,Jerian Grant,NYK,New York Knicks,NYK,2015-16,2015-16,1
grantje02,Jerian Grant,CHI,Chicago Bulls,CHI,2016-17,2017-18,2
grantje02,Jerian Grant,ORL,Orlando Magic,ORL,2018-19,2018-19,1
grantje02,Jerian Grant,WAS,Washington Wizards,WAS,2019-20,2019-20,1
laneje01,Jerome Lane,DEN,Denver Nuggets,DEN,1988-89,1991-92,4
laneje01,Jerome Lane,IND,Indiana Pacers,IND,1991-92,1991-92,1
laneje01,Jerome Lane,MIL,Milwaukee Bucks,MIL,1991-92,1991-92,1
laneje01,Jerome Lane,CLE,Cleveland Cavaliers,CLE,1992-93,1992-93,1
willije01,Jerome Williams,DET,Detroit Pistons,DET,1996-97,2000-01,5
willije01,Jerome Williams,TOR,Toronto Raptors,TOR,2000-01,2003-04,4
willije01,Jerome Williams,CHI,Chicago Bulls,CHI,2003-04,2003-04,1
willije01,Jerome Williams,NYK,New York Knicks,NYK,2004-05,2004-05,1
lesji01,Jim Les,UTA,Utah Jazz,UTA,1988-89,1989-90,2
lesji01,Jim Les,LAC,LA Clippers,LAC,1989-90,1989-90,1
lesji01,Jim Les,SAC,Sacramento Kings,SAC,1990-91,1993-94,4
lesji01,Jim Les,ATL,Atlanta Hawks,ATL,1994-95,1994-95,1
welscji01,Jiří Welsch,GSW,Golden State Warriors,GSW,2002-03,2002-03,1
welscji01,Jiří Welsch,BOS,Boston Celtics,BOS,2003-04,2004-05,2
welscji01,Jiří Welsch,CLE,Cleveland Cavaliers,CLE,2004-05,2004-05,1
welscji01,Jiří Welsch,MIL,Milwaukee Bucks,MIL,2005-06,2005-06,1
noahjo01,Joakim Noah,CHI,Chicago Bulls,CHI,2007-08,2015-16,9
noahjo01,Joakim Noah,NYK,New York Knicks,NYK,2016-17,2017-18,2
noahjo01,Joakim Noah,MEM,Memphis Grizzlies,MEM,2018-19,2018-19,1
noahjo01,Joakim Noah,LAC,LA Clippers,LAC,2019-20,2019-20,1
inglejo01,Joe Ingles,UTA,Utah Jazz,UTA,2014-15,2021-22,8
inglejo01,Joe Ingles,MIL,Milwaukee Bucks,MIL,2022-23,2022-23,1
inglejo01,Joe Ingles,ORL,Orlando Magic,ORL,2023-24,2023-24,1
inglejo01,Joe Ingles,MIN,Minnesota Timberwolves,MIN,2024-25,2025-26,2
anthojo01,Joel Anthony,MIA,Miami Heat,MIA,2007-08,2013-14,7
anthojo01,Joel Anthony,BOS,Boston Celtics,BOS,2013-14,2013-14,1
anthojo01,Joel Anthony,DET,Detroit Pistons,DET,2014-15,2015-16,2
anthojo01,Joel Anthony,SAS,San Antonio Spurs,SAS,2016-17,2016-17,1
przybjo01,Joel Przybilla,MIL,Milwaukee Bucks,MIL,2000-01,2012-13,5
przybjo01,Joel Przybilla,ATL,Atlanta Hawks,ATL,2003-04,2003-04,1
przybjo01,Joel Przybilla,POR,Portland Trail Blazers,POR,2004-05,2011-12,8
przybjo01,Joel Przybilla,CHA,Charlotte Hornets,CHA,2010-11,2010-11,1
lauvejo01,Joffrey Lauvergne,DEN,Denver Nuggets,DEN,2014-15,2015-16,2
lauvejo01,Joffrey Lauvergne,OKC,Oklahoma City Thunder,OKC,2016-17,2016-17,1
lauvejo01,Joffrey Lauvergne,CHI,Chicago Bulls,CHI,2016-17,2016-17,1
lauvejo01,Joffrey Lauvergne,SAS,San Antonio Spurs,SAS,2017-18,2017-18,1
petrojo01,Johan Petro,OKC,Oklahoma City Thunder,"OKC,SEA",2005-06,2008-09,4
petrojo01,Johan Petro,DEN,Denver Nuggets,DEN,2008-09,2009-10,2
petrojo01,Johan Petro,BKN,Brooklyn Nets,NJN,2010-11,2011-12,2
petrojo01,Johan Petro,ATL,Atlanta Hawks,ATL,2012-13,2012-13,1
baglejo01,John Bagley,CLE,Cleveland Cavaliers,CLE,1982-83,1986-87,5
baglejo01,John Bagley,BKN,Brooklyn Nets,NJN,1987-88,1988-89,2
baglejo01,John Bagley,BOS,Boston Celtics,BOS,1989-90,1992-93,3
baglejo01,John Bagley,ATL,Atlanta Hawks,ATL,1993-94,1993-94,1
longjo01,John Long,DET,Detroit Pistons,DET,1979-80,1990-91,9
longjo01,John Long,IND,Indiana Pacers,IND,1986-87,1988-89,3
longjo01,John Long,ATL,Atlanta Hawks,ATL,1989-90,1989-90,1
longjo01,John Long,TOR,Toronto Raptors,TOR,1996-97,1996-97,1
shumajo01,John Shumate,DET,Detroit Pistons,DET,1979-80,1979-80,1
shumajo01,John Shumate,HOU,Houston Rockets,HOU,1979-80,1979-80,1
shumajo01,John Shumate,SAS,San Antonio Spurs,SAS,1979-80,1980-81,2
shumajo01,John Shumate,OKC,Oklahoma City Thunder,SEA,1980-81,1980-81,1
starkjo01,John Starks,GSW,Golden State Warriors,GSW,1988-89,1999-00,3
starkjo01,John Starks,NYK,New York Knicks,NYK,1990-91,1997-98,8
starkjo01,John Starks,CHI,Chicago Bulls,CHI,1999-00,1999-00,1
starkjo01,John Starks,UTA,Utah Jazz,UTA,2000-01,2001-02,2
jerebjo01,Jonas Jerebko,DET,Detroit Pistons,DET,2009-10,2014-15,5
jerebjo01,Jonas Jerebko,BOS,Boston Celtics,BOS,2014-15,2016-17,3
jerebjo01,Jonas Jerebko,UTA,Utah Jazz,UTA,2017-18,2017-18,1
jerebjo01,Jonas Jerebko,GSW,Golden State Warriors,GSW,2018-19,2018-19,1
clarkjo01,Jordan Clarkson,LAL,Los Angeles Lakers,LAL,2014-15,2017-18,4
clarkjo01,Jordan Clarkson,CLE,Cleveland Cavaliers,CLE,2017-18,2019-20,3
clarkjo01,Jordan Clarkson,UTA,Utah Jazz,UTA,2019-20,2024-25,6
clarkjo01,Jordan Clarkson,NYK,New York Knicks,NYK,2025-26,2025-26,1
goodwjo01,Jordan Goodwin,WAS,Washington Wizards,WAS,2021-22,2022-23,2
goodwjo01,Jordan Goodwin,PHX,Phoenix Suns,PHO,2023-24,2025-26,2
goodwjo01,Jordan Goodwin,MEM,Memphis Grizzlies,MEM,2023-24,2023-24,1
goodwjo01,Jordan Goodwin,LAL,Los Angeles Lakers,LAL,2024-25,2024-25,1
hamiljo02,Jordan Hamilton,DEN,Denver Nuggets,DEN,2011-12,2013-14,3
hamiljo02,Jordan Hamilton,HOU,Houston Rockets,HOU,2013-14,2013-14,1
hamiljo02,Jordan Hamilton,LAC,LA Clippers,LAC,2014-15,2014-15,1
hamiljo02,Jordan Hamilton,NOP,New Orleans Pelicans,NOP,2015-16,2015-16,1
childjo01,Josh Childress,ATL,Atlanta Hawks,ATL,2004-05,2007-08,4
childjo01,Josh Childress,PHX,Phoenix Suns,PHO,2010-11,2011-12,2
childjo01,Josh Childress,BKN,Brooklyn Nets,BRK,2012-13,2012-13,1
childjo01,Josh Childress,NOP,New Orleans Pelicans,NOP,2013-14,2013-14,1
hartjo01,Josh Hart,LAL,Los Angeles Lakers,LAL,2017-18,2018-19,2
hartjo01,Josh Hart,NOP,New Orleans Pelicans,NOP,2019-20,2021-22,3
hartjo01,Josh Hart,POR,Portland Trail Blazers,POR,2021-22,2022-23,2
hartjo01,Josh Hart,NYK,New York Knicks,NYK,2022-23,2025-26,4
howarjo01,Josh Howard,DAL,Dallas Mavericks,DAL,2003-04,2009-10,7
howarjo01,Josh Howard,WAS,Washington Wizards,WAS,2009-10,2010-11,2
howarjo01,Josh Howard,UTA,Utah Jazz,UTA,2011-12,2011-12,1
howarjo01,Josh Howard,MIN,Minnesota Timberwolves,MIN,2012-13,2012-13,1
jacksjo02,Josh Jackson,PHX,Phoenix Suns,PHO,2017-18,2018-19,2
jacksjo02,Josh Jackson,MEM,Memphis Grizzlies,MEM,2019-20,2019-20,1
jacksjo02,Josh Jackson,DET,Detroit Pistons,DET,2020-21,2021-22,2
jacksjo02,Josh Jackson,SAC,Sacramento Kings,SAC,2021-22,2021-22,1
okogijo01,Josh Okogie,MIN,Minnesota Timberwolves,MIN,2018-19,2021-22,4
okogijo01,Josh Okogie,PHX,Phoenix Suns,PHO,2022-23,2024-25,3
okogijo01,Josh Okogie,CHA,Charlotte Hornets,CHO,2024-25,2024-25,1
okogijo01,Josh Okogie,HOU,Houston Rockets,HOU,2025-26,2025-26,1
dixonju01,Juan Dixon,WAS,Washington Wizards,WAS,2002-03,2008-09,4
dixonju01,Juan Dixon,POR,Portland Trail Blazers,POR,2005-06,2006-07,2
dixonju01,Juan Dixon,TOR,Toronto Raptors,TOR,2006-07,2007-08,2
dixonju01,Juan Dixon,DET,Detroit Pistons,DET,2007-08,2007-08,1
toscaju01,Juan Toscano-Anderson,GSW,Golden State Warriors,GSW,2019-20,2021-22,3
toscaju01,Juan Toscano-Anderson,LAL,Los Angeles Lakers,LAL,2022-23,2022-23,1
toscaju01,Juan Toscano-Anderson,UTA,Utah Jazz,UTA,2022-23,2022-23,1
toscaju01,Juan Toscano-Anderson,SAC,Sacramento Kings,SAC,2023-24,2023-24,1
randlju01,Julius Randle,LAL,Los Angeles Lakers,LAL,2014-15,2017-18,4
randlju01,Julius Randle,NOP,New Orleans Pelicans,NOP,2018-19,2018-19,1
randlju01,Julius Randle,NYK,New York Knicks,NYK,2019-20,2023-24,5
randlju01,Julius Randle,MIN,Minnesota Timberwolves,MIN,2024-25,2025-26,2
hamilju01,Justin Hamilton,CHA,Charlotte Hornets,CHA,2013-14,2013-14,1
hamilju01,Justin Hamilton,MIA,Miami Heat,MIA,2013-14,2014-15,2
hamilju01,Justin Hamilton,MIN,Minnesota Timberwolves,MIN,2014-15,2014-15,1
hamilju01,Justin Hamilton,BKN,Brooklyn Nets,BRK,2016-17,2016-17,1
pattoju01,Justin Patton,MIN,Minnesota Timberwolves,MIN,2017-18,2017-18,1
pattoju01,Justin Patton,PHI,Philadelphia 76ers,PHI,2018-19,2018-19,1
pattoju01,Justin Patton,OKC,Oklahoma City Thunder,OKC,2019-20,2019-20,1
pattoju01,Justin Patton,HOU,Houston Rockets,HOU,2020-21,2020-21,1
winslju01,Justise Winslow,MIA,Miami Heat,MIA,2015-16,2019-20,5
winslju01,Justise Winslow,MEM,Memphis Grizzlies,MEM,2020-21,2020-21,1
winslju01,Justise Winslow,LAC,LA Clippers,LAC,2021-22,2021-22,1
winslju01,Justise Winslow,POR,Portland Trail Blazers,POR,2021-22,2022-23,2
martike04,KJ Martin,HOU,Houston Rockets,HOU,2020-21,2022-23,3
martike04,KJ Martin,LAC,LA Clippers,LAC,2023-24,2023-24,1
martike04,KJ Martin,PHI,Philadelphia 76ers,PHI,2023-24,2024-25,2
martike04,KJ Martin,UTA,Utah Jazz,UTA,2024-25,2024-25,1
mcleoke01,Keith McLeod,MIN,Minnesota Timberwolves,MIN,2003-04,2003-04,1
mcleoke01,Keith McLeod,UTA,Utah Jazz,UTA,2004-05,2005-06,2
mcleoke01,Keith McLeod,GSW,Golden State Warriors,GSW,2006-07,2006-07,1
mcleoke01,Keith McLeod,IND,Indiana Pacers,IND,2006-07,2006-07,1
upshake01,Kelvin Upshaw,MIA,Miami Heat,MIA,1988-89,1988-89,1
upshake01,Kelvin Upshaw,BOS,Boston Celtics,BOS,1988-89,1989-90,2
upshake01,Kelvin Upshaw,DAL,Dallas Mavericks,DAL,1989-90,1990-91,2
upshake01,Kelvin Upshaw,GSW,Golden State Warriors,GSW,1989-90,1989-90,1
walkeke02,Kemba Walker,CHA,Charlotte Hornets,"CHA,CHO",2011-12,2018-19,8
walkeke02,Kemba Walker,BOS,Boston Celtics,BOS,2019-20,2020-21,2
walkeke02,Kemba Walker,NYK,New York Knicks,NYK,2021-22,2021-22,1
walkeke02,Kemba Walker,DAL,Dallas Mavericks,DAL,2022-23,2022-23,1
marshke01,Kendall Marshall,PHX,Phoenix Suns,PHO,2012-13,2012-13,1
marshke01,Kendall Marshall,LAL,Los Angeles Lakers,LAL,2013-14,2013-14,1
marshke01,Kendall Marshall,MIL,Milwaukee Bucks,MIL,2014-15,2014-15,1
marshke01,Kendall Marshall,PHI,Philadelphia 76ers,PHI,2015-16,2015-16,1
perkike01,Kendrick Perkins,BOS,Boston Celtics,BOS,2003-04,2010-11,8
perkike01,Kendrick Perkins,OKC,Oklahoma City Thunder,OKC,2010-11,2014-15,5
perkike01,Kendrick Perkins,CLE,Cleveland Cavaliers,CLE,2014-15,2017-18,2
perkike01,Kendrick Perkins,NOP,New Orleans Pelicans,NOP,2015-16,2015-16,1
battlke01,Kenny Battle,PHX,Phoenix Suns,PHO,1989-90,1990-91,2
battlke01,Kenny Battle,DEN,Denver Nuggets,DEN,1990-91,1990-91,1
battlke01,Kenny Battle,BOS,Boston Celtics,BOS,1991-92,1992-93,2
battlke01,Kenny Battle,GSW,Golden State Warriors,GSW,1991-92,1991-92,1
carrke01,Kenny Carr,LAL,Los Angeles Lakers,LAL,1979-80,1979-80,1
carrke01,Kenny Carr,CLE,Cleveland Cavaliers,CLE,1979-80,1981-82,3
carrke01,Kenny Carr,DET,Detroit Pistons,DET,1981-82,1981-82,1
carrke01,Kenny Carr,POR,Portland Trail Blazers,POR,1982-83,1986-87,5
bensoke01,Kent Benson,MIL,Milwaukee Bucks,MIL,1979-80,1979-80,1
bensoke01,Kent Benson,DET,Detroit Pistons,DET,1979-80,1985-86,7
bensoke01,Kent Benson,UTA,Utah Jazz,UTA,1986-87,1986-87,1
bensoke01,Kent Benson,CLE,Cleveland Cavaliers,CLE,1987-88,1987-88,1
clarkke01,Keon Clark,DEN,Denver Nuggets,DEN,1998-99,2000-01,3
clarkke01,Keon Clark,TOR,Toronto Raptors,TOR,2000-01,2001-02,2
clarkke01,Keon Clark,SAC,Sacramento Kings,SAC,2002-03,2002-03,1
clarkke01,Keon Clark,UTA,Utah Jazz,UTA,2003-04,2003-04,1
edwarke01,Kevin Edwards,MIA,Miami Heat,MIA,1988-89,1992-93,5
edwarke01,Kevin Edwards,BKN,Brooklyn Nets,NJN,1993-94,1997-98,5
edwarke01,Kevin Edwards,ORL,Orlando Magic,ORL,1997-98,1997-98,1
edwarke01,Kevin Edwards,MEM,Memphis Grizzlies,VAN,2000-01,2000-01,1
gamblke01,Kevin Gamble,POR,Portland Trail Blazers,POR,1987-88,1987-88,1
gamblke01,Kevin Gamble,BOS,Boston Celtics,BOS,1988-89,1993-94,6
gamblke01,Kevin Gamble,MIA,Miami Heat,MIA,1994-95,1995-96,2
gamblke01,Kevin Gamble,SAC,Sacramento Kings,SAC,1995-96,1996-97,2
huertke01,Kevin Huerter,ATL,Atlanta Hawks,ATL,2018-19,2021-22,4
huertke01,Kevin Huerter,SAC,Sacramento Kings,SAC,2022-23,2024-25,3
huertke01,Kevin Huerter,CHI,Chicago Bulls,CHI,2024-25,2025-26,2
huertke01,Kevin Huerter,DET,Detroit Pistons,DET,2025-26,2025-26,1
loveke01,Kevin Love,MIN,Minnesota Timberwolves,MIN,2008-09,2013-14,6
loveke01,Kevin Love,CLE,Cleveland Cavaliers,CLE,2014-15,2022-23,9
loveke01,Kevin Love,MIA,Miami Heat,MIA,2022-23,2024-25,3
loveke01,Kevin Love,UTA,Utah Jazz,UTA,2025-26,2025-26,1
mckenke01,Kevin McKenna,LAL,Los Angeles Lakers,LAL,1981-82,1981-82,1
mckenke01,Kevin McKenna,IND,Indiana Pacers,IND,1983-84,1983-84,1
mckenke01,Kevin McKenna,BKN,Brooklyn Nets,NJN,1984-85,1987-88,3
mckenke01,Kevin McKenna,WAS,Washington Wizards,WSB,1985-86,1985-86,1
porteke02,Kevin Porter Jr.,CLE,Cleveland Cavaliers,CLE,2019-20,2019-20,1
porteke02,Kevin Porter Jr.,HOU,Houston Rockets,HOU,2020-21,2022-23,3
porteke02,Kevin Porter Jr.,LAC,LA Clippers,LAC,2024-25,2024-25,1
porteke02,Kevin Porter Jr.,MIL,Milwaukee Bucks,MIL,2024-25,2025-26,2
middlkh01,Khris Middleton,DET,Detroit Pistons,DET,2012-13,2012-13,1
middlkh01,Khris Middleton,MIL,Milwaukee Bucks,MIL,2013-14,2024-25,12
middlkh01,Khris Middleton,WAS,Washington Wizards,WAS,2024-25,2025-26,2
middlkh01,Khris Middleton,DAL,Dallas Mavericks,DAL,2025-26,2025-26,1
vandeki01,Kiki Vandeweghe,DEN,Denver Nuggets,DEN,1980-81,1983-84,4
vandeki01,Kiki Vandeweghe,POR,Portland Trail Blazers,POR,1984-85,1988-89,5
vandeki01,Kiki Vandeweghe,NYK,New York Knicks,NYK,1988-89,1991-92,4
vandeki01,Kiki Vandeweghe,LAC,LA Clippers,LAC,1992-93,1992-93,1
snydeki01,Kirk Snyder,UTA,Utah Jazz,UTA,2004-05,2004-05,1
snydeki01,Kirk Snyder,NOP,New Orleans Pelicans,NOK,2005-06,2005-06,1
snydeki01,Kirk Snyder,HOU,Houston Rockets,HOU,2006-07,2007-08,2
snydeki01,Kirk Snyder,MIN,Minnesota Timberwolves,MIN,2007-08,2007-08,1
simmoko01,Kobi Simmons,MEM,Memphis Grizzlies,MEM,2017-18,2017-18,1
simmoko01,Kobi Simmons,CLE,Cleveland Cavaliers,CLE,2018-19,2018-19,1
simmoko01,Kobi Simmons,CHA,Charlotte Hornets,CHO,2022-23,2022-23,1
simmoko01,Kobi Simmons,TOR,Toronto Raptors,TOR,2023-24,2023-24,1
davidko01,Kornél Dávid,CHI,Chicago Bulls,CHI,1998-99,1999-00,2
davidko01,Kornél Dávid,CLE,Cleveland Cavaliers,CLE,1999-00,1999-00,1
davidko01,Kornél Dávid,TOR,Toronto Raptors,TOR,2000-01,2000-01,1
davidko01,Kornél Dávid,DET,Detroit Pistons,DET,2000-01,2000-01,1
rambiku01,Kurt Rambis,LAL,Los Angeles Lakers,LAL,1981-82,1994-95,9
rambiku01,Kurt Rambis,CHA,Charlotte Hornets,CHH,1988-89,1989-90,2
rambiku01,Kurt Rambis,PHX,Phoenix Suns,PHO,1989-90,1992-93,4
rambiku01,Kurt Rambis,SAC,Sacramento Kings,SAC,1992-93,1992-93,1
oquinky01,Kyle O'Quinn,ORL,Orlando Magic,ORL,2012-13,2014-15,3
oquinky01,Kyle O'Quinn,NYK,New York Knicks,NYK,2015-16,2017-18,3
oquinky01,Kyle O'Quinn,IND,Indiana Pacers,IND,2018-19,2018-19,1
oquinky01,Kyle O'Quinn,PHI,Philadelphia 76ers,PHI,2019-20,2019-20,1
irvinky01,Kyrie Irving,CLE,Cleveland Cavaliers,CLE,2011-12,2016-17,6
irvinky01,Kyrie Irving,BOS,Boston Celtics,BOS,2017-18,2018-19,2
irvinky01,Kyrie Irving,BKN,Brooklyn Nets,BRK,2019-20,2022-23,4
irvinky01,Kyrie Irving,DAL,Dallas Mavericks,DAL,2022-23,2024-25,3
ellisla01,LaPhonso Ellis,DEN,Denver Nuggets,DEN,1992-93,1997-98,6
ellisla01,LaPhonso Ellis,ATL,Atlanta Hawks,ATL,1998-99,1999-00,2
ellisla01,LaPhonso Ellis,MIN,Minnesota Timberwolves,MIN,2000-01,2000-01,1
ellisla01,LaPhonso Ellis,MIA,Miami Heat,MIA,2001-02,2002-03,2
thompla01,LaSalle Thompson,SAC,Sacramento Kings,"KCK,SAC",1982-83,1988-89,7
thompla01,LaSalle Thompson,IND,Indiana Pacers,IND,1988-89,1996-97,8
thompla01,LaSalle Thompson,PHI,Philadelphia 76ers,PHI,1995-96,1995-96,1
thompla01,LaSalle Thompson,DEN,Denver Nuggets,DEN,1996-97,1996-97,1
odomla01,Lamar Odom,LAC,LA Clippers,LAC,1999-00,2012-13,5
odomla01,Lamar Odom,MIA,Miami Heat,MIA,2003-04,2003-04,1
odomla01,Lamar Odom,LAL,Los Angeles Lakers,LAL,2004-05,2010-11,7
odomla01,Lamar Odom,DAL,Dallas Mavericks,DAL,2011-12,2011-12,1
murrala01,Lamond Murray,LAC,LA Clippers,LAC,1994-95,1998-99,5
murrala01,Lamond Murray,CLE,Cleveland Cavaliers,CLE,1999-00,2001-02,3
murrala01,Lamond Murray,TOR,Toronto Raptors,TOR,2003-04,2004-05,2
murrala01,Lamond Murray,BKN,Brooklyn Nets,NJN,2005-06,2005-06,1
thomala01,Lance Thomas,NOP,New Orleans Pelicans,"NOH,NOP",2011-12,2013-14,3
thomala01,Lance Thomas,OKC,Oklahoma City Thunder,OKC,2014-15,2014-15,1
thomala01,Lance Thomas,NYK,New York Knicks,NYK,2014-15,2018-19,5
thomala01,Lance Thomas,BKN,Brooklyn Nets,BRK,2019-20,2019-20,1
drewla01,Larry Drew,DET,Detroit Pistons,DET,1980-81,1980-81,1
drewla01,Larry Drew,SAC,Sacramento Kings,"KCK,SAC",1981-82,1985-86,5
drewla01,Larry Drew,LAC,LA Clippers,LAC,1986-87,1987-88,2
drewla01,Larry Drew,LAL,Los Angeles Lakers,LAL,1989-90,1990-91,2
kenonla01,Larry Kenon,SAS,San Antonio Spurs,SAS,1979-80,1979-80,1
kenonla01,Larry Kenon,CHI,Chicago Bulls,CHI,1980-81,1982-83,3
kenonla01,Larry Kenon,GSW,Golden State Warriors,GSW,1982-83,1982-83,1
kenonla01,Larry Kenon,CLE,Cleveland Cavaliers,CLE,1982-83,1982-83,1
elmorle01,Len Elmore,SAC,Sacramento Kings,KCK,1979-80,1979-80,1
elmorle01,Len Elmore,MIL,Milwaukee Bucks,MIL,1980-81,1980-81,1
elmorle01,Len Elmore,BKN,Brooklyn Nets,NJN,1981-82,1982-83,2
elmorle01,Len Elmore,NYK,New York Knicks,NYK,1983-84,1983-84,1
waterli01,Lindy Waters III,OKC,Oklahoma City Thunder,OKC,2021-22,2023-24,3
waterli01,Lindy Waters III,GSW,Golden State Warriors,GSW,2024-25,2024-25,1
waterli01,Lindy Waters III,DET,Detroit Pistons,DET,2024-25,2024-25,1
waterli01,Lindy Waters III,SAS,San Antonio Spurs,SAS,2025-26,2025-26,1
towneli01,Linton Townes,POR,Portland Trail Blazers,POR,1982-83,1982-83,1
towneli01,Linton Townes,MIL,Milwaukee Bucks,MIL,1983-84,1983-84,1
towneli01,Linton Townes,LAC,LA Clippers,SDC,1983-84,1983-84,1
towneli01,Linton Townes,SAS,San Antonio Spurs,SAS,1984-85,1984-85,1
greenli01,Litterial Green,ORL,Orlando Magic,ORL,1992-93,1993-94,2
greenli01,Litterial Green,DET,Detroit Pistons,DET,1996-97,1996-97,1
greenli01,Litterial Green,MIL,Milwaukee Bucks,MIL,1997-98,1997-98,1
greenli01,Litterial Green,CLE,Cleveland Cavaliers,CLE,1998-99,1998-99,1
walkelo01,Lonnie Walker IV,SAS,San Antonio Spurs,SAS,2018-19,2021-22,4
walkelo01,Lonnie Walker IV,LAL,Los Angeles Lakers,LAL,2022-23,2022-23,1
walkelo01,Lonnie Walker IV,BKN,Brooklyn Nets,BRK,2023-24,2023-24,1
walkelo01,Lonnie Walker IV,PHI,Philadelphia 76ers,PHI,2024-25,2024-25,1
balllo01,Lonzo Ball,LAL,Los Angeles Lakers,LAL,2017-18,2018-19,2
balllo01,Lonzo Ball,NOP,New Orleans Pelicans,NOP,2019-20,2020-21,2
balllo01,Lonzo Ball,CHI,Chicago Bulls,CHI,2021-22,2024-25,2
balllo01,Lonzo Ball,CLE,Cleveland Cavaliers,CLE,2025-26,2025-26,1
woodslo01,Loren Woods,MIN,Minnesota Timberwolves,MIN,2001-02,2002-03,2
woodslo01,Loren Woods,MIA,Miami Heat,MIA,2003-04,2003-04,1
woodslo01,Loren Woods,TOR,Toronto Raptors,TOR,2004-05,2005-06,2
woodslo01,Loren Woods,HOU,Houston Rockets,HOU,2007-08,2007-08,1
brownlo01,Lorenzo Brown,PHI,Philadelphia 76ers,PHI,2013-14,2013-14,1
brownlo01,Lorenzo Brown,MIN,Minnesota Timberwolves,MIN,2014-15,2014-15,1
brownlo01,Lorenzo Brown,PHX,Phoenix Suns,PHO,2015-16,2015-16,1
brownlo01,Lorenzo Brown,TOR,Toronto Raptors,TOR,2017-18,2018-19,2
vaughlo01,Loy Vaught,LAC,LA Clippers,LAC,1990-91,1997-98,8
vaughlo01,Loy Vaught,DET,Detroit Pistons,DET,1998-99,1999-00,2
vaughlo01,Loy Vaught,DAL,Dallas Mavericks,DAL,2000-01,2000-01,1
vaughlo01,Loy Vaught,WAS,Washington Wizards,WAS,2000-01,2000-01,1
longllu01,Luc Longley,MIN,Minnesota Timberwolves,MIN,1991-92,1993-94,3
longllu01,Luc Longley,CHI,Chicago Bulls,CHI,1993-94,1997-98,5
longllu01,Luc Longley,PHX,Phoenix Suns,PHO,1998-99,1999-00,2
longllu01,Luc Longley,NYK,New York Knicks,NYK,2000-01,2000-01,1
harrilu01,Lucious Harris,DAL,Dallas Mavericks,DAL,1993-94,1995-96,3
harrilu01,Lucious Harris,PHI,Philadelphia 76ers,PHI,1996-97,1996-97,1
harrilu01,Lucious Harris,BKN,Brooklyn Nets,NJN,1997-98,2003-04,7
harrilu01,Lucious Harris,CLE,Cleveland Cavaliers,CLE,2004-05,2004-05,1
babbilu01,Luke Babbitt,POR,Portland Trail Blazers,POR,2010-11,2012-13,3
babbilu01,Luke Babbitt,NOP,New Orleans Pelicans,NOP,2013-14,2015-16,3
babbilu01,Luke Babbitt,MIA,Miami Heat,MIA,2016-17,2017-18,2
babbilu01,Luke Babbitt,ATL,Atlanta Hawks,ATL,2017-18,2017-18,1
jackslu02,Luke Jackson,CLE,Cleveland Cavaliers,CLE,2004-05,2005-06,2
jackslu02,Luke Jackson,LAC,LA Clippers,LAC,2006-07,2006-07,1
jackslu02,Luke Jackson,TOR,Toronto Raptors,TOR,2006-07,2006-07,1
jackslu02,Luke Jackson,MIA,Miami Heat,MIA,2007-08,2007-08,1
headlu01,Luther Head,HOU,Houston Rockets,HOU,2005-06,2008-09,4
headlu01,Luther Head,MIA,Miami Heat,MIA,2008-09,2008-09,1
headlu01,Luther Head,IND,Indiana Pacers,IND,2009-10,2009-10,1
headlu01,Luther Head,SAC,Sacramento Kings,SAC,2010-11,2010-11,1
flynnma01,Malachi Flynn,TOR,Toronto Raptors,TOR,2020-21,2023-24,4
flynnma01,Malachi Flynn,NYK,New York Knicks,NYK,2023-24,2023-24,1
flynnma01,Malachi Flynn,DET,Detroit Pistons,DET,2023-24,2023-24,1
flynnma01,Malachi Flynn,CHA,Charlotte Hornets,CHO,2024-25,2024-25,1
rosema01,Malik Rose,CHA,Charlotte Hornets,CHH,1996-97,1996-97,1
rosema01,Malik Rose,SAS,San Antonio Spurs,SAS,1997-98,2004-05,8
rosema01,Malik Rose,NYK,New York Knicks,NYK,2004-05,2008-09,5
rosema01,Malik Rose,OKC,Oklahoma City Thunder,OKC,2008-09,2008-09,1
sealyma01,Malik Sealy,IND,Indiana Pacers,IND,1992-93,1993-94,2
sealyma01,Malik Sealy,LAC,LA Clippers,LAC,1994-95,1996-97,3
sealyma01,Malik Sealy,DET,Detroit Pistons,DET,1997-98,1997-98,1
sealyma01,Malik Sealy,MIN,Minnesota Timberwolves,MIN,1998-99,1999-00,2
ndiayma02,Mamadou N'Diaye,TOR,Toronto Raptors,TOR,2000-01,2002-03,3
ndiayma02,Mamadou N'Diaye,DAL,Dallas Mavericks,DAL,2003-04,2003-04,1
ndiayma02,Mamadou N'Diaye,ATL,Atlanta Hawks,ATL,2003-04,2003-04,1
ndiayma02,Mamadou N'Diaye,LAC,LA Clippers,LAC,2004-05,2004-05,1
bolma01,Manute Bol,WAS,Washington Wizards,WSB,1985-86,1993-94,4
bolma01,Manute Bol,GSW,Golden State Warriors,GSW,1988-89,1994-95,3
bolma01,Manute Bol,PHI,Philadelphia 76ers,PHI,1990-91,1993-94,4
bolma01,Manute Bol,MIA,Miami Heat,MIA,1993-94,1993-94,1
beaucma01,MarJon Beauchamp,MIL,Milwaukee Bucks,MIL,2022-23,2024-25,3
beaucma01,MarJon Beauchamp,LAC,LA Clippers,LAC,2024-25,2024-25,1
beaucma01,MarJon Beauchamp,NYK,New York Knicks,NYK,2024-25,2024-25,1
beaucma01,MarJon Beauchamp,PHI,Philadelphia 76ers,PHI,2025-26,2025-26,1
gortama01,Marcin Gortat,ORL,Orlando Magic,ORL,2007-08,2010-11,4
gortama01,Marcin Gortat,PHX,Phoenix Suns,PHO,2010-11,2012-13,3
gortama01,Marcin Gortat,WAS,Washington Wizards,WAS,2013-14,2017-18,5
gortama01,Marcin Gortat,LAC,LA Clippers,LAC,2018-19,2018-19,1
smartma01,Marcus Smart,BOS,Boston Celtics,BOS,2014-15,2022-23,9
smartma01,Marcus Smart,MEM,Memphis Grizzlies,MEM,2023-24,2024-25,2
smartma01,Marcus Smart,WAS,Washington Wizards,WAS,2024-25,2024-25,1
smartma01,Marcus Smart,LAL,Los Angeles Lakers,LAL,2025-26,2025-26,1
bennema01,Mario Bennett,PHX,Phoenix Suns,PHO,1995-96,1995-96,1
bennema01,Mario Bennett,LAL,Los Angeles Lakers,LAL,1997-98,1997-98,1
bennema01,Mario Bennett,CHI,Chicago Bulls,CHI,1998-99,1998-99,1
bennema01,Mario Bennett,LAC,LA Clippers,LAC,1999-00,1999-00,1
acresma01,Mark Acres,BOS,Boston Celtics,BOS,1987-88,1988-89,2
acresma01,Mark Acres,ORL,Orlando Magic,ORL,1989-90,1991-92,3
acresma01,Mark Acres,HOU,Houston Rockets,HOU,1992-93,1992-93,1
acresma01,Mark Acres,WAS,Washington Wizards,WSB,1992-93,1992-93,1
blounma01,Mark Blount,BOS,Boston Celtics,BOS,2000-01,2005-06,6
blounma01,Mark Blount,DEN,Denver Nuggets,DEN,2002-03,2002-03,1
blounma01,Mark Blount,MIN,Minnesota Timberwolves,MIN,2005-06,2006-07,2
blounma01,Mark Blount,MIA,Miami Heat,MIA,2007-08,2008-09,2
davisma02,Mark Davis,MIN,Minnesota Timberwolves,MIN,1995-96,1995-96,1
davisma02,Mark Davis,PHI,Philadelphia 76ers,PHI,1996-97,1997-98,2
davisma02,Mark Davis,MIA,Miami Heat,MIA,1998-99,1998-99,1
davisma02,Mark Davis,GSW,Golden State Warriors,GSW,1999-00,1999-00,1
hendrma01,Mark Hendrickson,PHI,Philadelphia 76ers,PHI,1996-97,1996-97,1
hendrma01,Mark Hendrickson,SAC,Sacramento Kings,SAC,1997-98,1997-98,1
hendrma01,Mark Hendrickson,BKN,Brooklyn Nets,NJN,1998-99,1999-00,2
hendrma01,Mark Hendrickson,CLE,Cleveland Cavaliers,CLE,1999-00,1999-00,1
pricema01,Mark Price,CLE,Cleveland Cavaliers,CLE,1986-87,1994-95,9
pricema01,Mark Price,WAS,Washington Wizards,WSB,1995-96,1995-96,1
pricema01,Mark Price,GSW,Golden State Warriors,GSW,1996-97,1996-97,1
pricema01,Mark Price,ORL,Orlando Magic,ORL,1997-98,1997-98,1
randama01,Mark Randall,CHI,Chicago Bulls,CHI,1991-92,1991-92,1
randama01,Mark Randall,MIN,Minnesota Timberwolves,MIN,1991-92,1992-93,2
randama01,Mark Randall,DET,Detroit Pistons,DET,1992-93,1992-93,1
randama01,Mark Randall,DEN,Denver Nuggets,DEN,1993-94,1994-95,2
fultzma01,Markelle Fultz,PHI,Philadelphia 76ers,PHI,2017-18,2018-19,2
fultzma01,Markelle Fultz,ORL,Orlando Magic,ORL,2019-20,2023-24,5
fultzma01,Markelle Fultz,SAC,Sacramento Kings,SAC,2024-25,2024-25,1
fultzma01,Markelle Fultz,TOR,Toronto Raptors,TOR,2025-26,2025-26,1
daniema01,Marquis Daniels,DAL,Dallas Mavericks,DAL,2003-04,2005-06,3
daniema01,Marquis Daniels,IND,Indiana Pacers,IND,2006-07,2008-09,3
daniema01,Marquis Daniels,BOS,Boston Celtics,BOS,2009-10,2011-12,3
daniema01,Marquis Daniels,MIL,Milwaukee Bucks,MIL,2012-13,2012-13,1
willima02,Marvin Williams,ATL,Atlanta Hawks,ATL,2005-06,2011-12,7
willima02,Marvin Williams,UTA,Utah Jazz,UTA,2012-13,2013-14,2
willima02,Marvin Williams,CHA,Charlotte Hornets,CHO,2014-15,2019-20,6
willima02,Marvin Williams,MIL,Milwaukee Bucks,MIL,2019-20,2019-20,1
jonesma05,Mason Jones,HOU,Houston Rockets,HOU,2020-21,2020-21,1
jonesma05,Mason Jones,PHI,Philadelphia 76ers,PHI,2020-21,2020-21,1
jonesma05,Mason Jones,LAL,Los Angeles Lakers,LAL,2021-22,2021-22,1
jonesma05,Mason Jones,SAC,Sacramento Kings,SAC,2023-24,2024-25,2
cleavma01,Mateen Cleaves,DET,Detroit Pistons,DET,2000-01,2000-01,1
cleavma01,Mateen Cleaves,SAC,Sacramento Kings,SAC,2001-02,2002-03,2
cleavma01,Mateen Cleaves,CLE,Cleveland Cavaliers,CLE,2003-04,2003-04,1
cleavma01,Mateen Cleaves,OKC,Oklahoma City Thunder,SEA,2004-05,2005-06,2
carroma01,Matt Carroll,POR,Portland Trail Blazers,POR,2003-04,2003-04,1
carroma01,Matt Carroll,SAS,San Antonio Spurs,SAS,2003-04,2003-04,1
carroma01,Matt Carroll,CHA,Charlotte Hornets,CHA,2004-05,2012-13,8
carroma01,Matt Carroll,DAL,Dallas Mavericks,DAL,2008-09,2009-10,2
harprma01,Matt Harpring,ORL,Orlando Magic,ORL,1998-99,1999-00,2
harprma01,Matt Harpring,CLE,Cleveland Cavaliers,CLE,2000-01,2000-01,1
harprma01,Matt Harpring,PHI,Philadelphia 76ers,PHI,2001-02,2001-02,1
harprma01,Matt Harpring,UTA,Utah Jazz,UTA,2002-03,2008-09,7
tayloma01,Maurice Taylor,LAC,LA Clippers,LAC,1997-98,1999-00,3
tayloma01,Maurice Taylor,HOU,Houston Rockets,HOU,2000-01,2004-05,4
tayloma01,Maurice Taylor,NYK,New York Knicks,NYK,2004-05,2005-06,2
tayloma01,Maurice Taylor,SAC,Sacramento Kings,SAC,2006-07,2006-07,1
adamsmi01,Michael Adams,SAC,Sacramento Kings,SAC,1985-86,1985-86,1
adamsmi01,Michael Adams,WAS,Washington Wizards,WSB,1986-87,1993-94,4
adamsmi01,Michael Adams,DEN,Denver Nuggets,DEN,1987-88,1990-91,4
adamsmi01,Michael Adams,CHA,Charlotte Hornets,CHH,1994-95,1995-96,2
finlemi01,Michael Finley,PHX,Phoenix Suns,PHO,1995-96,1996-97,2
finlemi01,Michael Finley,DAL,Dallas Mavericks,DAL,1996-97,2004-05,9
finlemi01,Michael Finley,SAS,San Antonio Spurs,SAS,2005-06,2009-10,5
finlemi01,Michael Finley,BOS,Boston Celtics,BOS,2009-10,2009-10,1
hawkimi01,Michael Hawkins,BOS,Boston Celtics,BOS,1996-97,1996-97,1
hawkimi01,Michael Hawkins,SAC,Sacramento Kings,SAC,1998-99,1998-99,1
hawkimi01,Michael Hawkins,CHA,Charlotte Hornets,CHH,1999-00,1999-00,1
hawkimi01,Michael Hawkins,CLE,Cleveland Cavaliers,CLE,2000-01,2000-01,1
holtomi01,Michael Holton,PHX,Phoenix Suns,PHO,1984-85,1985-86,2
holtomi01,Michael Holton,CHI,Chicago Bulls,CHI,1985-86,1985-86,1
holtomi01,Michael Holton,POR,Portland Trail Blazers,POR,1986-87,1987-88,2
holtomi01,Michael Holton,CHA,Charlotte Hornets,CHH,1988-89,1989-90,2
wilsomi01,Michael Wilson,WAS,Washington Wizards,WSB,1983-84,1983-84,1
wilsomi01,Michael Wilson,CLE,Cleveland Cavaliers,CLE,1984-85,1984-85,1
wilsomi01,Michael Wilson,BKN,Brooklyn Nets,NJN,1984-85,1986-87,2
wilsomi01,Michael Wilson,ATL,Atlanta Hawks,ATL,1986-87,1986-87,1
johnsmi01,Mickey Johnson,IND,Indiana Pacers,IND,1979-80,1979-80,1
johnsmi01,Mickey Johnson,MIL,Milwaukee Bucks,MIL,1980-81,1982-83,3
johnsmi01,Mickey Johnson,BKN,Brooklyn Nets,NJN,1982-83,1985-86,2
johnsmi01,Mickey Johnson,GSW,Golden State Warriors,GSW,1982-83,1984-85,3
evansmi01,Mike Evans,SAS,San Antonio Spurs,SAS,1979-80,1979-80,1
evansmi01,Mike Evans,MIL,Milwaukee Bucks,MIL,1980-81,1981-82,2
evansmi01,Mike Evans,CLE,Cleveland Cavaliers,CLE,1981-82,1981-82,1
evansmi01,Mike Evans,DEN,Denver Nuggets,DEN,1982-83,1987-88,6
gminsmi01,Mike Gminski,BKN,Brooklyn Nets,NJN,1980-81,1987-88,8
gminsmi01,Mike Gminski,PHI,Philadelphia 76ers,PHI,1987-88,1990-91,4
gminsmi01,Mike Gminski,CHA,Charlotte Hornets,CHH,1990-91,1993-94,4
gminsmi01,Mike Gminski,MIL,Milwaukee Bucks,MIL,1993-94,1993-94,1
peplomi01,Mike Peplowski,SAC,Sacramento Kings,SAC,1993-94,1993-94,1
peplomi01,Mike Peplowski,DET,Detroit Pistons,DET,1994-95,1994-95,1
peplomi01,Mike Peplowski,WAS,Washington Wizards,WSB,1995-96,1995-96,1
peplomi01,Mike Peplowski,MIL,Milwaukee Bucks,MIL,1995-96,1995-96,1
sandemi01,Mike Sanders,SAS,San Antonio Spurs,SAS,1982-83,1982-83,1
sandemi01,Mike Sanders,PHX,Phoenix Suns,PHO,1983-84,1987-88,5
sandemi01,Mike Sanders,CLE,Cleveland Cavaliers,CLE,1987-88,1992-93,4
sandemi01,Mike Sanders,IND,Indiana Pacers,IND,1989-90,1991-92,3
scottmi01,Mike Scott,ATL,Atlanta Hawks,ATL,2012-13,2016-17,5
scottmi01,Mike Scott,WAS,Washington Wizards,WAS,2017-18,2017-18,1
scottmi01,Mike Scott,LAC,LA Clippers,LAC,2018-19,2018-19,1
scottmi01,Mike Scott,PHI,Philadelphia 76ers,PHI,2018-19,2020-21,3
richmmi01,Mitch Richmond,GSW,Golden State Warriors,GSW,1988-89,1990-91,3
richmmi01,Mitch Richmond,SAC,Sacramento Kings,SAC,1991-92,1997-98,7
richmmi01,Mitch Richmond,WAS,Washington Wizards,WAS,1998-99,2000-01,3
richmmi01,Mitch Richmond,LAL,Los Angeles Lakers,LAL,2001-02,2001-02,1
ellismo01,Monta Ellis,GSW,Golden State Warriors,GSW,2005-06,2011-12,7
ellismo01,Monta Ellis,MIL,Milwaukee Bucks,MIL,2011-12,2012-13,2
ellismo01,Monta Ellis,DAL,Dallas Mavericks,DAL,2013-14,2014-15,2
ellismo01,Monta Ellis,IND,Indiana Pacers,IND,2015-16,2016-17,2
wagnemo01,Moritz Wagner,LAL,Los Angeles Lakers,LAL,2018-19,2018-19,1
wagnemo01,Moritz Wagner,WAS,Washington Wizards,WAS,2019-20,2020-21,2
wagnemo01,Moritz Wagner,BOS,Boston Celtics,BOS,2020-21,2020-21,1
wagnemo01,Moritz Wagner,ORL,Orlando Magic,ORL,2020-21,2025-26,6
boguemu01,Muggsy Bogues,WAS,Washington Wizards,WSB,1987-88,1987-88,1
boguemu01,Muggsy Bogues,CHA,Charlotte Hornets,CHH,1988-89,1997-98,10
boguemu01,Muggsy Bogues,GSW,Golden State Warriors,GSW,1997-98,1998-99,2
boguemu01,Muggsy Bogues,TOR,Toronto Raptors,TOR,1999-00,2000-01,2
bjeline01,Nemanja Bjelica,MIN,Minnesota Timberwolves,MIN,2015-16,2017-18,3
bjeline01,Nemanja Bjelica,SAC,Sacramento Kings,SAC,2018-19,2020-21,3
bjeline01,Nemanja Bjelica,MIA,Miami Heat,MIA,2020-21,2020-21,1
bjeline01,Nemanja Bjelica,GSW,Golden State Warriors,GSW,2021-22,2021-22,1
alexani01,Nickeil Alexander-Walker,NOP,New Orleans Pelicans,NOP,2019-20,2021-22,3
alexani01,Nickeil Alexander-Walker,UTA,Utah Jazz,UTA,2021-22,2022-23,2
alexani01,Nickeil Alexander-Walker,MIN,Minnesota Timberwolves,MIN,2022-23,2024-25,3
alexani01,Nickeil Alexander-Walker,ATL,Atlanta Hawks,ATL,2025-26,2025-26,1
batumni01,Nicolas Batum,POR,Portland Trail Blazers,POR,2008-09,2014-15,7
batumni01,Nicolas Batum,CHA,Charlotte Hornets,CHO,2015-16,2019-20,5
batumni01,Nicolas Batum,LAC,LA Clippers,LAC,2020-21,2025-26,6
batumni01,Nicolas Batum,PHI,Philadelphia 76ers,PHI,2023-24,2023-24,1
hayesni01,Nigel Hayes-Davis,LAL,Los Angeles Lakers,LAL,2017-18,2017-18,1
hayesni01,Nigel Hayes-Davis,TOR,Toronto Raptors,TOR,2017-18,2017-18,1
hayesni01,Nigel Hayes-Davis,SAC,Sacramento Kings,SAC,2017-18,2017-18,1
hayesni01,Nigel Hayes-Davis,PHX,Phoenix Suns,PHO,2025-26,2025-26,1
vucevni01,Nikola Vučević,PHI,Philadelphia 76ers,PHI,2011-12,2011-12,1
vucevni01,Nikola Vučević,ORL,Orlando Magic,ORL,2012-13,2020-21,9
vucevni01,Nikola Vučević,CHI,Chicago Bulls,CHI,2020-21,2025-26,6
vucevni01,Nikola Vučević,BOS,Boston Celtics,BOS,2025-26,2025-26,1
tskitni01,Nikoloz Tskitishvili,DEN,Denver Nuggets,DEN,2002-03,2004-05,3
tskitni01,Nikoloz Tskitishvili,GSW,Golden State Warriors,GSW,2004-05,2004-05,1
tskitni01,Nikoloz Tskitishvili,MIN,Minnesota Timberwolves,MIN,2005-06,2005-06,1
tskitni01,Nikoloz Tskitishvili,PHX,Phoenix Suns,PHO,2005-06,2005-06,1
powelno01,Norman Powell,TOR,Toronto Raptors,TOR,2015-16,2020-21,6
powelno01,Norman Powell,POR,Portland Trail Blazers,POR,2020-21,2021-22,2
powelno01,Norman Powell,LAC,LA Clippers,LAC,2021-22,2024-25,4
powelno01,Norman Powell,MIA,Miami Heat,MIA,2025-26,2025-26,1
greenor01,Orien Greene,BOS,Boston Celtics,BOS,2005-06,2005-06,1
greenor01,Orien Greene,IND,Indiana Pacers,IND,2006-07,2006-07,1
greenor01,Orien Greene,SAC,Sacramento Kings,SAC,2007-08,2007-08,1
greenor01,Orien Greene,BKN,Brooklyn Nets,NJN,2010-11,2010-11,1
johnsor01,Orlando Johnson,IND,Indiana Pacers,IND,2012-13,2013-14,2
johnsor01,Orlando Johnson,SAC,Sacramento Kings,SAC,2013-14,2013-14,1
johnsor01,Orlando Johnson,PHX,Phoenix Suns,PHO,2015-16,2015-16,1
johnsor01,Orlando Johnson,NOP,New Orleans Pelicans,NOP,2015-16,2015-16,1
robinor01,Orlando Robinson,MIA,Miami Heat,MIA,2022-23,2023-24,2
robinor01,Orlando Robinson,SAC,Sacramento Kings,SAC,2024-25,2024-25,1
robinor01,Orlando Robinson,TOR,Toronto Raptors,TOR,2024-25,2024-25,1
robinor01,Orlando Robinson,ORL,Orlando Magic,ORL,2025-26,2025-26,1
brissos01,Oshae Brissett,TOR,Toronto Raptors,TOR,2019-20,2019-20,1
brissos01,Oshae Brissett,IND,Indiana Pacers,IND,2020-21,2022-23,3
brissos01,Oshae Brissett,BOS,Boston Celtics,BOS,2023-24,2023-24,1
brissos01,Oshae Brissett,PHI,Philadelphia 76ers,PHI,2024-25,2024-25,1
jeffeot01,Othyus Jeffers,UTA,Utah Jazz,UTA,2009-10,2009-10,1
jeffeot01,Othyus Jeffers,SAS,San Antonio Spurs,SAS,2010-11,2013-14,2
jeffeot01,Othyus Jeffers,WAS,Washington Wizards,WAS,2010-11,2010-11,1
jeffeot01,Othyus Jeffers,MIN,Minnesota Timberwolves,MIN,2013-14,2013-14,1
georgpa01,Paul George,IND,Indiana Pacers,IND,2010-11,2016-17,7
georgpa01,Paul George,OKC,Oklahoma City Thunder,OKC,2017-18,2018-19,2
georgpa01,Paul George,LAC,LA Clippers,LAC,2019-20,2023-24,5
georgpa01,Paul George,PHI,Philadelphia 76ers,PHI,2024-25,2025-26,2
piercpa01,Paul Pierce,BOS,Boston Celtics,BOS,1998-99,2012-13,15
piercpa01,Paul Pierce,BKN,Brooklyn Nets,BRK,2013-14,2013-14,1
piercpa01,Paul Pierce,WAS,Washington Wizards,WAS,2014-15,2014-15,1
piercpa01,Paul Pierce,LAC,LA Clippers,LAC,2015-16,2016-17,2
ellispe01,Pervis Ellison,SAC,Sacramento Kings,SAC,1989-90,1989-90,1
ellispe01,Pervis Ellison,WAS,Washington Wizards,WSB,1990-91,1993-94,4
ellispe01,Pervis Ellison,BOS,Boston Celtics,BOS,1994-95,1999-00,5
ellispe01,Pervis Ellison,OKC,Oklahoma City Thunder,SEA,2000-01,2000-01,1
verhope01,Pete Verhoeven,POR,Portland Trail Blazers,POR,1981-82,1983-84,3
verhope01,Pete Verhoeven,SAC,Sacramento Kings,KCK,1984-85,1984-85,1
verhope01,Pete Verhoeven,GSW,Golden State Warriors,GSW,1985-86,1985-86,1
verhope01,Pete Verhoeven,IND,Indiana Pacers,IND,1986-87,1986-87,1
fordph01,Phil Ford,SAC,Sacramento Kings,KCK,1979-80,1981-82,3
fordph01,Phil Ford,BKN,Brooklyn Nets,NJN,1982-83,1982-83,1
fordph01,Phil Ford,MIL,Milwaukee Bucks,MIL,1982-83,1982-83,1
fordph01,Phil Ford,HOU,Houston Rockets,HOU,1983-84,1984-85,2
achiupr01,Precious Achiuwa,MIA,Miami Heat,MIA,2020-21,2020-21,1
achiupr01,Precious Achiuwa,TOR,Toronto Raptors,TOR,2021-22,2023-24,3
achiupr01,Precious Achiuwa,NYK,New York Knicks,NYK,2023-24,2024-25,2
achiupr01,Precious Achiuwa,SAC,Sacramento Kings,SAC,2025-26,2025-26,1
grimequ01,Quentin Grimes,NYK,New York Knicks,NYK,2021-22,2023-24,3
grimequ01,Quentin Grimes,DET,Detroit Pistons,DET,2023-24,2023-24,1
grimequ01,Quentin Grimes,DAL,Dallas Mavericks,DAL,2024-25,2024-25,1
grimequ01,Quentin Grimes,PHI,Philadelphia 76ers,PHI,2024-25,2025-26,2
pondequ01,Quincy Pondexter,NOP,New Orleans Pelicans,"NOH,NOP",2010-11,2014-15,2
pondequ01,Quincy Pondexter,MEM,Memphis Grizzlies,MEM,2011-12,2014-15,4
pondequ01,Quincy Pondexter,CHI,Chicago Bulls,CHI,2017-18,2017-18,1
pondequ01,Quincy Pondexter,SAS,San Antonio Spurs,SAS,2018-19,2018-19,1
hamptrj01,R.J. Hampton,DEN,Denver Nuggets,DEN,2020-21,2020-21,1
hamptrj01,R.J. Hampton,ORL,Orlando Magic,ORL,2020-21,2022-23,3
hamptrj01,R.J. Hampton,DET,Detroit Pistons,DET,2022-23,2022-23,1
hamptrj01,R.J. Hampton,MIA,Miami Heat,MIA,2023-24,2023-24,1
lafrera01,Raef LaFrentz,DEN,Denver Nuggets,DEN,1998-99,2001-02,4
lafrera01,Raef LaFrentz,DAL,Dallas Mavericks,DAL,2001-02,2002-03,2
lafrera01,Raef LaFrentz,BOS,Boston Celtics,BOS,2003-04,2005-06,3
lafrera01,Raef LaFrentz,POR,Portland Trail Blazers,POR,2006-07,2007-08,2
addisra01,Rafael Addison,PHX,Phoenix Suns,PHO,1986-87,1986-87,1
addisra01,Rafael Addison,BKN,Brooklyn Nets,NJN,1991-92,1992-93,2
addisra01,Rafael Addison,DET,Detroit Pistons,DET,1994-95,1994-95,1
addisra01,Rafael Addison,CHA,Charlotte Hornets,CHH,1995-96,1996-97,2
sampsra01,Ralph Sampson,HOU,Houston Rockets,HOU,1983-84,1987-88,5
sampsra01,Ralph Sampson,GSW,Golden State Warriors,GSW,1987-88,1988-89,2
sampsra01,Ralph Sampson,SAC,Sacramento Kings,SAC,1989-90,1990-91,2
sampsra01,Ralph Sampson,WAS,Washington Wizards,WSB,1991-92,1991-92,1
keysra01,Randolph Keys,CLE,Cleveland Cavaliers,CLE,1988-89,1989-90,2
keysra01,Randolph Keys,CHA,Charlotte Hornets,CHH,1989-90,1990-91,2
keysra01,Randolph Keys,LAL,Los Angeles Lakers,LAL,1994-95,1994-95,1
keysra01,Randolph Keys,MIL,Milwaukee Bucks,MIL,1995-96,1995-96,1
breuera01,Randy Breuer,MIL,Milwaukee Bucks,MIL,1983-84,1989-90,7
breuera01,Randy Breuer,MIN,Minnesota Timberwolves,MIN,1989-90,1991-92,3
breuera01,Randy Breuer,ATL,Atlanta Hawks,ATL,1992-93,1992-93,1
breuera01,Randy Breuer,SAC,Sacramento Kings,SAC,1993-94,1993-94,1
brownra02,Randy Brown,SAC,Sacramento Kings,SAC,1991-92,1994-95,4
brownra02,Randy Brown,CHI,Chicago Bulls,CHI,1995-96,1999-00,5
brownra02,Randy Brown,BOS,Boston Celtics,BOS,2000-01,2001-02,2
brownra02,Randy Brown,PHX,Phoenix Suns,PHO,2002-03,2002-03,1
smithra01,Randy Smith,CLE,Cleveland Cavaliers,CLE,1979-80,1980-81,2
smithra01,Randy Smith,NYK,New York Knicks,NYK,1981-82,1981-82,1
smithra01,Randy Smith,LAC,LA Clippers,SDC,1982-83,1982-83,1
smithra01,Randy Smith,ATL,Atlanta Hawks,ATL,1982-83,1982-83,1
lewisra02,Rashard Lewis,OKC,Oklahoma City Thunder,SEA,1998-99,2006-07,9
lewisra02,Rashard Lewis,ORL,Orlando Magic,ORL,2007-08,2010-11,4
lewisra02,Rashard Lewis,WAS,Washington Wizards,WAS,2010-11,2011-12,2
lewisra02,Rashard Lewis,MIA,Miami Heat,MIA,2012-13,2013-14,2
nestera01,Rasho Nesterović,MIN,Minnesota Timberwolves,MIN,1998-99,2002-03,5
nestera01,Rasho Nesterović,SAS,San Antonio Spurs,SAS,2003-04,2005-06,3
nestera01,Rasho Nesterović,TOR,Toronto Raptors,TOR,2006-07,2009-10,3
nestera01,Rasho Nesterović,IND,Indiana Pacers,IND,2008-09,2008-09,1
netora01,Raul Neto,UTA,Utah Jazz,UTA,2015-16,2018-19,4
netora01,Raul Neto,PHI,Philadelphia 76ers,PHI,2019-20,2019-20,1
netora01,Raul Neto,WAS,Washington Wizards,WAS,2020-21,2021-22,2
netora01,Raul Neto,CLE,Cleveland Cavaliers,CLE,2022-23,2022-23,1
allenra02,Ray Allen,MIL,Milwaukee Bucks,MIL,1996-97,2002-03,7
allenra02,Ray Allen,OKC,Oklahoma City Thunder,SEA,2002-03,2006-07,5
allenra02,Ray Allen,BOS,Boston Celtics,BOS,2007-08,2011-12,5
allenra02,Ray Allen,MIA,Miami Heat,MIA,2012-13,2013-14,2
tuckera01,Rayjon Tucker,UTA,Utah Jazz,UTA,2019-20,2019-20,1
tuckera01,Rayjon Tucker,PHI,Philadelphia 76ers,PHI,2020-21,2020-21,1
tuckera01,Rayjon Tucker,DEN,Denver Nuggets,DEN,2021-22,2021-22,1
tuckera01,Rayjon Tucker,MIL,Milwaukee Bucks,MIL,2021-22,2021-22,1
chapmre01,Rex Chapman,CHA,Charlotte Hornets,CHH,1988-89,1991-92,4
chapmre01,Rex Chapman,WAS,Washington Wizards,WSB,1991-92,1994-95,4
chapmre01,Rex Chapman,MIA,Miami Heat,MIA,1995-96,1995-96,1
chapmre01,Rex Chapman,PHX,Phoenix Suns,PHO,1996-97,1999-00,4
mahorri01,Rick Mahorn,WAS,Washington Wizards,WSB,1980-81,1984-85,5
mahorri01,Rick Mahorn,DET,Detroit Pistons,DET,1985-86,1997-98,6
mahorri01,Rick Mahorn,PHI,Philadelphia 76ers,PHI,1989-90,1998-99,3
mahorri01,Rick Mahorn,BKN,Brooklyn Nets,NJN,1992-93,1995-96,4
rubiori01,Ricky Rubio,MIN,Minnesota Timberwolves,MIN,2011-12,2020-21,7
rubiori01,Ricky Rubio,UTA,Utah Jazz,UTA,2017-18,2018-19,2
rubiori01,Ricky Rubio,PHX,Phoenix Suns,PHO,2019-20,2019-20,1
rubiori01,Ricky Rubio,CLE,Cleveland Cavaliers,CLE,2021-22,2022-23,2
archiro01,Robert Archibald,MEM,Memphis Grizzlies,MEM,2002-03,2002-03,1
archiro01,Robert Archibald,PHX,Phoenix Suns,PHO,2003-04,2003-04,1
archiro01,Robert Archibald,ORL,Orlando Magic,ORL,2003-04,2003-04,1
archiro01,Robert Archibald,TOR,Toronto Raptors,TOR,2003-04,2003-04,1
horryro01,Robert Horry,HOU,Houston Rockets,HOU,1992-93,1995-96,4
horryro01,Robert Horry,PHX,Phoenix Suns,PHO,1996-97,1996-97,1
horryro01,Robert Horry,LAL,Los Angeles Lakers,LAL,1996-97,2002-03,7
horryro01,Robert Horry,SAS,San Antonio Spurs,SAS,2003-04,2007-08,5
parisro01,Robert Parish,GSW,Golden State Warriors,GSW,1979-80,1979-80,1
parisro01,Robert Parish,BOS,Boston Celtics,BOS,1980-81,1993-94,14
parisro01,Robert Parish,CHA,Charlotte Hornets,CHH,1994-95,1995-96,2
parisro01,Robert Parish,CHI,Chicago Bulls,CHI,1996-97,1996-97,1
reidro01,Robert Reid,HOU,Houston Rockets,HOU,1979-80,1987-88,8
reidro01,Robert Reid,CHA,Charlotte Hornets,CHH,1988-89,1989-90,2
reidro01,Robert Reid,POR,Portland Trail Blazers,POR,1989-90,1989-90,1
reidro01,Robert Reid,PHI,Philadelphia 76ers,PHI,1990-91,1990-91,1
traylro01,Robert Traylor,MIL,Milwaukee Bucks,MIL,1998-99,1999-00,2
traylro01,Robert Traylor,CLE,Cleveland Cavaliers,CLE,2000-01,2004-05,2
traylro01,Robert Traylor,CHA,Charlotte Hornets,CHH,2001-02,2001-02,1
traylro01,Robert Traylor,NOP,New Orleans Pelicans,NOH,2002-03,2003-04,2
carnero01,Rodney Carney,PHI,Philadelphia 76ers,PHI,2006-07,2009-10,3
carnero01,Rodney Carney,MIN,Minnesota Timberwolves,MIN,2008-09,2008-09,1
carnero01,Rodney Carney,GSW,Golden State Warriors,GSW,2010-11,2010-11,1
carnero01,Rodney Carney,MEM,Memphis Grizzlies,MEM,2010-11,2010-11,1
mccraro01,Rodney McCray,HOU,Houston Rockets,HOU,1983-84,1987-88,5
mccraro01,Rodney McCray,SAC,Sacramento Kings,SAC,1988-89,1989-90,2
mccraro01,Rodney McCray,DAL,Dallas Mavericks,DAL,1990-91,1991-92,2
mccraro01,Rodney McCray,CHI,Chicago Bulls,CHI,1992-93,1992-93,1
harpero01,Ron Harper,CLE,Cleveland Cavaliers,CLE,1986-87,1989-90,4
harpero01,Ron Harper,LAC,LA Clippers,LAC,1989-90,1993-94,5
harpero01,Ron Harper,CHI,Chicago Bulls,CHI,1994-95,1998-99,5
harpero01,Ron Harper,LAL,Los Angeles Lakers,LAL,1999-00,2000-01,2
seikaro01,Rony Seikaly,MIA,Miami Heat,MIA,1988-89,1993-94,6
seikaro01,Rony Seikaly,GSW,Golden State Warriors,GSW,1994-95,1995-96,2
seikaro01,Rony Seikaly,ORL,Orlando Magic,ORL,1996-97,1997-98,2
seikaro01,Rony Seikaly,BKN,Brooklyn Nets,NJN,1997-98,1998-99,2
hibbero01,Roy Hibbert,IND,Indiana Pacers,IND,2008-09,2014-15,7
hibbero01,Roy Hibbert,LAL,Los Angeles Lakers,LAL,2015-16,2015-16,1
hibbero01,Roy Hibbert,CHA,Charlotte Hornets,CHO,2016-17,2016-17,1
hibbero01,Roy Hibbert,DEN,Denver Nuggets,DEN,2016-17,2016-17,1
rogerro02,Roy Rogers,MEM,Memphis Grizzlies,VAN,1996-97,1996-97,1
rogerro02,Roy Rogers,BOS,Boston Celtics,BOS,1997-98,1997-98,1
rogerro02,Roy Rogers,TOR,Toronto Raptors,TOR,1997-98,1997-98,1
rogerro02,Roy Rogers,DEN,Denver Nuggets,DEN,1999-00,1999-00,1
iveyro01,Royal Ivey,ATL,Atlanta Hawks,ATL,2004-05,2006-07,3
iveyro01,Royal Ivey,MIL,Milwaukee Bucks,MIL,2007-08,2009-10,2
iveyro01,Royal Ivey,PHI,Philadelphia 76ers,PHI,2008-09,2012-13,3
iveyro01,Royal Ivey,OKC,Oklahoma City Thunder,OKC,2010-11,2013-14,3
bowenry01,Ryan Bowen,DEN,Denver Nuggets,DEN,1999-00,2003-04,5
bowenry01,Ryan Bowen,HOU,Houston Rockets,HOU,2004-05,2005-06,2
bowenry01,Ryan Bowen,NOP,New Orleans Pelicans,NOH,2007-08,2008-09,2
bowenry01,Ryan Bowen,OKC,Oklahoma City Thunder,OKC,2009-10,2009-10,1
gomesry01,Ryan Gomes,BOS,Boston Celtics,BOS,2005-06,2006-07,2
gomesry01,Ryan Gomes,MIN,Minnesota Timberwolves,MIN,2007-08,2009-10,3
gomesry01,Ryan Gomes,LAC,LA Clippers,LAC,2010-11,2011-12,2
gomesry01,Ryan Gomes,OKC,Oklahoma City Thunder,OKC,2013-14,2013-14,1
perkisa01,Sam Perkins,DAL,Dallas Mavericks,DAL,1984-85,1989-90,6
perkisa01,Sam Perkins,LAL,Los Angeles Lakers,LAL,1990-91,1992-93,3
perkisa01,Sam Perkins,OKC,Oklahoma City Thunder,SEA,1992-93,1997-98,6
perkisa01,Sam Perkins,IND,Indiana Pacers,IND,1998-99,2000-01,3
vincesa01,Sam Vincent,BOS,Boston Celtics,BOS,1985-86,1986-87,2
vincesa01,Sam Vincent,OKC,Oklahoma City Thunder,SEA,1987-88,1987-88,1
vincesa01,Sam Vincent,CHI,Chicago Bulls,CHI,1987-88,1988-89,2
vincesa01,Sam Vincent,ORL,Orlando Magic,ORL,1989-90,1991-92,3
vujacsa01,Sasha Vujačić,LAL,Los Angeles Lakers,LAL,2004-05,2010-11,7
vujacsa01,Sasha Vujačić,BKN,Brooklyn Nets,NJN,2010-11,2010-11,1
vujacsa01,Sasha Vujačić,LAC,LA Clippers,LAC,2013-14,2013-14,1
vujacsa01,Sasha Vujačić,NYK,New York Knicks,NYK,2015-16,2016-17,2
burresc01,Scott Burrell,CHA,Charlotte Hornets,CHH,1993-94,2000-01,5
burresc01,Scott Burrell,GSW,Golden State Warriors,GSW,1996-97,1996-97,1
burresc01,Scott Burrell,CHI,Chicago Bulls,CHI,1997-98,1997-98,1
burresc01,Scott Burrell,BKN,Brooklyn Nets,NJN,1998-99,1999-00,2
padgesc01,Scott Padgett,UTA,Utah Jazz,UTA,1999-00,2002-03,4
padgesc01,Scott Padgett,HOU,Houston Rockets,HOU,2003-04,2006-07,3
padgesc01,Scott Padgett,BKN,Brooklyn Nets,NJN,2005-06,2005-06,1
padgesc01,Scott Padgett,MEM,Memphis Grizzlies,MEM,2006-07,2006-07,1
rodrise01,Sergio Rodríguez,POR,Portland Trail Blazers,POR,2006-07,2008-09,3
rodrise01,Sergio Rodríguez,SAC,Sacramento Kings,SAC,2009-10,2009-10,1
rodrise01,Sergio Rodríguez,NYK,New York Knicks,NYK,2009-10,2009-10,1
rodrise01,Sergio Rodríguez,PHI,Philadelphia 76ers,PHI,2016-17,2016-17,1
andersh01,Shandon Anderson,UTA,Utah Jazz,UTA,1996-97,1998-99,3
andersh01,Shandon Anderson,HOU,Houston Rockets,HOU,1999-00,2000-01,2
andersh01,Shandon Anderson,NYK,New York Knicks,NYK,2001-02,2004-05,4
andersh01,Shandon Anderson,MIA,Miami Heat,MIA,2004-05,2005-06,2
larkish01,Shane Larkin,DAL,Dallas Mavericks,DAL,2013-14,2013-14,1
larkish01,Shane Larkin,NYK,New York Knicks,NYK,2014-15,2014-15,1
larkish01,Shane Larkin,BKN,Brooklyn Nets,BRK,2015-16,2015-16,1
larkish01,Shane Larkin,BOS,Boston Celtics,BOS,2017-18,2017-18,1
abdursh01,Shareef Abdur-Rahim,MEM,Memphis Grizzlies,VAN,1996-97,2000-01,5
abdursh01,Shareef Abdur-Rahim,ATL,Atlanta Hawks,ATL,2001-02,2003-04,3
abdursh01,Shareef Abdur-Rahim,POR,Portland Trail Blazers,POR,2003-04,2004-05,2
abdursh01,Shareef Abdur-Rahim,SAC,Sacramento Kings,SAC,2005-06,2007-08,3
kempsh01,Shawn Kemp,OKC,Oklahoma City Thunder,SEA,1989-90,1996-97,8
kempsh01,Shawn Kemp,CLE,Cleveland Cavaliers,CLE,1997-98,1999-00,3
kempsh01,Shawn Kemp,POR,Portland Trail Blazers,POR,2000-01,2001-02,2
kempsh01,Shawn Kemp,ORL,Orlando Magic,ORL,2002-03,2002-03,1
respesh01,Shawn Respert,MIL,Milwaukee Bucks,MIL,1995-96,1996-97,2
respesh01,Shawn Respert,TOR,Toronto Raptors,TOR,1996-97,1997-98,2
respesh01,Shawn Respert,DAL,Dallas Mavericks,DAL,1997-98,1997-98,1
respesh01,Shawn Respert,PHX,Phoenix Suns,PHO,1998-99,1998-99,1
floydsl01,Sleepy Floyd,BKN,Brooklyn Nets,NJN,1982-83,1994-95,2
floydsl01,Sleepy Floyd,GSW,Golden State Warriors,GSW,1982-83,1987-88,6
floydsl01,Sleepy Floyd,HOU,Houston Rockets,HOU,1987-88,1992-93,6
floydsl01,Sleepy Floyd,SAS,San Antonio Spurs,SAS,1993-94,1993-94,1
weemsso01,Sonny Weems,DEN,Denver Nuggets,DEN,2008-09,2008-09,1
weemsso01,Sonny Weems,TOR,Toronto Raptors,TOR,2009-10,2010-11,2
weemsso01,Sonny Weems,PHX,Phoenix Suns,PHO,2015-16,2015-16,1
weemsso01,Sonny Weems,PHI,Philadelphia 76ers,PHI,2015-16,2015-16,1
webbsp01,Spud Webb,ATL,Atlanta Hawks,ATL,1985-86,1995-96,7
webbsp01,Spud Webb,SAC,Sacramento Kings,SAC,1991-92,1994-95,4
webbsp01,Spud Webb,MIN,Minnesota Timberwolves,MIN,1995-96,1995-96,1
webbsp01,Spud Webb,ORL,Orlando Magic,ORL,1997-98,1997-98,1
brownst02,Sterling Brown,MIL,Milwaukee Bucks,MIL,2017-18,2019-20,3
brownst02,Sterling Brown,HOU,Houston Rockets,HOU,2020-21,2020-21,1
brownst02,Sterling Brown,DAL,Dallas Mavericks,DAL,2021-22,2021-22,1
brownst02,Sterling Brown,LAL,Los Angeles Lakers,LAL,2022-23,2022-23,1
burttst01,Steve Burtt,GSW,Golden State Warriors,GSW,1984-85,1984-85,1
burttst01,Steve Burtt,LAC,LA Clippers,LAC,1987-88,1987-88,1
burttst01,Steve Burtt,PHX,Phoenix Suns,PHO,1991-92,1991-92,1
burttst01,Steve Burtt,WAS,Washington Wizards,WSB,1992-93,1992-93,1
harrist01,Steve Harris,HOU,Houston Rockets,HOU,1985-86,1987-88,3
harrist01,Steve Harris,GSW,Golden State Warriors,GSW,1987-88,1987-88,1
harrist01,Steve Harris,DET,Detroit Pistons,DET,1988-89,1988-89,1
harrist01,Steve Harris,LAC,LA Clippers,LAC,1989-90,1989-90,1
schefst01,Steve Scheffler,CHA,Charlotte Hornets,CHH,1990-91,1990-91,1
schefst01,Steve Scheffler,SAC,Sacramento Kings,SAC,1991-92,1991-92,1
schefst01,Steve Scheffler,DEN,Denver Nuggets,DEN,1991-92,1991-92,1
schefst01,Steve Scheffler,OKC,Oklahoma City Thunder,SEA,1992-93,1996-97,5
adamsst01,Steven Adams,OKC,Oklahoma City Thunder,OKC,2013-14,2019-20,7
adamsst01,Steven Adams,NOP,New Orleans Pelicans,NOP,2020-21,2020-21,1
adamsst01,Steven Adams,MEM,Memphis Grizzlies,MEM,2021-22,2022-23,2
adamsst01,Steven Adams,HOU,Houston Rockets,HOU,2024-25,2025-26,2
swiftst01,Stromile Swift,MEM,Memphis Grizzlies,"MEM,VAN",2000-01,2007-08,7
swiftst01,Stromile Swift,HOU,Houston Rockets,HOU,2005-06,2005-06,1
swiftst01,Stromile Swift,BKN,Brooklyn Nets,NJN,2007-08,2008-09,2
swiftst01,Stromile Swift,PHX,Phoenix Suns,PHO,2008-09,2008-09,1
gainesu01,Sundiata Gaines,UTA,Utah Jazz,UTA,2009-10,2009-10,1
gainesu01,Sundiata Gaines,MIN,Minnesota Timberwolves,MIN,2010-11,2010-11,1
gainesu01,Sundiata Gaines,TOR,Toronto Raptors,TOR,2010-11,2010-11,1
gainesu01,Sundiata Gaines,BKN,Brooklyn Nets,NJN,2010-11,2011-12,2
fordtj01,T.J. Ford,MIL,Milwaukee Bucks,MIL,2003-04,2005-06,2
fordtj01,T.J. Ford,TOR,Toronto Raptors,TOR,2006-07,2007-08,2
fordtj01,T.J. Ford,IND,Indiana Pacers,IND,2008-09,2010-11,3
fordtj01,T.J. Ford,SAS,San Antonio Spurs,SAS,2011-12,2011-12,1
warretj01,T.J. Warren,PHX,Phoenix Suns,PHO,2014-15,2022-23,6
warretj01,T.J. Warren,IND,Indiana Pacers,IND,2019-20,2020-21,2
warretj01,T.J. Warren,BKN,Brooklyn Nets,BRK,2022-23,2022-23,1
warretj01,T.J. Warren,MIN,Minnesota Timberwolves,MIN,2023-24,2023-24,1
abdulta01,Tariq Abdul-Wahad,SAC,Sacramento Kings,SAC,1997-98,1998-99,2
abdulta01,Tariq Abdul-Wahad,ORL,Orlando Magic,ORL,1999-00,1999-00,1
abdulta01,Tariq Abdul-Wahad,DEN,Denver Nuggets,DEN,1999-00,2001-02,3
abdulta01,Tariq Abdul-Wahad,DAL,Dallas Mavericks,DAL,2001-02,2002-03,2
princta01,Tayshaun Prince,DET,Detroit Pistons,DET,2002-03,2014-15,12
princta01,Tayshaun Prince,MEM,Memphis Grizzlies,MEM,2012-13,2014-15,3
princta01,Tayshaun Prince,BOS,Boston Celtics,BOS,2014-15,2014-15,1
princta01,Tayshaun Prince,MIN,Minnesota Timberwolves,MIN,2015-16,2015-16,1
willite01,Terrence Williams,BKN,Brooklyn Nets,NJN,2009-10,2010-11,2
willite01,Terrence Williams,HOU,Houston Rockets,HOU,2010-11,2011-12,2
willite01,Terrence Williams,SAC,Sacramento Kings,SAC,2011-12,2011-12,1
willite01,Terrence Williams,BOS,Boston Celtics,BOS,2012-13,2012-13,1
daviste01,Terry Davis,MIA,Miami Heat,MIA,1989-90,1990-91,2
daviste01,Terry Davis,DAL,Dallas Mavericks,DAL,1991-92,1995-96,5
daviste01,Terry Davis,WAS,Washington Wizards,WAS,1997-98,1998-99,2
daviste01,Terry Davis,DEN,Denver Nuggets,DEN,2000-01,2000-01,1
duerote01,Terry Duerod,DET,Detroit Pistons,DET,1979-80,1979-80,1
duerote01,Terry Duerod,DAL,Dallas Mavericks,DAL,1980-81,1980-81,1
duerote01,Terry Duerod,BOS,Boston Celtics,BOS,1980-81,1981-82,2
duerote01,Terry Duerod,GSW,Golden State Warriors,GSW,1982-83,1982-83,1
portete01,Terry Porter,POR,Portland Trail Blazers,POR,1985-86,1994-95,10
portete01,Terry Porter,MIN,Minnesota Timberwolves,MIN,1995-96,1997-98,3
portete01,Terry Porter,MIA,Miami Heat,MIA,1998-99,1998-99,1
portete01,Terry Porter,SAS,San Antonio Spurs,SAS,1999-00,2001-02,3
teaglte01,Terry Teagle,HOU,Houston Rockets,HOU,1982-83,1992-93,3
teaglte01,Terry Teagle,DET,Detroit Pistons,DET,1984-85,1984-85,1
teaglte01,Terry Teagle,GSW,Golden State Warriors,GSW,1984-85,1989-90,6
teaglte01,Terry Teagle,LAL,Los Angeles Lakers,LAL,1990-91,1991-92,2
brownti01,Tierre Brown,HOU,Houston Rockets,HOU,2001-02,2001-02,1
brownti01,Tierre Brown,CLE,Cleveland Cavaliers,CLE,2002-03,2002-03,1
brownti01,Tierre Brown,NOP,New Orleans Pelicans,NOH,2003-04,2003-04,1
brownti01,Tierre Brown,LAL,Los Angeles Lakers,LAL,2004-05,2004-05,1
murphto01,Tod Murphy,LAC,LA Clippers,LAC,1987-88,1987-88,1
murphto01,Tod Murphy,MIN,Minnesota Timberwolves,MIN,1989-90,1991-92,3
murphto01,Tod Murphy,DET,Detroit Pistons,DET,1993-94,1993-94,1
murphto01,Tod Murphy,GSW,Golden State Warriors,GSW,1993-94,1993-94,1
fulleto02,Todd Fuller,GSW,Golden State Warriors,GSW,1996-97,1997-98,2
fulleto02,Todd Fuller,UTA,Utah Jazz,UTA,1998-99,1998-99,1
fulleto02,Todd Fuller,CHA,Charlotte Hornets,CHH,1999-00,1999-00,1
fulleto02,Todd Fuller,MIA,Miami Heat,MIA,2000-01,2000-01,1
lichtto01,Todd Lichti,DEN,Denver Nuggets,DEN,1989-90,1992-93,4
lichtto01,Todd Lichti,ORL,Orlando Magic,ORL,1993-94,1993-94,1
lichtto01,Todd Lichti,GSW,Golden State Warriors,GSW,1993-94,1993-94,1
lichtto01,Todd Lichti,BOS,Boston Celtics,BOS,1993-94,1993-94,1
garrito01,Tom Garrick,LAC,LA Clippers,LAC,1988-89,1990-91,3
garrito01,Tom Garrick,SAS,San Antonio Spurs,SAS,1991-92,1991-92,1
garrito01,Tom Garrick,MIN,Minnesota Timberwolves,MIN,1991-92,1991-92,1
garrito01,Tom Garrick,DAL,Dallas Mavericks,DAL,1991-92,1991-92,1
hammoto01,Tom Hammonds,WAS,Washington Wizards,WSB,1989-90,1991-92,3
hammoto01,Tom Hammonds,CHA,Charlotte Hornets,CHH,1992-93,1992-93,1
hammoto01,Tom Hammonds,DEN,Denver Nuggets,DEN,1992-93,1996-97,5
hammoto01,Tom Hammonds,MIN,Minnesota Timberwolves,MIN,1997-98,2000-01,4
tolbeto01,Tom Tolbert,CHA,Charlotte Hornets,CHH,1988-89,1994-95,2
tolbeto01,Tom Tolbert,GSW,Golden State Warriors,GSW,1989-90,1991-92,3
tolbeto01,Tom Tolbert,ORL,Orlando Magic,ORL,1992-93,1992-93,1
tolbeto01,Tom Tolbert,LAC,LA Clippers,LAC,1993-94,1993-94,1
satorto01,Tomáš Satoranský,WAS,Washington Wizards,WAS,2016-17,2021-22,4
satorto01,Tomáš Satoranský,CHI,Chicago Bulls,CHI,2019-20,2020-21,2
satorto01,Tomáš Satoranský,NOP,New Orleans Pelicans,NOP,2021-22,2021-22,1
satorto01,Tomáš Satoranský,SAS,San Antonio Spurs,SAS,2021-22,2021-22,1
kukocto01,Toni Kukoč,CHI,Chicago Bulls,CHI,1993-94,1999-00,7
kukocto01,Toni Kukoč,PHI,Philadelphia 76ers,PHI,1999-00,2000-01,2
kukocto01,Toni Kukoč,ATL,Atlanta Hawks,ATL,2000-01,2001-02,2
kukocto01,Toni Kukoč,MIL,Milwaukee Bucks,MIL,2002-03,2005-06,4
evbuoto01,Tosan Evbuomwan,MEM,Memphis Grizzlies,MEM,2023-24,2023-24,1
evbuoto01,Tosan Evbuomwan,DET,Detroit Pistons,DET,2023-24,2023-24,1
evbuoto01,Tosan Evbuomwan,BKN,Brooklyn Nets,BRK,2024-25,2024-25,1
evbuoto01,Tosan Evbuomwan,NYK,New York Knicks,NYK,2025-26,2025-26,1
outlatr01,Travis Outlaw,POR,Portland Trail Blazers,POR,2003-04,2009-10,7
outlatr01,Travis Outlaw,LAC,LA Clippers,LAC,2009-10,2009-10,1
outlatr01,Travis Outlaw,BKN,Brooklyn Nets,NJN,2010-11,2010-11,1
outlatr01,Travis Outlaw,SAC,Sacramento Kings,SAC,2011-12,2013-14,3
hassetr01,Trenton Hassell,CHI,Chicago Bulls,CHI,2001-02,2002-03,2
hassetr01,Trenton Hassell,MIN,Minnesota Timberwolves,MIN,2003-04,2006-07,4
hassetr01,Trenton Hassell,DAL,Dallas Mavericks,DAL,2007-08,2007-08,1
hassetr01,Trenton Hassell,BKN,Brooklyn Nets,NJN,2007-08,2009-10,3
grahatr01,Treveon Graham,CHA,Charlotte Hornets,CHO,2016-17,2017-18,2
grahatr01,Treveon Graham,BKN,Brooklyn Nets,BRK,2018-19,2018-19,1
grahatr01,Treveon Graham,MIN,Minnesota Timberwolves,MIN,2019-20,2019-20,1
grahatr01,Treveon Graham,ATL,Atlanta Hawks,ATL,2019-20,2019-20,1
wilsotr01,Trevor Wilson,ATL,Atlanta Hawks,ATL,1990-91,1990-91,1
wilsotr01,Trevor Wilson,LAL,Los Angeles Lakers,LAL,1993-94,1993-94,1
wilsotr01,Trevor Wilson,SAC,Sacramento Kings,SAC,1993-94,1994-95,2
wilsotr01,Trevor Wilson,PHI,Philadelphia 76ers,PHI,1995-96,1995-96,1
johnstr01,Trey Johnson,CLE,Cleveland Cavaliers,CLE,2008-09,2008-09,1
johnstr01,Trey Johnson,TOR,Toronto Raptors,TOR,2010-11,2010-11,1
johnstr01,Trey Johnson,LAL,Los Angeles Lakers,LAL,2010-11,2010-11,1
johnstr01,Trey Johnson,NOP,New Orleans Pelicans,NOH,2011-12,2011-12,1
willitr02,Troy Williams,MEM,Memphis Grizzlies,MEM,2016-17,2016-17,1
willitr02,Troy Williams,HOU,Houston Rockets,HOU,2016-17,2017-18,2
willitr02,Troy Williams,NYK,New York Knicks,NYK,2017-18,2017-18,1
willitr02,Troy Williams,SAC,Sacramento Kings,SAC,2018-19,2018-19,1
lawsoty01,Ty Lawson,DEN,Denver Nuggets,DEN,2009-10,2014-15,6
lawsoty01,Ty Lawson,HOU,Houston Rockets,HOU,2015-16,2015-16,1
lawsoty01,Ty Lawson,IND,Indiana Pacers,IND,2015-16,2015-16,1
lawsoty01,Ty Lawson,SAC,Sacramento Kings,SAC,2016-17,2016-17,1
washity02,TyTy Washington Jr.,HOU,Houston Rockets,HOU,2022-23,2022-23,1
washity02,TyTy Washington Jr.,MIL,Milwaukee Bucks,MIL,2023-24,2023-24,1
washity02,TyTy Washington Jr.,PHX,Phoenix Suns,PHO,2024-25,2024-25,1
washity02,TyTy Washington Jr.,LAC,LA Clippers,LAC,2025-26,2025-26,1
ennisty01,Tyler Ennis,PHX,Phoenix Suns,PHO,2014-15,2014-15,1
ennisty01,Tyler Ennis,MIL,Milwaukee Bucks,MIL,2014-15,2015-16,2
ennisty01,Tyler Ennis,HOU,Houston Rockets,HOU,2016-17,2016-17,1
ennisty01,Tyler Ennis,LAL,Los Angeles Lakers,LAL,2016-17,2017-18,2
evansty01,Tyreke Evans,SAC,Sacramento Kings,SAC,2009-10,2016-17,5
evansty01,Tyreke Evans,NOP,New Orleans Pelicans,NOP,2013-14,2016-17,4
evansty01,Tyreke Evans,MEM,Memphis Grizzlies,MEM,2017-18,2017-18,1
evansty01,Tyreke Evans,IND,Indiana Pacers,IND,2018-19,2018-19,1
potapvi01,Vitaly Potapenko,CLE,Cleveland Cavaliers,CLE,1996-97,1998-99,3
potapvi01,Vitaly Potapenko,BOS,Boston Celtics,BOS,1998-99,2001-02,4
potapvi01,Vitaly Potapenko,OKC,Oklahoma City Thunder,SEA,2002-03,2005-06,4
potapvi01,Vitaly Potapenko,SAC,Sacramento Kings,SAC,2005-06,2006-07,2
stepavl01,Vladimir Stepania,OKC,Oklahoma City Thunder,SEA,1998-99,1999-00,2
stepavl01,Vladimir Stepania,BKN,Brooklyn Nets,NJN,2000-01,2000-01,1
stepavl01,Vladimir Stepania,MIA,Miami Heat,MIA,2001-02,2002-03,2
stepavl01,Vladimir Stepania,POR,Portland Trail Blazers,POR,2003-04,2003-04,1
lenarvo01,Voshon Lenard,MIA,Miami Heat,MIA,1995-96,1999-00,5
lenarvo01,Voshon Lenard,DEN,Denver Nuggets,DEN,2000-01,2005-06,5
lenarvo01,Voshon Lenard,TOR,Toronto Raptors,TOR,2002-03,2002-03,1
lenarvo01,Voshon Lenard,POR,Portland Trail Blazers,POR,2005-06,2005-06,1
szczewa02,Wally Szczerbiak,MIN,Minnesota Timberwolves,MIN,1999-00,2005-06,7
szczewa02,Wally Szczerbiak,BOS,Boston Celtics,BOS,2005-06,2006-07,2
szczewa02,Wally Szczerbiak,OKC,Oklahoma City Thunder,SEA,2007-08,2007-08,1
szczewa02,Wally Szczerbiak,CLE,Cleveland Cavaliers,CLE,2007-08,2008-09,2
berrywa01,Walter Berry,POR,Portland Trail Blazers,POR,1986-87,1986-87,1
berrywa01,Walter Berry,SAS,San Antonio Spurs,SAS,1986-87,1987-88,2
berrywa01,Walter Berry,BKN,Brooklyn Nets,NJN,1988-89,1988-89,1
berrywa01,Walter Berry,HOU,Houston Rockets,HOU,1988-89,1988-89,1
mccarwa01,Walter McCarty,NYK,New York Knicks,NYK,1996-97,1996-97,1
mccarwa01,Walter McCarty,BOS,Boston Celtics,BOS,1997-98,2004-05,8
mccarwa01,Walter McCarty,PHX,Phoenix Suns,PHO,2004-05,2004-05,1
mccarwa01,Walter McCarty,LAC,LA Clippers,LAC,2005-06,2005-06,1
seldewa01,Wayne Selden,NOP,New Orleans Pelicans,NOP,2016-17,2016-17,1
seldewa01,Wayne Selden,MEM,Memphis Grizzlies,MEM,2016-17,2018-19,3
seldewa01,Wayne Selden,CHI,Chicago Bulls,CHI,2018-19,2018-19,1
seldewa01,Wayne Selden,NYK,New York Knicks,NYK,2021-22,2021-22,1
iwundwe01,Wes Iwundu,ORL,Orlando Magic,ORL,2017-18,2019-20,3
iwundwe01,Wes Iwundu,DAL,Dallas Mavericks,DAL,2020-21,2020-21,1
iwundwe01,Wes Iwundu,NOP,New Orleans Pelicans,NOP,2020-21,2020-21,1
iwundwe01,Wes Iwundu,ATL,Atlanta Hawks,ATL,2021-22,2021-22,1
bartowi01,Will Barton,POR,Portland Trail Blazers,POR,2012-13,2014-15,3
bartowi01,Will Barton,DEN,Denver Nuggets,DEN,2014-15,2021-22,8
bartowi01,Will Barton,WAS,Washington Wizards,WAS,2022-23,2022-23,1
bartowi01,Will Barton,TOR,Toronto Raptors,TOR,2022-23,2022-23,1
conrowi01,Will Conroy,MEM,Memphis Grizzlies,MEM,2006-07,2006-07,1
conrowi01,Will Conroy,LAC,LA Clippers,LAC,2006-07,2006-07,1
conrowi01,Will Conroy,HOU,Houston Rockets,HOU,2009-10,2009-10,1
conrowi01,Will Conroy,MIN,Minnesota Timberwolves,MIN,2012-13,2012-13,1
cunniwi01,William Cunningham,UTA,Utah Jazz,UTA,1997-98,1997-98,1
cunniwi01,William Cunningham,PHI,Philadelphia 76ers,PHI,1997-98,1997-98,1
cunniwi01,William Cunningham,TOR,Toronto Raptors,TOR,1998-99,1998-99,1
cunniwi01,William Cunningham,BKN,Brooklyn Nets,NJN,1998-99,1998-99,1
anderwi01,Willie Anderson,SAS,San Antonio Spurs,SAS,1988-89,1994-95,7
anderwi01,Willie Anderson,TOR,Toronto Raptors,TOR,1995-96,1995-96,1
anderwi01,Willie Anderson,NYK,New York Knicks,NYK,1995-96,1995-96,1
anderwi01,Willie Anderson,MIA,Miami Heat,MIA,1996-97,1996-97,1
caulewi01,Willie Cauley-Stein,SAC,Sacramento Kings,SAC,2015-16,2018-19,4
caulewi01,Willie Cauley-Stein,GSW,Golden State Warriors,GSW,2019-20,2019-20,1
caulewi01,Willie Cauley-Stein,DAL,Dallas Mavericks,DAL,2019-20,2021-22,3
caulewi01,Willie Cauley-Stein,PHI,Philadelphia 76ers,PHI,2021-22,2021-22,1
reedwi02,Willie Reed,BKN,Brooklyn Nets,BRK,2015-16,2015-16,1
reedwi02,Willie Reed,MIA,Miami Heat,MIA,2016-17,2016-17,1
reedwi02,Willie Reed,LAC,LA Clippers,LAC,2017-18,2017-18,1
reedwi02,Willie Reed,DET,Detroit Pistons,DET,2017-18,2017-18,1
jianlyi01,Yi Jianlian,MIL,Milwaukee Bucks,MIL,2007-08,2007-08,1
jianlyi01,Yi Jianlian,BKN,Brooklyn Nets,NJN,2008-09,2009-10,2
jianlyi01,Yi Jianlian,WAS,Washington Wizards,WAS,2010-11,2010-11,1
jianlyi01,Yi Jianlian,DAL,Dallas Mavericks,DAL,2011-12,2011-12,1
watanyu01,Yuta Watanabe,MEM,Memphis Grizzlies,MEM,2018-19,2023-24,3
watanyu01,Yuta Watanabe,TOR,Toronto Raptors,TOR,2020-21,2021-22,2
watanyu01,Yuta Watanabe,BKN,Brooklyn Nets,BRK,2022-23,2022-23,1
watanyu01,Yuta Watanabe,PHX,Phoenix Suns,PHO,2023-24,2023-24,1
marcisa01,Šarūnas Marčiulionis,GSW,Golden State Warriors,GSW,1989-90,1992-93,4
marcisa01,Šarūnas Marčiulionis,OKC,Oklahoma City Thunder,SEA,1994-95,1994-95,1
marcisa01,Šarūnas Marčiulionis,SAC,Sacramento Kings,SAC,1995-96,1995-96,1
marcisa01,Šarūnas Marčiulionis,DEN,Denver Nuggets,DEN,1996-97,1996-97,1
tabakza01,Žan Tabak,HOU,Houston Rockets,HOU,1994-95,1994-95,1
tabakza01,Žan Tabak,TOR,Toronto Raptors,TOR,1995-96,1997-98,3
tabakza01,Žan Tabak,BOS,Boston Celtics,BOS,1997-98,1997-98,1
tabakza01,Žan Tabak,IND,Indiana Pacers,IND,1999-00,2000-01,2
lawsoaj01,A.J. Lawson,MIN,Minnesota Timberwolves,MIN,2022-23,2022-23,1
lawsoaj01,A.J. Lawson,DAL,Dallas Mavericks,DAL,2022-23,2023-24,2
lawsoaj01,A.J. Lawson,TOR,Toronto Raptors,TOR,2024-25,2025-26,2
johnsaj01,AJ Johnson,MIL,Milwaukee Bucks,MIL,2024-25,2024-25,1
johnsaj01,AJ Johnson,WAS,Washington Wizards,WAS,2024-25,2025-26,2
johnsaj01,AJ Johnson,DAL,Dallas Mavericks,DAL,2025-26,2025-26,1
naderab01,Abdel Nader,BOS,Boston Celtics,BOS,2017-18,2017-18,1
naderab01,Abdel Nader,OKC,Oklahoma City Thunder,OKC,2018-19,2019-20,2
naderab01,Abdel Nader,PHX,Phoenix Suns,PHO,2020-21,2021-22,2
earlac01,Acie Earl,BOS,Boston Celtics,BOS,1993-94,1994-95,2
earlac01,Acie Earl,TOR,Toronto Raptors,TOR,1995-96,1996-97,2
earlac01,Acie Earl,MIL,Milwaukee Bucks,MIL,1996-97,1996-97,1
keefead01,Adam Keefe,ATL,Atlanta Hawks,ATL,1992-93,1993-94,2
keefead01,Adam Keefe,UTA,Utah Jazz,UTA,1994-95,1999-00,6
keefead01,Adam Keefe,GSW,Golden State Warriors,GSW,2000-01,2000-01,1
foylead01,Adonal Foyle,GSW,Golden State Warriors,GSW,1997-98,2006-07,10
foylead01,Adonal Foyle,ORL,Orlando Magic,ORL,2007-08,2008-09,2
foylead01,Adonal Foyle,MEM,Memphis Grizzlies,MEM,2008-09,2008-09,1
paynead01,Adreian Payne,ATL,Atlanta Hawks,ATL,2014-15,2014-15,1
paynead01,Adreian Payne,MIN,Minnesota Timberwolves,MIN,2014-15,2016-17,3
paynead01,Adreian Payne,ORL,Orlando Magic,ORL,2017-18,2017-18,1
thornal01,Al Thornton,LAC,LA Clippers,LAC,2007-08,2009-10,3
thornal01,Al Thornton,WAS,Washington Wizards,WAS,2009-10,2010-11,2
thornal01,Al Thornton,GSW,Golden State Warriors,GSW,2010-11,2010-11,1
oggal01,Alan Ogg,MIA,Miami Heat,MIA,1990-91,1991-92,2
oggal01,Alan Ogg,MIL,Milwaukee Bucks,MIL,1992-93,1992-93,1
oggal01,Alan Ogg,WAS,Washington Wizards,WSB,1992-93,1992-93,1
carusal01,Alex Caruso,LAL,Los Angeles Lakers,LAL,2017-18,2020-21,4
carusal01,Alex Caruso,CHI,Chicago Bulls,CHI,2021-22,2023-24,3
carusal01,Alex Caruso,OKC,Oklahoma City Thunder,OKC,2024-25,2025-26,2
englial01,Alex English,IND,Indiana Pacers,IND,1979-80,1979-80,1
englial01,Alex English,DEN,Denver Nuggets,DEN,1979-80,1989-90,11
englial01,Alex English,DAL,Dallas Mavericks,DAL,1990-91,1990-91,1
poythal01,Alex Poythress,PHI,Philadelphia 76ers,PHI,2016-17,2016-17,1
poythal01,Alex Poythress,IND,Indiana Pacers,IND,2017-18,2017-18,1
poythal01,Alex Poythress,ATL,Atlanta Hawks,ATL,2018-19,2018-19,1
mournal01,Alonzo Mourning,CHA,Charlotte Hornets,CHH,1992-93,1994-95,3
mournal01,Alonzo Mourning,MIA,Miami Heat,MIA,1995-96,2007-08,11
mournal01,Alonzo Mourning,BKN,Brooklyn Nets,NJN,2003-04,2004-05,2
willial02,Alvin Williams,POR,Portland Trail Blazers,POR,1997-98,1997-98,1
willial02,Alvin Williams,TOR,Toronto Raptors,TOR,1997-98,2005-06,8
willial02,Alvin Williams,LAC,LA Clippers,LAC,2006-07,2006-07,1
coffeam01,Amir Coffey,LAC,LA Clippers,LAC,2019-20,2024-25,6
coffeam01,Amir Coffey,MIL,Milwaukee Bucks,MIL,2025-26,2025-26,1
coffeam01,Amir Coffey,PHX,Phoenix Suns,PHO,2025-26,2025-26,1
brownan01,Andre Brown,OKC,Oklahoma City Thunder,SEA,2006-07,2006-07,1
brownan01,Andre Brown,MEM,Memphis Grizzlies,MEM,2007-08,2007-08,1
brownan01,Andre Brown,CHA,Charlotte Hornets,CHA,2008-09,2008-09,1
spencan01,Andre Spencer,ATL,Atlanta Hawks,ATL,1992-93,1992-93,1
spencan01,Andre Spencer,GSW,Golden State Warriors,GSW,1992-93,1993-94,2
spencan01,Andre Spencer,SAC,Sacramento Kings,SAC,1993-94,1993-94,1
bargnan01,Andrea Bargnani,TOR,Toronto Raptors,TOR,2006-07,2012-13,7
bargnan01,Andrea Bargnani,NYK,New York Knicks,NYK,2013-14,2014-15,2
bargnan01,Andrea Bargnani,BKN,Brooklyn Nets,BRK,2015-16,2015-16,1
kirilan01,Andrei Kirilenko,UTA,Utah Jazz,UTA,2001-02,2010-11,10
kirilan01,Andrei Kirilenko,MIN,Minnesota Timberwolves,MIN,2012-13,2012-13,1
kirilan01,Andrei Kirilenko,BKN,Brooklyn Nets,BRK,2013-14,2014-15,2
bynuman01,Andrew Bynum,LAL,Los Angeles Lakers,LAL,2005-06,2011-12,7
bynuman01,Andrew Bynum,CLE,Cleveland Cavaliers,CLE,2013-14,2013-14,1
bynuman01,Andrew Bynum,IND,Indiana Pacers,IND,2013-14,2013-14,1
harrian01,Andrew Harrison,MEM,Memphis Grizzlies,MEM,2016-17,2018-19,3
harrian01,Andrew Harrison,CLE,Cleveland Cavaliers,CLE,2018-19,2018-19,1
harrian01,Andrew Harrison,NOP,New Orleans Pelicans,NOP,2018-19,2018-19,1
nichoan01,Andrew Nicholson,ORL,Orlando Magic,ORL,2012-13,2015-16,4
nichoan01,Andrew Nicholson,WAS,Washington Wizards,WAS,2016-17,2016-17,1
nichoan01,Andrew Nicholson,BKN,Brooklyn Nets,BRK,2016-17,2016-17,1
wiggian01,Andrew Wiggins,MIN,Minnesota Timberwolves,MIN,2014-15,2019-20,6
wiggian01,Andrew Wiggins,GSW,Golden State Warriors,GSW,2019-20,2024-25,6
wiggian01,Andrew Wiggins,MIA,Miami Heat,MIA,2024-25,2025-26,2
nocioan01,Andrés Nocioni,CHI,Chicago Bulls,CHI,2004-05,2008-09,5
nocioan01,Andrés Nocioni,SAC,Sacramento Kings,SAC,2008-09,2009-10,2
nocioan01,Andrés Nocioni,PHI,Philadelphia 76ers,PHI,2010-11,2011-12,2
simonan01,Anfernee Simons,POR,Portland Trail Blazers,POR,2018-19,2024-25,7
simonan01,Anfernee Simons,BOS,Boston Celtics,BOS,2025-26,2025-26,1
simonan01,Anfernee Simons,CHI,Chicago Bulls,CHI,2025-26,2025-26,1
bonnean01,Anthony Bonner,SAC,Sacramento Kings,SAC,1990-91,1992-93,3
bonnean01,Anthony Bonner,NYK,New York Knicks,NYK,1993-94,1994-95,2
bonnean01,Anthony Bonner,ORL,Orlando Magic,ORL,1995-96,1995-96,1
davisan02,Anthony Davis,NOP,New Orleans Pelicans,"NOH,NOP",2012-13,2018-19,7
davisan02,Anthony Davis,LAL,Los Angeles Lakers,LAL,2019-20,2024-25,6
davisan02,Anthony Davis,DAL,Dallas Mavericks,DAL,2024-25,2025-26,2
fredean01,Anthony Frederick,IND,Indiana Pacers,IND,1988-89,1988-89,1
fredean01,Anthony Frederick,SAC,Sacramento Kings,SAC,1990-91,1990-91,1
fredean01,Anthony Frederick,CHA,Charlotte Hornets,CHH,1991-92,1991-92,1
lamban01,Anthony Lamb,HOU,Houston Rockets,HOU,2020-21,2020-21,1
lamban01,Anthony Lamb,SAS,San Antonio Spurs,SAS,2021-22,2021-22,1
lamban01,Anthony Lamb,GSW,Golden State Warriors,GSW,2022-23,2022-23,1
goodwar01,Archie Goodwin,PHX,Phoenix Suns,PHO,2013-14,2015-16,3
goodwar01,Archie Goodwin,NOP,New Orleans Pelicans,NOP,2016-17,2016-17,1
goodwar01,Archie Goodwin,BKN,Brooklyn Nets,BRK,2016-17,2016-17,1
brookar01,Armoni Brooks,HOU,Houston Rockets,HOU,2020-21,2021-22,2
brookar01,Armoni Brooks,TOR,Toronto Raptors,TOR,2021-22,2021-22,1
brookar01,Armoni Brooks,BKN,Brooklyn Nets,BRK,2023-24,2023-24,1
gilmoar01,Artis Gilmore,CHI,Chicago Bulls,CHI,1979-80,1987-88,4
gilmoar01,Artis Gilmore,SAS,San Antonio Spurs,SAS,1982-83,1986-87,5
gilmoar01,Artis Gilmore,BOS,Boston Celtics,BOS,1987-88,1987-88,1
carrau01,Austin Carr,CLE,Cleveland Cavaliers,CLE,1979-80,1979-80,1
carrau01,Austin Carr,DAL,Dallas Mavericks,DAL,1980-81,1980-81,1
carrau01,Austin Carr,WAS,Washington Wizards,WSB,1980-81,1980-81,1
storeaw01,Awvee Storey,BKN,Brooklyn Nets,NJN,2004-05,2004-05,1
storeaw01,Awvee Storey,WAS,Washington Wizards,WAS,2005-06,2005-06,1
storeaw01,Awvee Storey,MIL,Milwaukee Bucks,MIL,2007-08,2007-08,1
toupaax01,Axel Toupane,DEN,Denver Nuggets,DEN,2015-16,2015-16,1
toupaax01,Axel Toupane,MIL,Milwaukee Bucks,MIL,2016-17,2020-21,2
toupaax01,Axel Toupane,NOP,New Orleans Pelicans,NOP,2016-17,2016-17,1
johnsbj01,B.J. Johnson,ATL,Atlanta Hawks,ATL,2018-19,2018-19,1
johnsbj01,B.J. Johnson,SAC,Sacramento Kings,SAC,2018-19,2018-19,1
johnsbj01,B.J. Johnson,ORL,Orlando Magic,ORL,2019-20,2021-22,2
poquebe01,Ben Poquette,UTA,Utah Jazz,UTA,1979-80,1982-83,4
poquebe01,Ben Poquette,CLE,Cleveland Cavaliers,CLE,1983-84,1986-87,4
poquebe01,Ben Poquette,CHI,Chicago Bulls,CHI,1986-87,1986-87,1
simmobe01,Ben Simmons,PHI,Philadelphia 76ers,PHI,2017-18,2020-21,4
simmobe01,Ben Simmons,BKN,Brooklyn Nets,BRK,2022-23,2024-25,3
simmobe01,Ben Simmons,LAC,LA Clippers,LAC,2024-25,2024-25,1
uzohbe01,Ben Uzoh,BKN,Brooklyn Nets,NJN,2010-11,2010-11,1
uzohbe01,Ben Uzoh,CLE,Cleveland Cavaliers,CLE,2011-12,2011-12,1
uzohbe01,Ben Uzoh,TOR,Toronto Raptors,TOR,2011-12,2011-12,1
thompbe01,Bernard Thompson,POR,Portland Trail Blazers,POR,1984-85,1984-85,1
thompbe01,Bernard Thompson,PHX,Phoenix Suns,PHO,1985-86,1987-88,3
thompbe01,Bernard Thompson,HOU,Houston Rockets,HOU,1988-89,1988-89,1
cartwbi01,Bill Cartwright,NYK,New York Knicks,NYK,1979-80,1987-88,8
cartwbi01,Bill Cartwright,CHI,Chicago Bulls,CHI,1988-89,1993-94,6
cartwbi01,Bill Cartwright,OKC,Oklahoma City Thunder,SEA,1994-95,1994-95,1
martibi01,Bill Martin,IND,Indiana Pacers,IND,1985-86,1985-86,1
martibi01,Bill Martin,NYK,New York Knicks,NYK,1986-87,1986-87,1
martibi01,Bill Martin,PHX,Phoenix Suns,PHO,1987-88,1987-88,1
wennibi01,Bill Wennington,DAL,Dallas Mavericks,DAL,1985-86,1989-90,5
wennibi01,Bill Wennington,SAC,Sacramento Kings,SAC,1990-91,1999-00,2
wennibi01,Bill Wennington,CHI,Chicago Bulls,CHI,1993-94,1998-99,6
knighbi01,Billy Knight,IND,Indiana Pacers,IND,1979-80,1982-83,4
knighbi01,Billy Knight,SAC,Sacramento Kings,KCK,1983-84,1984-85,2
knighbi01,Billy Knight,SAS,San Antonio Spurs,SAS,1984-85,1984-85,1
batesbi01,Billy Ray Bates,POR,Portland Trail Blazers,POR,1979-80,1981-82,3
batesbi01,Billy Ray Bates,WAS,Washington Wizards,WSB,1982-83,1982-83,1
batesbi01,Billy Ray Bates,LAL,Los Angeles Lakers,LAL,1982-83,1982-83,1
thomabi01,Billy Thomas,BKN,Brooklyn Nets,NJN,2004-05,2007-08,2
thomabi01,Billy Thomas,WAS,Washington Wizards,WAS,2005-06,2005-06,1
thomabi01,Billy Thomas,CLE,Cleveland Cavaliers,CLE,2007-08,2007-08,1
thompbi01,Billy Thompson,LAL,Los Angeles Lakers,LAL,1986-87,1987-88,2
thompbi01,Billy Thompson,MIA,Miami Heat,MIA,1988-89,1990-91,3
thompbi01,Billy Thompson,GSW,Golden State Warriors,GSW,1991-92,1991-92,1
ahearbl01,Blake Ahearn,MIA,Miami Heat,MIA,2007-08,2007-08,1
ahearbl01,Blake Ahearn,SAS,San Antonio Spurs,SAS,2008-09,2008-09,1
ahearbl01,Blake Ahearn,UTA,Utah Jazz,UTA,2011-12,2011-12,1
hansebo01,Bob Hansen,UTA,Utah Jazz,UTA,1983-84,1989-90,7
hansebo01,Bob Hansen,SAC,Sacramento Kings,SAC,1990-91,1991-92,2
hansebo01,Bob Hansen,CHI,Chicago Bulls,CHI,1991-92,1991-92,1
wilkebo01,Bob Wilkerson,DEN,Denver Nuggets,DEN,1979-80,1979-80,1
wilkebo01,Bob Wilkerson,CHI,Chicago Bulls,CHI,1980-81,1980-81,1
wilkebo01,Bob Wilkerson,CLE,Cleveland Cavaliers,CLE,1981-82,1982-83,2
bogdabo01,Bogdan Bogdanović,SAC,Sacramento Kings,SAC,2017-18,2019-20,3
bogdabo01,Bogdan Bogdanović,ATL,Atlanta Hawks,ATL,2020-21,2024-25,5
bogdabo01,Bogdan Bogdanović,LAC,LA Clippers,LAC,2024-25,2025-26,2
bolbo01,Bol Bol,DEN,Denver Nuggets,DEN,2019-20,2021-22,3
bolbo01,Bol Bol,ORL,Orlando Magic,ORL,2022-23,2022-23,1
bolbo01,Bol Bol,PHX,Phoenix Suns,PHO,2023-24,2024-25,2
hylanbo01,Bones Hyland,DEN,Denver Nuggets,DEN,2021-22,2022-23,2
hylanbo01,Bones Hyland,LAC,LA Clippers,LAC,2022-23,2024-25,3
hylanbo01,Bones Hyland,MIN,Minnesota Timberwolves,MIN,2024-25,2025-26,2
nachbbo01,Boštjan Nachbar,HOU,Houston Rockets,HOU,2002-03,2004-05,3
nachbbo01,Boštjan Nachbar,NOP,New Orleans Pelicans,"NOH,NOK",2004-05,2005-06,2
nachbbo01,Boštjan Nachbar,BKN,Brooklyn Nets,NJN,2005-06,2007-08,3
davisbr01,Brad Davis,IND,Indiana Pacers,IND,1979-80,1979-80,1
davisbr01,Brad Davis,UTA,Utah Jazz,UTA,1979-80,1979-80,1
davisbr01,Brad Davis,DAL,Dallas Mavericks,DAL,1980-81,1991-92,12
hollabr01,Brad Holland,LAL,Los Angeles Lakers,LAL,1979-80,1980-81,2
hollabr01,Brad Holland,WAS,Washington Wizards,WSB,1981-82,1981-82,1
hollabr01,Brad Holland,MIL,Milwaukee Bucks,MIL,1981-82,1981-82,1
bealbr01,Bradley Beal,WAS,Washington Wizards,WAS,2012-13,2022-23,11
bealbr01,Bradley Beal,PHX,Phoenix Suns,PHO,2023-24,2024-25,2
bealbr01,Bradley Beal,LAC,LA Clippers,LAC,2025-26,2025-26,1
goodwbr01,Brandon Goodwin,DEN,Denver Nuggets,DEN,2018-19,2018-19,1
goodwbr01,Brandon Goodwin,ATL,Atlanta Hawks,ATL,2019-20,2020-21,2
goodwbr01,Brandon Goodwin,CLE,Cleveland Cavaliers,CLE,2021-22,2021-22,1
ingrabr01,Brandon Ingram,LAL,Los Angeles Lakers,LAL,2016-17,2018-19,3
ingrabr01,Brandon Ingram,NOP,New Orleans Pelicans,NOP,2019-20,2024-25,6
ingrabr01,Brandon Ingram,TOR,Toronto Raptors,TOR,2025-26,2025-26,1
willibr01,Brandon Williams,GSW,Golden State Warriors,GSW,1997-98,1997-98,1
willibr01,Brandon Williams,SAS,San Antonio Spurs,SAS,1998-99,1998-99,1
willibr01,Brandon Williams,ATL,Atlanta Hawks,ATL,2002-03,2002-03,1
evansbr01,Brian Evans,ORL,Orlando Magic,ORL,1996-97,1997-98,2
evansbr01,Brian Evans,BKN,Brooklyn Nets,NJN,1997-98,1998-99,2
evansbr01,Brian Evans,MIN,Minnesota Timberwolves,MIN,1998-99,1998-99,1
olivebr01,Brian Oliver,PHI,Philadelphia 76ers,PHI,1990-91,1991-92,2
olivebr01,Brian Oliver,WAS,Washington Wizards,WSB,1994-95,1994-95,1
olivebr01,Brian Oliver,ATL,Atlanta Hawks,ATL,1997-98,1997-98,1
roberbr01,Brian Roberts,NOP,New Orleans Pelicans,"NOH,NOP",2012-13,2013-14,2
roberbr01,Brian Roberts,CHA,Charlotte Hornets,CHO,2014-15,2016-17,3
roberbr01,Brian Roberts,POR,Portland Trail Blazers,POR,2015-16,2015-16,1
scalabr01,Brian Scalabrine,BKN,Brooklyn Nets,NJN,2001-02,2004-05,4
scalabr01,Brian Scalabrine,BOS,Boston Celtics,BOS,2005-06,2009-10,5
scalabr01,Brian Scalabrine,CHI,Chicago Bulls,CHI,2010-11,2011-12,2
thomabr01,Brodric Thomas,HOU,Houston Rockets,HOU,2020-21,2020-21,1
thomabr01,Brodric Thomas,CLE,Cleveland Cavaliers,CLE,2020-21,2020-21,1
thomabr01,Brodric Thomas,BOS,Boston Celtics,BOS,2021-22,2021-22,1
kuczebr01,Bruce Kuczenski,BKN,Brooklyn Nets,NJN,1983-84,1983-84,1
kuczebr01,Bruce Kuczenski,PHI,Philadelphia 76ers,PHI,1983-84,1983-84,1
kuczebr01,Bruce Kuczenski,IND,Indiana Pacers,IND,1983-84,1983-84,1
stithbr01,Bryant Stith,DEN,Denver Nuggets,DEN,1992-93,1999-00,8
stithbr01,Bryant Stith,BOS,Boston Celtics,BOS,2000-01,2000-01,1
stithbr01,Bryant Stith,CLE,Cleveland Cavaliers,CLE,2001-02,2001-02,1
cottobr01,Bryce Cotton,UTA,Utah Jazz,UTA,2014-15,2014-15,1
cottobr01,Bryce Cotton,PHX,Phoenix Suns,PHO,2015-16,2015-16,1
cottobr01,Bryce Cotton,MEM,Memphis Grizzlies,MEM,2015-16,2015-16,1
mcgowbr01,Bryce McGowens,CHA,Charlotte Hornets,CHO,2022-23,2023-24,2
mcgowbr01,Bryce McGowens,POR,Portland Trail Blazers,POR,2024-25,2024-25,1
mcgowbr01,Bryce McGowens,NOP,New Orleans Pelicans,NOP,2025-26,2025-26,1
willibu01,Buck Williams,BKN,Brooklyn Nets,NJN,1981-82,1988-89,8
willibu01,Buck Williams,POR,Portland Trail Blazers,POR,1989-90,1995-96,7
willibu01,Buck Williams,NYK,New York Knicks,NYK,1996-97,1997-98,2
dinkiby01,Byron Dinkins,HOU,Houston Rockets,HOU,1989-90,1989-90,1
dinkiby01,Byron Dinkins,SAS,San Antonio Spurs,SAS,1990-91,1990-91,1
dinkiby01,Byron Dinkins,IND,Indiana Pacers,IND,1990-91,1990-91,1
houstby01,Byron Houston,GSW,Golden State Warriors,GSW,1992-93,1993-94,2
houstby01,Byron Houston,OKC,Oklahoma City Thunder,SEA,1994-95,1994-95,1
houstby01,Byron Houston,SAC,Sacramento Kings,SAC,1995-96,1995-96,1
scottby01,Byron Scott,LAL,Los Angeles Lakers,LAL,1983-84,1996-97,11
scottby01,Byron Scott,IND,Indiana Pacers,IND,1993-94,1994-95,2
scottby01,Byron Scott,MEM,Memphis Grizzlies,VAN,1995-96,1995-96,1
johnsca02,Cameron Johnson,PHX,Phoenix Suns,PHO,2019-20,2022-23,4
johnsca02,Cameron Johnson,BKN,Brooklyn Nets,BRK,2022-23,2024-25,3
johnsca02,Cameron Johnson,DEN,Denver Nuggets,DEN,2025-26,2025-26,1
reynoca01,Cameron Reynolds,MIN,Minnesota Timberwolves,MIN,2018-19,2018-19,1
reynoca01,Cameron Reynolds,SAS,San Antonio Spurs,SAS,2020-21,2020-21,1
reynoca01,Cameron Reynolds,HOU,Houston Rockets,HOU,2020-21,2020-21,1
nicksca01,Carl Nicks,DEN,Denver Nuggets,DEN,1980-81,1980-81,1
nicksca01,Carl Nicks,UTA,Utah Jazz,UTA,1980-81,1981-82,2
nicksca01,Carl Nicks,CLE,Cleveland Cavaliers,CLE,1982-83,1982-83,1
jonesca03,Carlik Jones,DAL,Dallas Mavericks,DAL,2021-22,2021-22,1
jonesca03,Carlik Jones,DEN,Denver Nuggets,DEN,2021-22,2021-22,1
jonesca03,Carlik Jones,CHI,Chicago Bulls,CHI,2022-23,2022-23,1
jacobca01,Casey Jacobsen,PHX,Phoenix Suns,PHO,2002-03,2004-05,3
jacobca01,Casey Jacobsen,NOP,New Orleans Pelicans,NOH,2004-05,2004-05,1
jacobca01,Casey Jacobsen,MEM,Memphis Grizzlies,MEM,2007-08,2007-08,1
jacksce01,Cedric Jackson,CLE,Cleveland Cavaliers,CLE,2009-10,2009-10,1
jacksce01,Cedric Jackson,SAS,San Antonio Spurs,SAS,2009-10,2009-10,1
jacksce01,Cedric Jackson,WAS,Washington Wizards,WAS,2009-10,2009-10,1
maxwece01,Cedric Maxwell,BOS,Boston Celtics,BOS,1979-80,1984-85,6
maxwece01,Cedric Maxwell,LAC,LA Clippers,LAC,1985-86,1986-87,2
maxwece01,Cedric Maxwell,HOU,Houston Rockets,HOU,1986-87,1987-88,2
trybace01,Cezary Trybański,MEM,Memphis Grizzlies,MEM,2002-03,2002-03,1
trybace01,Cezary Trybański,PHX,Phoenix Suns,PHO,2003-04,2003-04,1
trybace01,Cezary Trybański,NYK,New York Knicks,NYK,2003-04,2003-04,1
hutchch01,Chandler Hutchison,CHI,Chicago Bulls,CHI,2018-19,2020-21,3
hutchch01,Chandler Hutchison,WAS,Washington Wizards,WAS,2020-21,2020-21,1
hutchch01,Chandler Hutchison,PHX,Phoenix Suns,PHO,2021-22,2021-22,1
barklch01,Charles Barkley,PHI,Philadelphia 76ers,PHI,1984-85,1991-92,8
barklch01,Charles Barkley,PHX,Phoenix Suns,PHO,1992-93,1995-96,4
barklch01,Charles Barkley,HOU,Houston Rockets,HOU,1996-97,1999-00,4
jonesch02,Charles Jones,PHX,Phoenix Suns,PHO,1984-85,1985-86,2
jonesch02,Charles Jones,POR,Portland Trail Blazers,POR,1987-88,1987-88,1
jonesch02,Charles Jones,WAS,Washington Wizards,WSB,1988-89,1988-89,1
smithch01,Charles Smith,LAC,LA Clippers,LAC,1988-89,1991-92,4
smithch01,Charles Smith,NYK,New York Knicks,NYK,1992-93,1995-96,4
smithch01,Charles Smith,SAS,San Antonio Spurs,SAS,1995-96,1996-97,2
crissch01,Charlie Criss,ATL,Atlanta Hawks,ATL,1979-80,1984-85,5
crissch01,Charlie Criss,LAC,LA Clippers,SDC,1981-82,1981-82,1
crissch01,Charlie Criss,MIL,Milwaukee Bucks,MIL,1982-83,1983-84,2
wardch01,Charlie Ward,NYK,New York Knicks,NYK,1994-95,2003-04,10
wardch01,Charlie Ward,SAS,San Antonio Spurs,SAS,2003-04,2003-04,1
wardch01,Charlie Ward,HOU,Houston Rockets,HOU,2004-05,2004-05,1
diallch01,Cheick Diallo,NOP,New Orleans Pelicans,NOP,2016-17,2018-19,3
diallch01,Cheick Diallo,PHX,Phoenix Suns,PHO,2019-20,2019-20,1
diallch01,Cheick Diallo,DET,Detroit Pistons,DET,2021-22,2021-22,1
bouchch01,Chris Boucher,GSW,Golden State Warriors,GSW,2017-18,2017-18,1
bouchch01,Chris Boucher,TOR,Toronto Raptors,TOR,2018-19,2024-25,7
bouchch01,Chris Boucher,BOS,Boston Celtics,BOS,2025-26,2025-26,1
childch01,Chris Childs,BKN,Brooklyn Nets,NJN,1994-95,2002-03,3
childch01,Chris Childs,NYK,New York Knicks,NYK,1996-97,2000-01,5
childch01,Chris Childs,TOR,Toronto Raptors,TOR,2000-01,2001-02,2
copelch01,Chris Copeland,NYK,New York Knicks,NYK,2012-13,2012-13,1
copelch01,Chris Copeland,IND,Indiana Pacers,IND,2013-14,2014-15,2
copelch01,Chris Copeland,MIL,Milwaukee Bucks,MIL,2015-16,2015-16,1
corchch01,Chris Corchiani,ORL,Orlando Magic,ORL,1991-92,1992-93,2
corchch01,Chris Corchiani,WAS,Washington Wizards,WSB,1992-93,1992-93,1
corchch01,Chris Corchiani,BOS,Boston Celtics,BOS,1993-94,1993-94,1
duartch01,Chris Duarte,IND,Indiana Pacers,IND,2021-22,2022-23,2
duartch01,Chris Duarte,SAC,Sacramento Kings,SAC,2023-24,2023-24,1
duartch01,Chris Duarte,CHI,Chicago Bulls,CHI,2024-25,2024-25,1
kingch01,Chris King,OKC,Oklahoma City Thunder,SEA,1993-94,1993-94,1
kingch01,Chris King,MEM,Memphis Grizzlies,VAN,1995-96,1995-96,1
kingch01,Chris King,UTA,Utah Jazz,UTA,1998-99,1998-99,1
mihmch01,Chris Mihm,CLE,Cleveland Cavaliers,CLE,2000-01,2003-04,4
mihmch01,Chris Mihm,BOS,Boston Celtics,BOS,2003-04,2003-04,1
mihmch01,Chris Mihm,LAL,Los Angeles Lakers,LAL,2004-05,2008-09,4
millsch01,Chris Mills,CLE,Cleveland Cavaliers,CLE,1993-94,1996-97,4
millsch01,Chris Mills,NYK,New York Knicks,NYK,1997-98,1997-98,1
millsch01,Chris Mills,GSW,Golden State Warriors,GSW,1998-99,2002-03,5
morrich01,Chris Morris,BKN,Brooklyn Nets,NJN,1988-89,1994-95,7
morrich01,Chris Morris,UTA,Utah Jazz,UTA,1995-96,1997-98,3
morrich01,Chris Morris,PHX,Phoenix Suns,PHO,1998-99,1998-99,1
welpch01,Chris Welp,PHI,Philadelphia 76ers,PHI,1987-88,1988-89,2
welpch01,Chris Welp,SAS,San Antonio Spurs,SAS,1989-90,1989-90,1
welpch01,Chris Welp,GSW,Golden State Warriors,GSW,1989-90,1989-90,1
hayesch01,Chuck Hayes,HOU,Houston Rockets,HOU,2005-06,2015-16,7
hayesch01,Chuck Hayes,SAC,Sacramento Kings,SAC,2011-12,2013-14,3
hayesch01,Chuck Hayes,TOR,Toronto Raptors,TOR,2013-14,2014-15,2
okekech01,Chuma Okeke,ORL,Orlando Magic,ORL,2020-21,2023-24,4
okekech01,Chuma Okeke,PHI,Philadelphia 76ers,PHI,2024-25,2024-25,1
okekech01,Chuma Okeke,CLE,Cleveland Cavaliers,CLE,2024-25,2024-25,1
johnscl01,Clemon Johnson,IND,Indiana Pacers,IND,1979-80,1982-83,4
johnscl01,Clemon Johnson,PHI,Philadelphia 76ers,PHI,1982-83,1985-86,4
johnscl01,Clemon Johnson,OKC,Oklahoma City Thunder,SEA,1986-87,1987-88,2
roziecl01,Clifford Rozier,GSW,Golden State Warriors,GSW,1994-95,1996-97,3
roziecl01,Clifford Rozier,TOR,Toronto Raptors,TOR,1996-97,1996-97,1
roziecl01,Clifford Rozier,MIN,Minnesota Timberwolves,MIN,1997-98,1997-98,1
wheelcl01,Clinton Wheeler,IND,Indiana Pacers,IND,1987-88,1987-88,1
wheelcl01,Clinton Wheeler,MIA,Miami Heat,MIA,1988-89,1988-89,1
wheelcl01,Clinton Wheeler,POR,Portland Trail Blazers,POR,1988-89,1988-89,1
karlco01,Coby Karl,LAL,Los Angeles Lakers,LAL,2007-08,2007-08,1
karlco01,Coby Karl,CLE,Cleveland Cavaliers,CLE,2009-10,2009-10,1
karlco01,Coby Karl,GSW,Golden State Warriors,GSW,2009-10,2009-10,1
martico01,Cody Martin,CHA,Charlotte Hornets,CHO,2019-20,2024-25,6
martico01,Cody Martin,PHX,Phoenix Suns,PHO,2024-25,2024-25,1
martico01,Cody Martin,IND,Indiana Pacers,IND,2025-26,2025-26,1
jonesco02,Colby Jones,SAC,Sacramento Kings,SAC,2023-24,2024-25,2
jonesco02,Colby Jones,WAS,Washington Wizards,WAS,2024-25,2024-25,1
jonesco02,Colby Jones,DET,Detroit Pistons,DET,2025-26,2025-26,1
alexaco02,Courtney Alexander,DAL,Dallas Mavericks,DAL,2000-01,2000-01,1
alexaco02,Courtney Alexander,WAS,Washington Wizards,WAS,2000-01,2001-02,2
alexaco02,Courtney Alexander,NOP,New Orleans Pelicans,NOH,2002-03,2002-03,1
simsco01,Courtney Sims,IND,Indiana Pacers,IND,2007-08,2007-08,1
simsco01,Courtney Sims,PHX,Phoenix Suns,PHO,2008-09,2008-09,1
simsco01,Courtney Sims,NYK,New York Knicks,NYK,2008-09,2008-09,1
nealcr01,Craig Neal,POR,Portland Trail Blazers,POR,1988-89,1988-89,1
nealcr01,Craig Neal,MIA,Miami Heat,MIA,1988-89,1988-89,1
nealcr01,Craig Neal,DEN,Denver Nuggets,DEN,1990-91,1990-91,1
smithcr01,Craig Smith,MIN,Minnesota Timberwolves,MIN,2006-07,2008-09,3
smithcr01,Craig Smith,LAC,LA Clippers,LAC,2009-10,2010-11,2
smithcr01,Craig Smith,POR,Portland Trail Blazers,POR,2011-12,2011-12,1
whitedj01,D.J. White,OKC,Oklahoma City Thunder,OKC,2008-09,2010-11,3
whitedj01,D.J. White,CHA,Charlotte Hornets,CHA,2010-11,2013-14,3
whitedj01,D.J. White,BOS,Boston Celtics,BOS,2012-13,2012-13,1
summeda01,DaJuan Summers,DET,Detroit Pistons,DET,2009-10,2010-11,2
summeda01,DaJuan Summers,NOP,New Orleans Pelicans,NOH,2011-12,2011-12,1
summeda01,DaJuan Summers,LAC,LA Clippers,LAC,2012-13,2012-13,1
leeda03,Damion Lee,ATL,Atlanta Hawks,ATL,2017-18,2017-18,1
leeda03,Damion Lee,GSW,Golden State Warriors,GSW,2018-19,2021-22,4
leeda03,Damion Lee,PHX,Phoenix Suns,PHO,2022-23,2024-25,2
rudezda01,Damjan Rudež,IND,Indiana Pacers,IND,2014-15,2014-15,1
rudezda01,Damjan Rudež,MIN,Minnesota Timberwolves,MIN,2015-16,2015-16,1
rudezda01,Damjan Rudež,ORL,Orlando Magic,ORL,2016-17,2016-17,1
majerda01,Dan Majerle,PHX,Phoenix Suns,PHO,1988-89,2001-02,8
majerda01,Dan Majerle,CLE,Cleveland Cavaliers,CLE,1995-96,1995-96,1
majerda01,Dan Majerle,MIA,Miami Heat,MIA,1996-97,2000-01,5
roundda01,Dan Roundfield,ATL,Atlanta Hawks,ATL,1979-80,1983-84,5
roundda01,Dan Roundfield,DET,Detroit Pistons,DET,1984-85,1984-85,1
roundda01,Dan Roundfield,WAS,Washington Wizards,WSB,1985-86,1986-87,2
gaffoda01,Daniel Gafford,CHI,Chicago Bulls,CHI,2019-20,2020-21,2
gaffoda01,Daniel Gafford,WAS,Washington Wizards,WAS,2020-21,2023-24,4
gaffoda01,Daniel Gafford,DAL,Dallas Mavericks,DAL,2023-24,2025-26,3
ortonda01,Daniel Orton,ORL,Orlando Magic,ORL,2011-12,2011-12,1
ortonda01,Daniel Orton,OKC,Oklahoma City Thunder,OKC,2012-13,2012-13,1
ortonda01,Daniel Orton,PHI,Philadelphia 76ers,PHI,2013-14,2013-14,1
grangda01,Danny Granger,IND,Indiana Pacers,IND,2005-06,2013-14,9
grangda01,Danny Granger,LAC,LA Clippers,LAC,2013-14,2013-14,1
grangda01,Danny Granger,MIA,Miami Heat,MIA,2014-15,2014-15,1
exumda01,Danté Exum,UTA,Utah Jazz,UTA,2014-15,2019-20,5
exumda01,Danté Exum,CLE,Cleveland Cavaliers,CLE,2019-20,2020-21,2
exumda01,Danté Exum,DAL,Dallas Mavericks,DAL,2023-24,2024-25,2
jacksda01,Darnell Jackson,CLE,Cleveland Cavaliers,CLE,2008-09,2009-10,2
jacksda01,Darnell Jackson,MIL,Milwaukee Bucks,MIL,2009-10,2009-10,1
jacksda01,Darnell Jackson,SAC,Sacramento Kings,SAC,2010-11,2010-11,1
valenda01,Darnell Valentine,POR,Portland Trail Blazers,POR,1981-82,1985-86,5
valenda01,Darnell Valentine,LAC,LA Clippers,LAC,1985-86,1987-88,3
valenda01,Darnell Valentine,CLE,Cleveland Cavaliers,CLE,1988-89,1990-91,2
dayeda01,Darren Daye,WAS,Washington Wizards,WSB,1983-84,1985-86,3
dayeda01,Darren Daye,CHI,Chicago Bulls,CHI,1986-87,1986-87,1
dayeda01,Darren Daye,BOS,Boston Celtics,BOS,1986-87,1987-88,2
tillida01,Darren Tillis,BOS,Boston Celtics,BOS,1982-83,1982-83,1
tillida01,Darren Tillis,CLE,Cleveland Cavaliers,CLE,1982-83,1982-83,1
tillida01,Darren Tillis,GSW,Golden State Warriors,GSW,1983-84,1983-84,1
jamerda01,Dave Jamerson,HOU,Houston Rockets,HOU,1990-91,1991-92,2
jamerda01,Dave Jamerson,UTA,Utah Jazz,UTA,1993-94,1993-94,1
jamerda01,Dave Jamerson,BKN,Brooklyn Nets,NJN,1993-94,1993-94,1
anderda03,David Andersen,HOU,Houston Rockets,HOU,2009-10,2009-10,1
anderda03,David Andersen,TOR,Toronto Raptors,TOR,2010-11,2010-11,1
anderda03,David Andersen,NOP,New Orleans Pelicans,NOH,2010-11,2010-11,1
benoida01,David Benoit,UTA,Utah Jazz,UTA,1991-92,2000-01,6
benoida01,David Benoit,BKN,Brooklyn Nets,NJN,1997-98,1997-98,1
benoida01,David Benoit,ORL,Orlando Magic,ORL,1997-98,1997-98,1
mitchda01,Davion Mitchell,SAC,Sacramento Kings,SAC,2021-22,2023-24,3
mitchda01,Davion Mitchell,TOR,Toronto Raptors,TOR,2024-25,2024-25,1
mitchda01,Davion Mitchell,MIA,Miami Heat,MIA,2024-25,2025-26,2
huntede01,De'Andre Hunter,ATL,Atlanta Hawks,ATL,2019-20,2024-25,6
huntede01,De'Andre Hunter,CLE,Cleveland Cavaliers,CLE,2024-25,2025-26,2
huntede01,De'Andre Hunter,SAC,Sacramento Kings,SAC,2025-26,2025-26,1
blairde01,DeJuan Blair,SAS,San Antonio Spurs,SAS,2009-10,2012-13,4
blairde01,DeJuan Blair,DAL,Dallas Mavericks,DAL,2013-14,2013-14,1
blairde01,DeJuan Blair,WAS,Washington Wizards,WAS,2014-15,2015-16,2
garrede01,Dean Garrett,MIN,Minnesota Timberwolves,MIN,1996-97,2001-02,5
garrede01,Dean Garrett,DEN,Denver Nuggets,DEN,1997-98,1997-98,1
garrede01,Dean Garrett,GSW,Golden State Warriors,GSW,2001-02,2001-02,1
aytonde01,Deandre Ayton,PHX,Phoenix Suns,PHO,2018-19,2022-23,5
aytonde01,Deandre Ayton,POR,Portland Trail Blazers,POR,2023-24,2024-25,2
aytonde01,Deandre Ayton,LAL,Los Angeles Lakers,LAL,2025-26,2025-26,1
brownde01,Dee Brown,BOS,Boston Celtics,BOS,1990-91,1997-98,8
brownde01,Dee Brown,TOR,Toronto Raptors,TOR,1997-98,1999-00,3
brownde01,Dee Brown,ORL,Orlando Magic,ORL,2000-01,2001-02,2
brownde03,Dee Brown,UTA,Utah Jazz,UTA,2006-07,2006-07,1
brownde03,Dee Brown,WAS,Washington Wizards,WAS,2008-09,2008-09,1
brownde03,Dee Brown,PHX,Phoenix Suns,PHO,2008-09,2008-09,1
murrade01,Dejounte Murray,SAS,San Antonio Spurs,SAS,2016-17,2021-22,5
murrade01,Dejounte Murray,ATL,Atlanta Hawks,ATL,2022-23,2023-24,2
murrade01,Dejounte Murray,NOP,New Orleans Pelicans,NOP,2024-25,2025-26,2
dempsde01,Dell Demps,GSW,Golden State Warriors,GSW,1993-94,1993-94,1
dempsde01,Dell Demps,SAS,San Antonio Spurs,SAS,1995-96,1995-96,1
dempsde01,Dell Demps,ORL,Orlando Magic,ORL,1996-97,1996-97,1
nichode01,Demetris Nichols,CLE,Cleveland Cavaliers,CLE,2007-08,2007-08,1
nichode01,Demetris Nichols,CHI,Chicago Bulls,CHI,2007-08,2008-09,2
nichode01,Demetris Nichols,NYK,New York Knicks,NYK,2008-09,2008-09,1
jacksde01,Demetrius Jackson,BOS,Boston Celtics,BOS,2016-17,2016-17,1
jacksde01,Demetrius Jackson,HOU,Houston Rockets,HOU,2017-18,2017-18,1
jacksde01,Demetrius Jackson,PHI,Philadelphia 76ers,PHI,2017-18,2018-19,2
awtrede01,Dennis Awtrey,CHI,Chicago Bulls,CHI,1979-80,1979-80,1
awtrede01,Dennis Awtrey,OKC,Oklahoma City Thunder,SEA,1980-81,1980-81,1
awtrede01,Dennis Awtrey,POR,Portland Trail Blazers,POR,1981-82,1981-82,1
hopsode01,Dennis Hopson,BKN,Brooklyn Nets,NJN,1987-88,1989-90,3
hopsode01,Dennis Hopson,CHI,Chicago Bulls,CHI,1990-91,1991-92,2
hopsode01,Dennis Hopson,SAC,Sacramento Kings,SAC,1991-92,1991-92,1
johnsde01,Dennis Johnson,OKC,Oklahoma City Thunder,SEA,1979-80,1979-80,1
johnsde01,Dennis Johnson,PHX,Phoenix Suns,PHO,1980-81,1982-83,3
johnsde01,Dennis Johnson,BOS,Boston Celtics,BOS,1983-84,1989-90,7
valende01,Denzel Valentine,CHI,Chicago Bulls,CHI,2016-17,2020-21,4
valende01,Denzel Valentine,CLE,Cleveland Cavaliers,CLE,2021-22,2021-22,1
valende01,Denzel Valentine,UTA,Utah Jazz,UTA,2021-22,2021-22,1
mckeyde01,Derrick McKey,OKC,Oklahoma City Thunder,SEA,1987-88,1992-93,6
mckeyde01,Derrick McKey,IND,Indiana Pacers,IND,1993-94,2000-01,8
mckeyde01,Derrick McKey,PHI,Philadelphia 76ers,PHI,2001-02,2001-02,1
waltode01,Derrick Walton,MIA,Miami Heat,MIA,2017-18,2017-18,1
waltode01,Derrick Walton,LAC,LA Clippers,LAC,2019-20,2019-20,1
waltode01,Derrick Walton,DET,Detroit Pistons,DET,2019-20,2021-22,2
georgde01,Devean George,LAL,Los Angeles Lakers,LAL,1999-00,2005-06,7
georgde01,Devean George,DAL,Dallas Mavericks,DAL,2006-07,2008-09,3
georgde01,Devean George,GSW,Golden State Warriors,GSW,2009-10,2009-10,1
grayde01,Devin Gray,SAC,Sacramento Kings,SAC,1996-97,1996-97,1
grayde01,Devin Gray,SAS,San Antonio Spurs,SAS,1996-97,1996-97,1
grayde01,Devin Gray,HOU,Houston Rockets,HOU,1999-00,1999-00,1
grahade01,Devonte' Graham,CHA,Charlotte Hornets,CHO,2018-19,2020-21,3
grahade01,Devonte' Graham,NOP,New Orleans Pelicans,NOP,2021-22,2022-23,2
grahade01,Devonte' Graham,SAS,San Antonio Spurs,SAS,2022-23,2023-24,2
pittmde01,Dexter Pittman,MIA,Miami Heat,MIA,2010-11,2012-13,3
pittmde01,Dexter Pittman,MEM,Memphis Grizzlies,MEM,2012-13,2012-13,1
pittmde01,Dexter Pittman,ATL,Atlanta Hawks,ATL,2013-14,2013-14,1
simpkdi01,Dickey Simpkins,CHI,Chicago Bulls,CHI,1994-95,1999-00,6
simpkdi01,Dickey Simpkins,GSW,Golden State Warriors,GSW,1997-98,1997-98,1
simpkdi01,Dickey Simpkins,ATL,Atlanta Hawks,ATL,2001-02,2001-02,1
brookdi01,Dillon Brooks,MEM,Memphis Grizzlies,MEM,2017-18,2022-23,6
brookdi01,Dillon Brooks,HOU,Houston Rockets,HOU,2023-24,2024-25,2
brookdi01,Dillon Brooks,PHX,Phoenix Suns,PHO,2025-26,2025-26,1
glovedi01,Dion Glover,ATL,Atlanta Hawks,ATL,1999-00,2003-04,5
glovedi01,Dion Glover,TOR,Toronto Raptors,TOR,2003-04,2003-04,1
glovedi01,Dion Glover,SAS,San Antonio Spurs,SAS,2004-05,2004-05,1
sabondo01,Domantas Sabonis,OKC,Oklahoma City Thunder,OKC,2016-17,2016-17,1
sabondo01,Domantas Sabonis,IND,Indiana Pacers,IND,2017-18,2021-22,5
sabondo01,Domantas Sabonis,SAC,Sacramento Kings,SAC,2021-22,2025-26,5
barlodo01,Dominick Barlow,SAS,San Antonio Spurs,SAS,2022-23,2023-24,2
barlodo01,Dominick Barlow,ATL,Atlanta Hawks,ATL,2024-25,2024-25,1
barlodo01,Dominick Barlow,PHI,Philadelphia 76ers,PHI,2025-26,2025-26,1
reiddo01,Don Reid,DET,Detroit Pistons,DET,1995-96,2002-03,6
reiddo01,Don Reid,WAS,Washington Wizards,WAS,1999-00,1999-00,1
reiddo01,Don Reid,ORL,Orlando Magic,ORL,2000-01,2001-02,2
motiedo01,Donatas Motiejūnas,HOU,Houston Rockets,HOU,2012-13,2015-16,4
motiedo01,Donatas Motiejūnas,NOP,New Orleans Pelicans,NOP,2016-17,2016-17,1
motiedo01,Donatas Motiejūnas,SAS,San Antonio Spurs,SAS,2018-19,2018-19,1
halldo01,Donta Hall,DET,Detroit Pistons,DET,2019-20,2019-20,1
halldo01,Donta Hall,BKN,Brooklyn Nets,BRK,2019-20,2019-20,1
halldo01,Donta Hall,ORL,Orlando Magic,ORL,2020-21,2020-21,1
bendedr01,Dragan Bender,PHX,Phoenix Suns,PHO,2016-17,2018-19,3
bendedr01,Dragan Bender,MIL,Milwaukee Bucks,MIL,2019-20,2019-20,1
bendedr01,Dragan Bender,GSW,Golden State Warriors,GSW,2019-20,2019-20,1
barrydr01,Drew Barry,ATL,Atlanta Hawks,ATL,1997-98,1999-00,2
barrydr01,Drew Barry,OKC,Oklahoma City Thunder,SEA,1998-99,1998-99,1
barrydr01,Drew Barry,GSW,Golden State Warriors,GSW,1999-00,1999-00,1
ferredu01,Duane Ferrell,ATL,Atlanta Hawks,ATL,1988-89,1993-94,6
ferredu01,Duane Ferrell,IND,Indiana Pacers,IND,1994-95,1996-97,3
ferredu01,Duane Ferrell,GSW,Golden State Warriors,GSW,1997-98,1998-99,2
buyckdw01,Dwight Buycks,TOR,Toronto Raptors,TOR,2013-14,2013-14,1
buyckdw01,Dwight Buycks,LAL,Los Angeles Lakers,LAL,2014-15,2014-15,1
buyckdw01,Dwight Buycks,DET,Detroit Pistons,DET,2017-18,2017-18,1
jonesdw01,Dwight Jones,HOU,Houston Rockets,HOU,1979-80,1979-80,1
jonesdw01,Dwight Jones,CHI,Chicago Bulls,CHI,1979-80,1982-83,4
jonesdw01,Dwight Jones,LAL,Los Angeles Lakers,LAL,1982-83,1982-83,1
wadedw01,Dwyane Wade,MIA,Miami Heat,MIA,2003-04,2018-19,15
wadedw01,Dwyane Wade,CHI,Chicago Bulls,CHI,2016-17,2016-17,1
wadedw01,Dwyane Wade,CLE,Cleveland Cavaliers,CLE,2017-18,2017-18,1
liddeej01,E.J. Liddell,NOP,New Orleans Pelicans,NOP,2023-24,2023-24,1
liddeej01,E.J. Liddell,CHI,Chicago Bulls,CHI,2024-25,2024-25,1
liddeej01,E.J. Liddell,BKN,Brooklyn Nets,BRK,2025-26,2025-26,1
johnsed02,Eddie Johnson,ATL,Atlanta Hawks,ATL,1979-80,1985-86,7
johnsed02,Eddie Johnson,CLE,Cleveland Cavaliers,CLE,1985-86,1985-86,1
johnsed02,Eddie Johnson,OKC,Oklahoma City Thunder,SEA,1986-87,1986-87,1
jordaed01,Eddie Jordan,BKN,Brooklyn Nets,NJN,1979-80,1980-81,2
jordaed01,Eddie Jordan,LAL,Los Angeles Lakers,LAL,1980-81,1983-84,4
jordaed01,Eddie Jordan,POR,Portland Trail Blazers,POR,1983-84,1983-84,1
turneel01,Elston Turner,DAL,Dallas Mavericks,DAL,1981-82,1983-84,3
turneel01,Elston Turner,DEN,Denver Nuggets,DEN,1984-85,1988-89,3
turneel01,Elston Turner,CHI,Chicago Bulls,CHI,1986-87,1987-88,2
davisem01,Emanual Davis,HOU,Houston Rockets,HOU,1996-97,1997-98,2
davisem01,Emanual Davis,OKC,Oklahoma City Thunder,SEA,1999-00,2000-01,2
davisem01,Emanual Davis,ATL,Atlanta Hawks,ATL,2001-02,2002-03,2
okafoem01,Emeka Okafor,CHA,Charlotte Hornets,CHA,2004-05,2008-09,5
okafoem01,Emeka Okafor,NOP,New Orleans Pelicans,"NOH,NOP",2009-10,2017-18,4
okafoem01,Emeka Okafor,WAS,Washington Wizards,WAS,2012-13,2012-13,1
snower01,Eric Snow,OKC,Oklahoma City Thunder,SEA,1995-96,1997-98,3
snower01,Eric Snow,PHI,Philadelphia 76ers,PHI,1997-98,2003-04,7
snower01,Eric Snow,CLE,Cleveland Cavaliers,CLE,2004-05,2007-08,4
thomaet01,Etan Thomas,WAS,Washington Wizards,WAS,2001-02,2008-09,7
thomaet01,Etan Thomas,OKC,Oklahoma City Thunder,OKC,2009-10,2009-10,1
thomaet01,Etan Thomas,ATL,Atlanta Hawks,ATL,2010-11,2010-11,1
obertfa01,Fabricio Oberto,SAS,San Antonio Spurs,SAS,2005-06,2008-09,4
obertfa01,Fabricio Oberto,WAS,Washington Wizards,WAS,2009-10,2009-10,1
obertfa01,Fabricio Oberto,POR,Portland Trail Blazers,POR,2010-11,2010-11,1
leverfa01,Fat Lever,POR,Portland Trail Blazers,POR,1982-83,1983-84,2
leverfa01,Fat Lever,DEN,Denver Nuggets,DEN,1984-85,1989-90,6
leverfa01,Fat Lever,DAL,Dallas Mavericks,DAL,1990-91,1993-94,3
lopezfe01,Felipe López,MEM,Memphis Grizzlies,VAN,1998-99,1999-00,2
lopezfe01,Felipe López,WAS,Washington Wizards,WAS,2000-01,2000-01,1
lopezfe01,Felipe López,MIN,Minnesota Timberwolves,MIN,2000-01,2001-02,2
jacksfr01,Frank Jackson,NOP,New Orleans Pelicans,NOP,2018-19,2019-20,2
jacksfr01,Frank Jackson,DET,Detroit Pistons,DET,2020-21,2021-22,2
jacksfr01,Frank Jackson,UTA,Utah Jazz,UTA,2022-23,2022-23,1
johnsfr01,Frank Johnson,WAS,Washington Wizards,WSB,1981-82,1987-88,7
johnsfr01,Frank Johnson,HOU,Houston Rockets,HOU,1988-89,1988-89,1
johnsfr01,Frank Johnson,PHX,Phoenix Suns,PHO,1992-93,1993-94,2
masonfr01,Frank Mason III,SAC,Sacramento Kings,SAC,2017-18,2018-19,2
masonfr01,Frank Mason III,MIL,Milwaukee Bucks,MIL,2019-20,2019-20,1
masonfr01,Frank Mason III,ORL,Orlando Magic,ORL,2020-21,2020-21,1
ntilila01,Frank Ntilikina,NYK,New York Knicks,NYK,2017-18,2020-21,4
ntilila01,Frank Ntilikina,DAL,Dallas Mavericks,DAL,2021-22,2022-23,2
ntilila01,Frank Ntilikina,CHA,Charlotte Hornets,CHO,2023-24,2023-24,1
edwarfr01,Franklin Edwards,PHI,Philadelphia 76ers,PHI,1981-82,1983-84,3
edwarfr01,Franklin Edwards,LAC,LA Clippers,LAC,1984-85,1985-86,2
edwarfr01,Franklin Edwards,SAC,Sacramento Kings,SAC,1986-87,1987-88,2
hoibefr01,Fred Hoiberg,IND,Indiana Pacers,IND,1995-96,1998-99,4
hoibefr01,Fred Hoiberg,CHI,Chicago Bulls,CHI,1999-00,2002-03,4
hoibefr01,Fred Hoiberg,MIN,Minnesota Timberwolves,MIN,2003-04,2004-05,2
vincega01,Gabe Vincent,MIA,Miami Heat,MIA,2019-20,2022-23,4
vincega01,Gabe Vincent,LAL,Los Angeles Lakers,LAL,2023-24,2025-26,3
vincega01,Gabe Vincent,ATL,Atlanta Hawks,ATL,2025-26,2025-26,1
harriga01,Gary Harris,DEN,Denver Nuggets,DEN,2014-15,2020-21,7
harriga01,Gary Harris,ORL,Orlando Magic,ORL,2020-21,2024-25,5
harriga01,Gary Harris,MIL,Milwaukee Bucks,MIL,2025-26,2025-26,1
trentga02,Gary Trent Jr.,POR,Portland Trail Blazers,POR,2018-19,2020-21,3
trentga02,Gary Trent Jr.,TOR,Toronto Raptors,TOR,2020-21,2023-24,4
trentga02,Gary Trent Jr.,MIL,Milwaukee Bucks,MIL,2024-25,2025-26,2
zidekge01,George Zídek,CHA,Charlotte Hornets,CHH,1995-96,1996-97,2
zidekge01,George Zídek,DEN,Denver Nuggets,DEN,1996-97,1997-98,2
zidekge01,George Zídek,OKC,Oklahoma City Thunder,SEA,1997-98,1997-98,1
hendege02,Gerald Henderson,CHA,Charlotte Hornets,"CHA,CHO",2009-10,2014-15,6
hendege02,Gerald Henderson,POR,Portland Trail Blazers,POR,2015-16,2015-16,1
hendege02,Gerald Henderson,PHI,Philadelphia 76ers,PHI,2016-17,2016-17,1
davisgl01,Glen Davis,BOS,Boston Celtics,BOS,2007-08,2010-11,4
davisgl01,Glen Davis,ORL,Orlando Magic,ORL,2011-12,2013-14,3
davisgl01,Glen Davis,LAC,LA Clippers,LAC,2013-14,2014-15,2
willigr01,Grant Williams,BOS,Boston Celtics,BOS,2019-20,2022-23,4
willigr01,Grant Williams,DAL,Dallas Mavericks,DAL,2023-24,2023-24,1
willigr01,Grant Williams,CHA,Charlotte Hornets,CHO,2023-24,2025-26,3
waitegr01,Granville Waiters,IND,Indiana Pacers,IND,1983-84,1984-85,2
waitegr01,Granville Waiters,HOU,Houston Rockets,HOU,1985-86,1985-86,1
waitegr01,Granville Waiters,CHI,Chicago Bulls,CHI,1986-87,1987-88,2
ballagr01,Greg Ballard,WAS,Washington Wizards,WSB,1979-80,1984-85,6
ballagr01,Greg Ballard,GSW,Golden State Warriors,GSW,1985-86,1986-87,2
ballagr01,Greg Ballard,OKC,Oklahoma City Thunder,SEA,1988-89,1988-89,1
dreilgr01,Greg Dreiling,IND,Indiana Pacers,IND,1986-87,1992-93,7
dreilgr01,Greg Dreiling,DAL,Dallas Mavericks,DAL,1993-94,1996-97,2
dreilgr01,Greg Dreiling,CLE,Cleveland Cavaliers,CLE,1994-95,1994-95,1
smithgr02,Greg Smith,HOU,Houston Rockets,HOU,2011-12,2013-14,3
smithgr02,Greg Smith,DAL,Dallas Mavericks,DAL,2014-15,2014-15,1
smithgr02,Greg Smith,MIN,Minnesota Timberwolves,MIN,2015-16,2015-16,1
suttogr01,Greg Sutton,SAS,San Antonio Spurs,SAS,1991-92,1991-92,1
suttogr01,Greg Sutton,CHA,Charlotte Hornets,CHH,1994-95,1995-96,2
suttogr01,Greg Sutton,PHI,Philadelphia 76ers,PHI,1995-96,1995-96,1
willigu01,Gus Williams,OKC,Oklahoma City Thunder,SEA,1979-80,1983-84,4
willigu01,Gus Williams,WAS,Washington Wizards,WSB,1984-85,1985-86,2
willigu01,Gus Williams,ATL,Atlanta Hawks,ATL,1986-87,1986-87,1
diallha01,Hamidou Diallo,OKC,Oklahoma City Thunder,OKC,2018-19,2020-21,3
diallha01,Hamidou Diallo,DET,Detroit Pistons,DET,2020-21,2022-23,3
diallha01,Hamidou Diallo,WAS,Washington Wizards,WAS,2023-24,2023-24,1
grantha01,Harvey Grant,WAS,Washington Wizards,"WAS,WSB",1988-89,1997-98,7
grantha01,Harvey Grant,POR,Portland Trail Blazers,POR,1993-94,1995-96,3
grantha01,Harvey Grant,PHI,Philadelphia 76ers,PHI,1998-99,1998-99,1
highsha01,Haywood Highsmith,PHI,Philadelphia 76ers,PHI,2018-19,2018-19,1
highsha01,Haywood Highsmith,MIA,Miami Heat,MIA,2021-22,2024-25,4
highsha01,Haywood Highsmith,PHX,Phoenix Suns,PHO,2025-26,2025-26,1
walkebi01,Henry Walker,BOS,Boston Celtics,BOS,2008-09,2009-10,2
walkebi01,Henry Walker,NYK,New York Knicks,NYK,2009-10,2011-12,3
walkebi01,Henry Walker,MIA,Miami Heat,MIA,2014-15,2014-15,1
williho01,Hot Rod Williams,CLE,Cleveland Cavaliers,CLE,1986-87,1994-95,9
williho01,Hot Rod Williams,PHX,Phoenix Suns,PHO,1995-96,1997-98,3
williho01,Hot Rod Williams,DAL,Dallas Mavericks,DAL,1998-99,1998-99,1
wrighho02,Howard Wright,ATL,Atlanta Hawks,ATL,1990-91,1990-91,1
wrighho02,Howard Wright,ORL,Orlando Magic,ORL,1990-91,1992-93,2
wrighho02,Howard Wright,DAL,Dallas Mavericks,DAL,1990-91,1990-91,1
brazdig01,Ignas Brazdeikis,NYK,New York Knicks,NYK,2019-20,2020-21,2
brazdig01,Ignas Brazdeikis,PHI,Philadelphia 76ers,PHI,2020-21,2020-21,1
brazdig01,Ignas Brazdeikis,ORL,Orlando Magic,ORL,2020-21,2021-22,2
bongais01,Isaac Bonga,LAL,Los Angeles Lakers,LAL,2018-19,2018-19,1
bongais01,Isaac Bonga,WAS,Washington Wizards,WAS,2019-20,2020-21,2
bongais01,Isaac Bonga,TOR,Toronto Raptors,TOR,2021-22,2021-22,1
newbiiv01,Ivano Newbill,DET,Detroit Pistons,DET,1994-95,1994-95,1
newbiiv01,Ivano Newbill,ATL,Atlanta Hawks,ATL,1996-97,1996-97,1
newbiiv01,Ivano Newbill,MEM,Memphis Grizzlies,VAN,1997-98,1997-98,1
zubaciv01,Ivica Zubac,LAL,Los Angeles Lakers,LAL,2016-17,2018-19,3
zubaciv01,Ivica Zubac,LAC,LA Clippers,LAC,2018-19,2025-26,8
zubaciv01,Ivica Zubac,IND,Indiana Pacers,IND,2025-26,2025-26,1
bremejr01,J.R. Bremer,BOS,Boston Celtics,BOS,2002-03,2002-03,1
bremejr01,J.R. Bremer,CLE,Cleveland Cavaliers,CLE,2003-04,2003-04,1
bremejr01,J.R. Bremer,GSW,Golden State Warriors,GSW,2003-04,2003-04,1
thorjt01,JT Thor,CHA,Charlotte Hornets,CHO,2021-22,2023-24,3
thorjt01,JT Thor,CLE,Cleveland Cavaliers,CLE,2024-25,2024-25,1
thorjt01,JT Thor,WAS,Washington Wizards,WAS,2024-25,2024-25,1
smithja01,Jabari Smith,SAC,Sacramento Kings,SAC,2000-01,2003-04,3
smithja01,Jabari Smith,PHI,Philadelphia 76ers,PHI,2001-02,2001-02,1
smithja01,Jabari Smith,BKN,Brooklyn Nets,NJN,2004-05,2004-05,1
sprinja01,Jaden Springer,PHI,Philadelphia 76ers,PHI,2021-22,2023-24,3
sprinja01,Jaden Springer,BOS,Boston Celtics,BOS,2023-24,2024-25,2
sprinja01,Jaden Springer,UTA,Utah Jazz,UTA,2024-25,2024-25,1
whiteja01,Jahidi White,WAS,Washington Wizards,WAS,1998-99,2003-04,6
whiteja01,Jahidi White,PHX,Phoenix Suns,PHO,2003-04,2003-04,1
whiteja01,Jahidi White,CHA,Charlotte Hornets,CHA,2004-05,2004-05,1
laravja01,Jake LaRavia,MEM,Memphis Grizzlies,MEM,2022-23,2024-25,3
laravja01,Jake LaRavia,SAC,Sacramento Kings,SAC,2024-25,2024-25,1
laravja01,Jake LaRavia,LAL,Los Angeles Lakers,LAL,2025-26,2025-26,1
tsakaja01,Jake Tsakalidis,PHX,Phoenix Suns,PHO,2000-01,2002-03,3
tsakaja01,Jake Tsakalidis,MEM,Memphis Grizzlies,MEM,2003-04,2006-07,4
tsakaja01,Jake Tsakalidis,HOU,Houston Rockets,HOU,2006-07,2006-07,1
jonesja04,Jalen Jones,NOP,New Orleans Pelicans,NOP,2017-18,2017-18,1
jonesja04,Jalen Jones,DAL,Dallas Mavericks,DAL,2017-18,2017-18,1
jonesja04,Jalen Jones,CLE,Cleveland Cavaliers,CLE,2018-19,2018-19,1
smithja04,Jalen Smith,PHX,Phoenix Suns,PHO,2020-21,2021-22,2
smithja04,Jalen Smith,IND,Indiana Pacers,IND,2021-22,2023-24,3
smithja04,Jalen Smith,CHI,Chicago Bulls,CHI,2024-25,2025-26,2
tinslja01,Jamaal Tinsley,IND,Indiana Pacers,IND,2001-02,2007-08,7
tinslja01,Jamaal Tinsley,MEM,Memphis Grizzlies,MEM,2009-10,2009-10,1
tinslja01,Jamaal Tinsley,UTA,Utah Jazz,UTA,2011-12,2013-14,3
cainja01,Jamal Cain,MIA,Miami Heat,MIA,2022-23,2023-24,2
cainja01,Jamal Cain,NOP,New Orleans Pelicans,NOP,2024-25,2024-25,1
cainja01,Jamal Cain,ORL,Orlando Magic,ORL,2025-26,2025-26,1
thomaja01,Jamel Thomas,BOS,Boston Celtics,BOS,1999-00,1999-00,1
thomaja01,Jamel Thomas,GSW,Golden State Warriors,GSW,1999-00,1999-00,1
thomaja01,Jamel Thomas,BKN,Brooklyn Nets,NJN,2000-01,2000-01,1
singlja01,James Singleton,LAC,LA Clippers,LAC,2005-06,2006-07,2
singlja01,James Singleton,DAL,Dallas Mavericks,DAL,2008-09,2009-10,2
singlja01,James Singleton,WAS,Washington Wizards,WAS,2009-10,2011-12,2
whiteja02,James White,SAS,San Antonio Spurs,SAS,2006-07,2006-07,1
whiteja02,James White,HOU,Houston Rockets,HOU,2008-09,2008-09,1
whiteja02,James White,NYK,New York Knicks,NYK,2012-13,2012-13,1
wisemja01,James Wiseman,GSW,Golden State Warriors,GSW,2020-21,2022-23,2
wisemja01,James Wiseman,DET,Detroit Pistons,DET,2022-23,2023-24,2
wisemja01,James Wiseman,IND,Indiana Pacers,IND,2024-25,2025-26,2
watsoja01,Jamie Watson,UTA,Utah Jazz,UTA,1994-95,1996-97,3
watsoja01,Jamie Watson,DAL,Dallas Mavericks,DAL,1996-97,1996-97,1
watsoja01,Jamie Watson,MIA,Miami Heat,MIA,1998-99,1998-99,1
harpeja01,Jared Harper,PHX,Phoenix Suns,PHO,2019-20,2019-20,1
harpeja01,Jared Harper,NYK,New York Knicks,NYK,2020-21,2020-21,1
harpeja01,Jared Harper,NOP,New Orleans Pelicans,NOP,2021-22,2021-22,1
rhodeja01,Jared Rhoden,DET,Detroit Pistons,DET,2022-23,2023-24,2
rhodeja01,Jared Rhoden,CHA,Charlotte Hornets,CHO,2024-25,2024-25,1
rhodeja01,Jared Rhoden,TOR,Toronto Raptors,TOR,2024-25,2024-25,1
stokeja01,Jarnell Stokes,MEM,Memphis Grizzlies,MEM,2014-15,2015-16,2
stokeja01,Jarnell Stokes,MIA,Miami Heat,MIA,2015-16,2015-16,1
stokeja01,Jarnell Stokes,DEN,Denver Nuggets,DEN,2016-17,2016-17,1
culveja01,Jarrett Culver,MIN,Minnesota Timberwolves,MIN,2019-20,2020-21,2
culveja01,Jarrett Culver,MEM,Memphis Grizzlies,MEM,2021-22,2021-22,1
culveja01,Jarrett Culver,ATL,Atlanta Hawks,ATL,2022-23,2022-23,1
uthofja01,Jarrod Uthoff,DAL,Dallas Mavericks,DAL,2016-17,2016-17,1
uthofja01,Jarrod Uthoff,MEM,Memphis Grizzlies,MEM,2019-20,2019-20,1
uthofja01,Jarrod Uthoff,WAS,Washington Wizards,WAS,2019-20,2019-20,1
hayesja01,Jarvis Hayes,WAS,Washington Wizards,WAS,2003-04,2006-07,4
hayesja01,Jarvis Hayes,DET,Detroit Pistons,DET,2007-08,2007-08,1
hayesja01,Jarvis Hayes,BKN,Brooklyn Nets,NJN,2008-09,2009-10,2
caffeja01,Jason Caffey,CHI,Chicago Bulls,CHI,1995-96,1997-98,3
caffeja01,Jason Caffey,GSW,Golden State Warriors,GSW,1997-98,1999-00,3
caffeja01,Jason Caffey,MIL,Milwaukee Bucks,MIL,2000-01,2002-03,3
maxieja01,Jason Maxiell,DET,Detroit Pistons,DET,2005-06,2012-13,8
maxieja01,Jason Maxiell,ORL,Orlando Magic,ORL,2013-14,2013-14,1
maxieja01,Jason Maxiell,CHA,Charlotte Hornets,CHO,2014-15,2014-15,1
sasseja01,Jason Sasser,SAS,San Antonio Spurs,SAS,1996-97,1996-97,1
sasseja01,Jason Sasser,DAL,Dallas Mavericks,DAL,1996-97,1996-97,1
sasseja01,Jason Sasser,MEM,Memphis Grizzlies,VAN,1998-99,1998-99,1
thompja02,Jason Thompson,SAC,Sacramento Kings,SAC,2008-09,2014-15,7
thompja02,Jason Thompson,GSW,Golden State Warriors,GSW,2015-16,2015-16,1
thompja02,Jason Thompson,TOR,Toronto Raptors,TOR,2015-16,2015-16,1
crittja01,Javaris Crittenton,LAL,Los Angeles Lakers,LAL,2007-08,2007-08,1
crittja01,Javaris Crittenton,MEM,Memphis Grizzlies,MEM,2007-08,2008-09,2
crittja01,Javaris Crittenton,WAS,Washington Wizards,WAS,2008-09,2008-09,1
smartja01,Javonte Smart,MIL,Milwaukee Bucks,MIL,2021-22,2021-22,1
smartja01,Javonte Smart,MIA,Miami Heat,MIA,2021-22,2021-22,1
smartja01,Javonte Smart,PHI,Philadelphia 76ers,PHI,2023-24,2023-24,1
evansja01,Jawun Evans,LAC,LA Clippers,LAC,2017-18,2017-18,1
evansja01,Jawun Evans,PHX,Phoenix Suns,PHO,2018-19,2018-19,1
evansja01,Jawun Evans,OKC,Oklahoma City Thunder,OKC,2018-19,2018-19,1
morrija01,Jaylen Morris,ATL,Atlanta Hawks,ATL,2017-18,2017-18,1
morrija01,Jaylen Morris,MIL,Milwaukee Bucks,MIL,2018-19,2018-19,1
morrija01,Jaylen Morris,SAS,San Antonio Spurs,SAS,2021-22,2021-22,1
hornaje01,Jeff Hornacek,PHX,Phoenix Suns,PHO,1986-87,1991-92,6
hornaje01,Jeff Hornacek,PHI,Philadelphia 76ers,PHI,1992-93,1993-94,2
hornaje01,Jeff Hornacek,UTA,Utah Jazz,UTA,1993-94,1999-00,7
rulanje01,Jeff Ruland,WAS,Washington Wizards,WSB,1981-82,1985-86,5
rulanje01,Jeff Ruland,PHI,Philadelphia 76ers,PHI,1986-87,1991-92,2
rulanje01,Jeff Ruland,DET,Detroit Pistons,DET,1992-93,1992-93,1
sandeje01,Jeff Sanders,CHI,Chicago Bulls,CHI,1989-90,1989-90,1
sandeje01,Jeff Sanders,CHA,Charlotte Hornets,CHH,1990-91,1990-91,1
sandeje01,Jeff Sanders,ATL,Atlanta Hawks,ATL,1991-92,1992-93,2
witheje01,Jeff Withey,NOP,New Orleans Pelicans,NOP,2013-14,2014-15,2
witheje01,Jeff Withey,UTA,Utah Jazz,UTA,2015-16,2016-17,2
witheje01,Jeff Withey,DAL,Dallas Mavericks,DAL,2017-18,2017-18,1
evansje01,Jeremy Evans,UTA,Utah Jazz,UTA,2010-11,2014-15,5
evansje01,Jeremy Evans,DAL,Dallas Mavericks,DAL,2015-16,2015-16,1
evansje01,Jeremy Evans,ATL,Atlanta Hawks,ATL,2017-18,2017-18,1
tylerje01,Jeremy Tyler,GSW,Golden State Warriors,GSW,2011-12,2012-13,2
tylerje01,Jeremy Tyler,ATL,Atlanta Hawks,ATL,2012-13,2012-13,1
tylerje01,Jeremy Tyler,NYK,New York Knicks,NYK,2013-14,2013-14,1
allenje01,Jerome Allen,MIN,Minnesota Timberwolves,MIN,1995-96,1995-96,1
allenje01,Jerome Allen,IND,Indiana Pacers,IND,1996-97,1996-97,1
allenje01,Jerome Allen,DEN,Denver Nuggets,DEN,1996-97,1996-97,1
jamesje01,Jerome James,SAC,Sacramento Kings,SAC,1998-99,1998-99,1
jamesje01,Jerome James,OKC,Oklahoma City Thunder,SEA,2001-02,2004-05,4
jamesje01,Jerome James,NYK,New York Knicks,NYK,2005-06,2008-09,4
robinje01,Jerome Robinson,LAC,LA Clippers,LAC,2018-19,2019-20,2
robinje01,Jerome Robinson,WAS,Washington Wizards,WAS,2019-20,2020-21,2
robinje01,Jerome Robinson,GSW,Golden State Warriors,GSW,2023-24,2023-24,1
eavesje01,Jerry Eaves,UTA,Utah Jazz,UTA,1982-83,1983-84,2
eavesje01,Jerry Eaves,ATL,Atlanta Hawks,ATL,1984-85,1984-85,1
eavesje01,Jerry Eaves,SAC,Sacramento Kings,SAC,1986-87,1986-87,1
reynoje01,Jerry Reynolds,MIL,Milwaukee Bucks,MIL,1985-86,1995-96,4
reynoje01,Jerry Reynolds,OKC,Oklahoma City Thunder,SEA,1988-89,1988-89,1
reynoje01,Jerry Reynolds,ORL,Orlando Magic,ORL,1989-90,1991-92,3
mcilvji01,Jim McIlvaine,WAS,Washington Wizards,WSB,1994-95,1995-96,2
mcilvji01,Jim McIlvaine,OKC,Oklahoma City Thunder,SEA,1996-97,1997-98,2
mcilvji01,Jim McIlvaine,BKN,Brooklyn Nets,NJN,1998-99,2000-01,3
peterji01,Jim Petersen,HOU,Houston Rockets,HOU,1984-85,1987-88,4
peterji01,Jim Petersen,SAC,Sacramento Kings,SAC,1988-89,1988-89,1
peterji01,Jim Petersen,GSW,Golden State Warriors,GSW,1989-90,1991-92,3
rowinji01,Jim Rowinski,DET,Detroit Pistons,DET,1988-89,1988-89,1
rowinji01,Jim Rowinski,PHI,Philadelphia 76ers,PHI,1988-89,1988-89,1
rowinji01,Jim Rowinski,MIA,Miami Heat,MIA,1989-90,1989-90,1
thomaji01,Jim Thomas,IND,Indiana Pacers,IND,1983-84,1984-85,2
thomaji01,Jim Thomas,LAC,LA Clippers,LAC,1985-86,1985-86,1
thomaji01,Jim Thomas,MIN,Minnesota Timberwolves,MIN,1990-91,1990-91,1
harrijo01,Joe Harris,CLE,Cleveland Cavaliers,CLE,2014-15,2015-16,2
harrijo01,Joe Harris,BKN,Brooklyn Nets,BRK,2016-17,2022-23,7
harrijo01,Joe Harris,DET,Detroit Pistons,DET,2023-24,2023-24,1
hassejo01,Joe Hassett,IND,Indiana Pacers,IND,1979-80,1979-80,1
hassejo01,Joe Hassett,DAL,Dallas Mavericks,DAL,1980-81,1980-81,1
hassejo01,Joe Hassett,GSW,Golden State Warriors,GSW,1980-81,1982-83,3
dorsejo01,Joey Dorsey,HOU,Houston Rockets,HOU,2008-09,2014-15,3
dorsejo01,Joey Dorsey,SAC,Sacramento Kings,SAC,2009-10,2009-10,1
dorsejo01,Joey Dorsey,TOR,Toronto Raptors,TOR,2010-11,2010-11,1
grahajo01,Joey Graham,TOR,Toronto Raptors,TOR,2005-06,2008-09,4
grahajo01,Joey Graham,DEN,Denver Nuggets,DEN,2009-10,2009-10,1
grahajo01,Joey Graham,CLE,Cleveland Cavaliers,CLE,2010-11,2010-11,1
amaecjo01,John Amaechi,CLE,Cleveland Cavaliers,CLE,1995-96,1995-96,1
amaecjo01,John Amaechi,ORL,Orlando Magic,ORL,1999-00,2000-01,2
amaecjo01,John Amaechi,UTA,Utah Jazz,UTA,2001-02,2002-03,2
cokerjo01,John Coker,PHX,Phoenix Suns,PHO,1995-96,1995-96,1
cokerjo01,John Coker,WAS,Washington Wizards,WAS,1998-99,1998-99,1
cokerjo01,John Coker,GSW,Golden State Warriors,GSW,2000-01,2000-01,1
collijo01,John Collins,ATL,Atlanta Hawks,ATL,2017-18,2022-23,6
collijo01,John Collins,UTA,Utah Jazz,UTA,2023-24,2024-25,2
collijo01,John Collins,LAC,LA Clippers,LAC,2025-26,2025-26,1
hensojo01,John Henson,MIL,Milwaukee Bucks,MIL,2012-13,2018-19,7
hensojo01,John Henson,CLE,Cleveland Cavaliers,CLE,2019-20,2019-20,1
hensojo01,John Henson,DET,Detroit Pistons,DET,2019-20,2019-20,1
lambejo01,John Lambert,CLE,Cleveland Cavaliers,CLE,1979-80,1980-81,2
lambejo01,John Lambert,SAC,Sacramento Kings,KCK,1980-81,1981-82,2
lambejo01,John Lambert,SAS,San Antonio Spurs,SAS,1981-82,1981-82,1
shaskjo01,John Shasky,MIA,Miami Heat,MIA,1988-89,1988-89,1
shaskjo01,John Shasky,GSW,Golden State Warriors,GSW,1989-90,1989-90,1
shaskjo01,John Shasky,DAL,Dallas Mavericks,DAL,1990-91,1990-91,1
stroejo01,John Stroeder,MIL,Milwaukee Bucks,MIL,1987-88,1987-88,1
stroejo01,John Stroeder,SAS,San Antonio Spurs,SAS,1988-89,1988-89,1
stroejo01,John Stroeder,GSW,Golden State Warriors,GSW,1988-89,1988-89,1
walljo01,John Wall,WAS,Washington Wizards,WAS,2010-11,2018-19,9
walljo01,John Wall,HOU,Houston Rockets,HOU,2020-21,2020-21,1
walljo01,John Wall,LAC,LA Clippers,LAC,2022-23,2022-23,1
willijo02,John Williams,WAS,Washington Wizards,WSB,1986-87,1990-91,5
willijo02,John Williams,LAC,LA Clippers,LAC,1992-93,1993-94,2
willijo02,John Williams,IND,Indiana Pacers,IND,1994-95,1994-95,1
davisjo01,Johnny Davis,IND,Indiana Pacers,IND,1979-80,1981-82,3
davisjo01,Johnny Davis,ATL,Atlanta Hawks,ATL,1982-83,1985-86,3
davisjo01,Johnny Davis,CLE,Cleveland Cavaliers,CLE,1984-85,1985-86,2
dawkijo01,Johnny Dawkins,SAS,San Antonio Spurs,SAS,1986-87,1988-89,3
dawkijo01,Johnny Dawkins,PHI,Philadelphia 76ers,PHI,1989-90,1993-94,5
dawkijo01,Johnny Dawkins,DET,Detroit Pistons,DET,1994-95,1994-95,1
obryajo01,Johnny O'Bryant,MIL,Milwaukee Bucks,MIL,2014-15,2015-16,2
obryajo01,Johnny O'Bryant,DEN,Denver Nuggets,DEN,2016-17,2016-17,1
obryajo01,Johnny O'Bryant,CHA,Charlotte Hornets,CHO,2016-17,2017-18,2
sundvjo01,Jon Sundvold,OKC,Oklahoma City Thunder,SEA,1983-84,1984-85,2
sundvjo01,Jon Sundvold,SAS,San Antonio Spurs,SAS,1985-86,1987-88,3
sundvjo01,Jon Sundvold,MIA,Miami Heat,MIA,1988-89,1991-92,4
simmojo02,Jonathon Simmons,SAS,San Antonio Spurs,SAS,2015-16,2016-17,2
simmojo02,Jonathon Simmons,ORL,Orlando Magic,ORL,2017-18,2018-19,2
simmojo02,Jonathon Simmons,PHI,Philadelphia 76ers,PHI,2018-19,2018-19,1
flynnjo01,Jonny Flynn,MIN,Minnesota Timberwolves,MIN,2009-10,2010-11,2
flynnjo01,Jonny Flynn,HOU,Houston Rockets,HOU,2011-12,2011-12,1
flynnjo01,Jonny Flynn,POR,Portland Trail Blazers,POR,2011-12,2011-12,1
mclaujo01,Jordan McLaughlin,MIN,Minnesota Timberwolves,MIN,2019-20,2023-24,5
mclaujo01,Jordan McLaughlin,SAC,Sacramento Kings,SAC,2024-25,2024-25,1
mclaujo01,Jordan McLaughlin,SAS,San Antonio Spurs,SAS,2024-25,2025-26,2
nworajo01,Jordan Nwora,MIL,Milwaukee Bucks,MIL,2020-21,2022-23,3
nworajo01,Jordan Nwora,IND,Indiana Pacers,IND,2022-23,2023-24,2
nworajo01,Jordan Nwora,TOR,Toronto Raptors,TOR,2023-24,2023-24,1
poolejo01,Jordan Poole,GSW,Golden State Warriors,GSW,2019-20,2022-23,4
poolejo01,Jordan Poole,WAS,Washington Wizards,WAS,2023-24,2024-25,2
poolejo01,Jordan Poole,NOP,New Orleans Pelicans,NOP,2025-26,2025-26,1
gutiejo01,Jorge Gutiérrez,BKN,Brooklyn Nets,BRK,2013-14,2014-15,2
gutiejo01,Jorge Gutiérrez,MIL,Milwaukee Bucks,MIL,2014-15,2014-15,1
gutiejo01,Jorge Gutiérrez,CHA,Charlotte Hornets,CHO,2015-16,2015-16,1
harrejo01,Josh Harrellson,NYK,New York Knicks,NYK,2011-12,2011-12,1
harrejo01,Josh Harrellson,MIA,Miami Heat,MIA,2012-13,2012-13,1
harrejo01,Josh Harrellson,DET,Detroit Pistons,DET,2013-14,2013-14,1
minotjo01,Josh Minott,MIN,Minnesota Timberwolves,MIN,2022-23,2024-25,3
minotjo01,Josh Minott,BOS,Boston Celtics,BOS,2025-26,2025-26,1
minotjo01,Josh Minott,BKN,Brooklyn Nets,BRK,2025-26,2025-26,1
stoneju01,Julyan Stone,DEN,Denver Nuggets,DEN,2011-12,2012-13,2
stoneju01,Julyan Stone,TOR,Toronto Raptors,TOR,2013-14,2013-14,1
stoneju01,Julyan Stone,CHA,Charlotte Hornets,CHO,2017-18,2017-18,1
harriju01,Junior Harrington,DEN,Denver Nuggets,DEN,2002-03,2002-03,1
harriju01,Junior Harrington,NOP,New Orleans Pelicans,NOH,2004-05,2004-05,1
harriju01,Junior Harrington,MEM,Memphis Grizzlies,MEM,2006-07,2006-07,1
champju01,Justin Champagnie,TOR,Toronto Raptors,TOR,2021-22,2022-23,2
champju01,Justin Champagnie,BOS,Boston Celtics,BOS,2022-23,2022-23,1
champju01,Justin Champagnie,WAS,Washington Wizards,WAS,2023-24,2025-26,3
dentmju01,Justin Dentmon,SAS,San Antonio Spurs,SAS,2011-12,2011-12,1
dentmju01,Justin Dentmon,TOR,Toronto Raptors,TOR,2011-12,2011-12,1
dentmju01,Justin Dentmon,DAL,Dallas Mavericks,DAL,2012-13,2012-13,1
harpeju01,Justin Harper,ORL,Orlando Magic,ORL,2011-12,2011-12,1
harpeju01,Justin Harper,DET,Detroit Pistons,DET,2015-16,2015-16,1
harpeju01,Justin Harper,PHI,Philadelphia 76ers,PHI,2016-17,2016-17,1
morgaju01,Juwan Morgan,UTA,Utah Jazz,UTA,2019-20,2020-21,2
morgaju01,Juwan Morgan,TOR,Toronto Raptors,TOR,2021-22,2021-22,1
morgaju01,Juwan Morgan,BOS,Boston Celtics,BOS,2021-22,2021-22,1
mcdankj01,K.J. McDaniels,PHI,Philadelphia 76ers,PHI,2014-15,2014-15,1
mcdankj01,K.J. McDaniels,HOU,Houston Rockets,HOU,2014-15,2016-17,3
mcdankj01,K.J. McDaniels,BKN,Brooklyn Nets,BRK,2016-17,2016-17,1
joneska01,Kai Jones,CHA,Charlotte Hornets,CHO,2021-22,2022-23,2
joneska01,Kai Jones,LAC,LA Clippers,LAC,2024-25,2024-25,1
joneska01,Kai Jones,DAL,Dallas Mavericks,DAL,2024-25,2024-25,1
dickeka01,Kaniel Dickens,POR,Portland Trail Blazers,POR,2003-04,2003-04,1
dickeka01,Kaniel Dickens,BKN,Brooklyn Nets,NJN,2004-05,2004-05,1
dickeka01,Kaniel Dickens,CLE,Cleveland Cavaliers,CLE,2007-08,2007-08,1
leonaka01,Kawhi Leonard,SAS,San Antonio Spurs,SAS,2011-12,2017-18,7
leonaka01,Kawhi Leonard,TOR,Toronto Raptors,TOR,2018-19,2018-19,1
leonaka01,Kawhi Leonard,LAC,LA Clippers,LAC,2019-20,2025-26,6
feldeka01,Kay Felder,CLE,Cleveland Cavaliers,CLE,2016-17,2016-17,1
feldeka01,Kay Felder,CHI,Chicago Bulls,CHI,2017-18,2017-18,1
feldeka01,Kay Felder,DET,Detroit Pistons,DET,2017-18,2017-18,1
brownke01,Kedrick Brown,BOS,Boston Celtics,BOS,2001-02,2003-04,3
brownke01,Kedrick Brown,CLE,Cleveland Cavaliers,CLE,2003-04,2003-04,1
brownke01,Kedrick Brown,PHI,Philadelphia 76ers,PHI,2004-05,2004-05,1
edmonke01,Keith Edmonson,ATL,Atlanta Hawks,ATL,1982-83,1982-83,1
edmonke01,Keith Edmonson,SAS,San Antonio Spurs,SAS,1983-84,1983-84,1
edmonke01,Keith Edmonson,DEN,Denver Nuggets,DEN,1983-84,1983-84,1
towerke01,Keith Tower,ORL,Orlando Magic,ORL,1993-94,1994-95,2
towerke01,Keith Tower,LAC,LA Clippers,LAC,1995-96,1995-96,1
towerke01,Keith Tower,MIL,Milwaukee Bucks,MIL,1996-97,1996-97,1
martike03,Kelan Martin,MIN,Minnesota Timberwolves,MIN,2019-20,2019-20,1
martike03,Kelan Martin,IND,Indiana Pacers,IND,2020-21,2021-22,2
martike03,Kelan Martin,BOS,Boston Celtics,BOS,2021-22,2021-22,1
tripuke01,Kelly Tripucka,DET,Detroit Pistons,DET,1981-82,1985-86,5
tripuke01,Kelly Tripucka,UTA,Utah Jazz,UTA,1986-87,1987-88,2
tripuke01,Kelly Tripucka,CHA,Charlotte Hornets,CHH,1988-89,1990-91,3
ranseke01,Kelvin Ransey,POR,Portland Trail Blazers,POR,1980-81,1981-82,2
ranseke01,Kelvin Ransey,DAL,Dallas Mavericks,DAL,1982-83,1982-83,1
ranseke01,Kelvin Ransey,BKN,Brooklyn Nets,NJN,1983-84,1985-86,3
normake01,Ken Norman,LAC,LA Clippers,LAC,1987-88,1992-93,6
normake01,Ken Norman,MIL,Milwaukee Bucks,MIL,1993-94,1993-94,1
normake01,Ken Norman,ATL,Atlanta Hawks,ATL,1994-95,1996-97,3
nunnke01,Kendrick Nunn,MIA,Miami Heat,MIA,2019-20,2020-21,2
nunnke01,Kendrick Nunn,LAL,Los Angeles Lakers,LAL,2022-23,2022-23,1
nunnke01,Kendrick Nunn,WAS,Washington Wizards,WAS,2022-23,2022-23,1
farieke01,Kenneth Faried,DEN,Denver Nuggets,DEN,2011-12,2017-18,7
farieke01,Kenneth Faried,BKN,Brooklyn Nets,BRK,2018-19,2018-19,1
farieke01,Kenneth Faried,HOU,Houston Rockets,HOU,2018-19,2018-19,1
loftoke01,Kenneth Lofton Jr.,MEM,Memphis Grizzlies,MEM,2022-23,2023-24,2
loftoke01,Kenneth Lofton Jr.,PHI,Philadelphia 76ers,PHI,2023-24,2023-24,1
loftoke01,Kenneth Lofton Jr.,UTA,Utah Jazz,UTA,2023-24,2023-24,1
gattike01,Kenny Gattison,PHX,Phoenix Suns,PHO,1986-87,1988-89,2
gattike01,Kenny Gattison,CHA,Charlotte Hornets,CHH,1989-90,1994-95,6
gattike01,Kenny Gattison,MEM,Memphis Grizzlies,VAN,1995-96,1995-96,1
nattke01,Kenny Natt,IND,Indiana Pacers,IND,1980-81,1980-81,1
nattke01,Kenny Natt,UTA,Utah Jazz,UTA,1982-83,1984-85,2
nattke01,Kenny Natt,SAC,Sacramento Kings,KCK,1984-85,1984-85,1
thomake01,Kenny Thomas,HOU,Houston Rockets,HOU,1999-00,2002-03,4
thomake01,Kenny Thomas,PHI,Philadelphia 76ers,PHI,2002-03,2004-05,3
thomake01,Kenny Thomas,SAC,Sacramento Kings,SAC,2004-05,2009-10,6
johnske07,Keon Johnson,LAC,LA Clippers,LAC,2021-22,2021-22,1
johnske07,Keon Johnson,POR,Portland Trail Blazers,POR,2021-22,2022-23,2
johnske07,Keon Johnson,BKN,Brooklyn Nets,BRK,2023-24,2024-25,2
edwarke02,Kessler Edwards,BKN,Brooklyn Nets,BRK,2021-22,2022-23,2
edwarke02,Kessler Edwards,SAC,Sacramento Kings,SAC,2022-23,2023-24,2
edwarke02,Kessler Edwards,DAL,Dallas Mavericks,DAL,2024-25,2024-25,1
garneke01,Kevin Garnett,MIN,Minnesota Timberwolves,MIN,1995-96,2015-16,14
garneke01,Kevin Garnett,BOS,Boston Celtics,BOS,2007-08,2012-13,6
garneke01,Kevin Garnett,BKN,Brooklyn Nets,BRK,2013-14,2014-15,2
serapke01,Kevin Séraphin,WAS,Washington Wizards,WAS,2010-11,2014-15,5
serapke01,Kevin Séraphin,NYK,New York Knicks,NYK,2015-16,2015-16,1
serapke01,Kevin Séraphin,IND,Indiana Pacers,IND,2016-17,2016-17,1
hayeski01,Killian Hayes,DET,Detroit Pistons,DET,2020-21,2023-24,4
hayeski01,Killian Hayes,BKN,Brooklyn Nets,BRK,2024-25,2024-25,1
hayeski01,Killian Hayes,SAC,Sacramento Kings,SAC,2025-26,2025-26,1
lewiski01,Kira Lewis Jr.,NOP,New Orleans Pelicans,NOP,2020-21,2023-24,4
lewiski01,Kira Lewis Jr.,TOR,Toronto Raptors,TOR,2023-24,2023-24,1
lewiski01,Kira Lewis Jr.,UTA,Utah Jazz,UTA,2023-24,2023-24,1
hinriki01,Kirk Hinrich,CHI,Chicago Bulls,CHI,2003-04,2015-16,11
hinriki01,Kirk Hinrich,WAS,Washington Wizards,WAS,2010-11,2010-11,1
hinriki01,Kirk Hinrich,ATL,Atlanta Hawks,ATL,2010-11,2015-16,3
kuzmaky01,Kyle Kuzma,LAL,Los Angeles Lakers,LAL,2017-18,2020-21,4
kuzmaky01,Kyle Kuzma,WAS,Washington Wizards,WAS,2021-22,2024-25,4
kuzmaky01,Kyle Kuzma,MIL,Milwaukee Bucks,MIL,2024-25,2025-26,2
macyky01,Kyle Macy,PHX,Phoenix Suns,PHO,1980-81,1984-85,5
macyky01,Kyle Macy,CHI,Chicago Bulls,CHI,1985-86,1985-86,1
macyky01,Kyle Macy,IND,Indiana Pacers,IND,1986-87,1986-87,1
aldrila01,LaMarcus Aldridge,POR,Portland Trail Blazers,POR,2006-07,2014-15,9
aldrila01,LaMarcus Aldridge,SAS,San Antonio Spurs,SAS,2015-16,2020-21,6
aldrila01,LaMarcus Aldridge,BKN,Brooklyn Nets,BRK,2020-21,2021-22,2
stevela01,Lamar Stevens,CLE,Cleveland Cavaliers,CLE,2020-21,2022-23,3
stevela01,Lamar Stevens,BOS,Boston Celtics,BOS,2023-24,2023-24,1
stevela01,Lamar Stevens,MEM,Memphis Grizzlies,MEM,2023-24,2024-25,2
ketnela01,Lari Ketner,CHI,Chicago Bulls,CHI,1999-00,1999-00,1
ketnela01,Lari Ketner,CLE,Cleveland Cavaliers,CLE,1999-00,1999-00,1
ketnela01,Lari Ketner,IND,Indiana Pacers,IND,2000-01,2000-01,1
michela01,Larry Micheaux,SAC,Sacramento Kings,KCK,1983-84,1983-84,1
michela01,Larry Micheaux,MIL,Milwaukee Bucks,MIL,1984-85,1984-85,1
michela01,Larry Micheaux,HOU,Houston Rockets,HOU,1984-85,1984-85,1
owensla01,Larry Owens,SAS,San Antonio Spurs,SAS,2010-11,2010-11,1
owensla01,Larry Owens,WAS,Washington Wizards,WAS,2010-11,2010-11,1
owensla01,Larry Owens,BKN,Brooklyn Nets,NJN,2011-12,2011-12,1
smithla01,Larry Smith,GSW,Golden State Warriors,GSW,1980-81,1988-89,9
smithla01,Larry Smith,HOU,Houston Rockets,HOU,1989-90,1991-92,3
smithla01,Larry Smith,SAS,San Antonio Spurs,SAS,1992-93,1992-93,1
sprigla01,Larry Spriggs,HOU,Houston Rockets,HOU,1981-82,1981-82,1
sprigla01,Larry Spriggs,CHI,Chicago Bulls,CHI,1982-83,1982-83,1
sprigla01,Larry Spriggs,LAL,Los Angeles Lakers,LAL,1983-84,1985-86,3
sprewla01,Latrell Sprewell,GSW,Golden State Warriors,GSW,1992-93,1997-98,6
sprewla01,Latrell Sprewell,NYK,New York Knicks,NYK,1998-99,2002-03,5
sprewla01,Latrell Sprewell,MIN,Minnesota Timberwolves,MIN,2003-04,2004-05,2
markkla01,Lauri Markkanen,CHI,Chicago Bulls,CHI,2017-18,2020-21,4
markkla01,Lauri Markkanen,CLE,Cleveland Cavaliers,CLE,2021-22,2021-22,1
markkla01,Lauri Markkanen,UTA,Utah Jazz,UTA,2022-23,2025-26,4
jamesle01,LeBron James,CLE,Cleveland Cavaliers,CLE,2003-04,2017-18,11
jamesle01,LeBron James,MIA,Miami Heat,MIA,2010-11,2013-14,4
jamesle01,LeBron James,LAL,Los Angeles Lakers,LAL,2018-19,2025-26,8
ellisle02,LeRon Ellis,LAC,LA Clippers,LAC,1991-92,1991-92,1
ellisle02,LeRon Ellis,CHA,Charlotte Hornets,CHH,1993-94,1993-94,1
ellisle02,LeRon Ellis,MIA,Miami Heat,MIA,1995-96,1995-96,1
powele01,Leon Powe,BOS,Boston Celtics,BOS,2006-07,2008-09,3
powele01,Leon Powe,CLE,Cleveland Cavaliers,CLE,2009-10,2010-11,2
powele01,Leon Powe,MEM,Memphis Grizzlies,MEM,2010-11,2010-11,1
quinole01,Lester Quiñones,GSW,Golden State Warriors,GSW,2022-23,2023-24,2
quinole01,Lester Quiñones,PHI,Philadelphia 76ers,PHI,2024-25,2024-25,1
quinole01,Lester Quiñones,NOP,New Orleans Pelicans,NOP,2024-25,2024-25,1
lloydle01,Lewis Lloyd,GSW,Golden State Warriors,GSW,1981-82,1982-83,2
lloydle01,Lewis Lloyd,HOU,Houston Rockets,HOU,1983-84,1989-90,5
lloydle01,Lewis Lloyd,PHI,Philadelphia 76ers,PHI,1989-90,1989-90,1
meyerlo01,Loren Meyer,DAL,Dallas Mavericks,DAL,1995-96,1996-97,2
meyerlo01,Loren Meyer,PHX,Phoenix Suns,PHO,1996-97,1996-97,1
meyerlo01,Loren Meyer,DEN,Denver Nuggets,DEN,1998-99,1998-99,1
romarlo01,Lorenzo Romar,GSW,Golden State Warriors,GSW,1980-81,1983-84,4
romarlo01,Lorenzo Romar,MIL,Milwaukee Bucks,MIL,1983-84,1984-85,2
romarlo01,Lorenzo Romar,DET,Detroit Pistons,DET,1984-85,1984-85,1
kinglo02,Louis King,DET,Detroit Pistons,DET,2019-20,2019-20,1
kinglo02,Louis King,SAC,Sacramento Kings,SAC,2020-21,2021-22,2
kinglo02,Louis King,PHI,Philadelphia 76ers,PHI,2022-23,2022-23,1
moorelo01,Lowes Moore,BKN,Brooklyn Nets,NJN,1980-81,1980-81,1
moorelo01,Lowes Moore,CLE,Cleveland Cavaliers,CLE,1981-82,1981-82,1
moorelo01,Lowes Moore,LAC,LA Clippers,SDC,1982-83,1982-83,1
garzalu01,Luka Garza,DET,Detroit Pistons,DET,2021-22,2021-22,1
garzalu01,Luka Garza,MIN,Minnesota Timberwolves,MIN,2022-23,2024-25,3
garzalu01,Luka Garza,BOS,Boston Celtics,BOS,2025-26,2025-26,1
lampema01,Maciej Lampe,PHX,Phoenix Suns,PHO,2003-04,2004-05,2
lampema01,Maciej Lampe,NOP,New Orleans Pelicans,"NOH,NOK",2004-05,2005-06,2
lampema01,Maciej Lampe,HOU,Houston Rockets,HOU,2005-06,2005-06,1
abdulma02,Mahmoud Abdul-Rauf,DEN,Denver Nuggets,DEN,1990-91,1995-96,6
abdulma02,Mahmoud Abdul-Rauf,SAC,Sacramento Kings,SAC,1996-97,1997-98,2
abdulma02,Mahmoud Abdul-Rauf,MEM,Memphis Grizzlies,VAN,2000-01,2000-01,1
fittsma01,Malik Fitts,LAC,LA Clippers,LAC,2020-21,2020-21,1
fittsma01,Malik Fitts,UTA,Utah Jazz,UTA,2021-22,2021-22,1
fittsma01,Malik Fitts,BOS,Boston Celtics,BOS,2021-22,2021-22,1
monkma01,Malik Monk,CHA,Charlotte Hornets,CHO,2017-18,2020-21,4
monkma01,Malik Monk,LAL,Los Angeles Lakers,LAL,2021-22,2021-22,1
monkma01,Malik Monk,SAC,Sacramento Kings,SAC,2022-23,2025-26,4
harrima01,Manny Harris,CLE,Cleveland Cavaliers,CLE,2010-11,2011-12,2
harrima01,Manny Harris,LAL,Los Angeles Lakers,LAL,2013-14,2013-14,1
harrima01,Manny Harris,DAL,Dallas Mavericks,DAL,2016-17,2016-17,1
gasolma01,Marc Gasol,MEM,Memphis Grizzlies,MEM,2008-09,2018-19,11
gasolma01,Marc Gasol,TOR,Toronto Raptors,TOR,2018-19,2019-20,2
gasolma01,Marc Gasol,LAL,Los Angeles Lakers,LAL,2020-21,2020-21,1
iavarma01,Marc Iavaroni,PHI,Philadelphia 76ers,PHI,1982-83,1984-85,3
iavarma01,Marc Iavaroni,SAS,San Antonio Spurs,SAS,1984-85,1985-86,2
iavarma01,Marc Iavaroni,UTA,Utah Jazz,UTA,1985-86,1988-89,4
fizerma01,Marcus Fizer,CHI,Chicago Bulls,CHI,2000-01,2003-04,4
fizerma01,Marcus Fizer,MIL,Milwaukee Bucks,MIL,2004-05,2004-05,1
fizerma01,Marcus Fizer,NOP,New Orleans Pelicans,NOK,2005-06,2005-06,1
haislma01,Marcus Haislip,MIL,Milwaukee Bucks,MIL,2002-03,2003-04,2
haislma01,Marcus Haislip,IND,Indiana Pacers,IND,2004-05,2004-05,1
haislma01,Marcus Haislip,SAS,San Antonio Spurs,SAS,2009-10,2009-10,1
willima03,Marcus Williams,BKN,Brooklyn Nets,NJN,2006-07,2007-08,2
willima03,Marcus Williams,GSW,Golden State Warriors,GSW,2008-09,2008-09,1
willima03,Marcus Williams,MEM,Memphis Grizzlies,MEM,2009-10,2009-10,1
hezonma01,Mario Hezonja,ORL,Orlando Magic,ORL,2015-16,2017-18,3
hezonma01,Mario Hezonja,NYK,New York Knicks,NYK,2018-19,2018-19,1
hezonma01,Mario Hezonja,POR,Portland Trail Blazers,POR,2019-20,2019-20,1
aguirma01,Mark Aguirre,DAL,Dallas Mavericks,DAL,1981-82,1988-89,8
aguirma01,Mark Aguirre,DET,Detroit Pistons,DET,1988-89,1992-93,5
aguirma01,Mark Aguirre,LAC,LA Clippers,LAC,1993-94,1993-94,1
landsma01,Mark Landsberger,CHI,Chicago Bulls,CHI,1979-80,1979-80,1
landsma01,Mark Landsberger,LAL,Los Angeles Lakers,LAL,1979-80,1982-83,4
landsma01,Mark Landsberger,ATL,Atlanta Hawks,ATL,1983-84,1983-84,1
olberma01,Mark Olberding,SAS,San Antonio Spurs,SAS,1979-80,1981-82,3
olberma01,Mark Olberding,CHI,Chicago Bulls,CHI,1982-83,1982-83,1
olberma01,Mark Olberding,SAC,Sacramento Kings,"KCK,SAC",1983-84,1986-87,4
popema01,Mark Pope,IND,Indiana Pacers,IND,1997-98,1998-99,2
popema01,Mark Pope,MIL,Milwaukee Bucks,MIL,2000-01,2001-02,2
popema01,Mark Pope,DEN,Denver Nuggets,DEN,2003-04,2004-05,2
jaricma01,Marko Jarić,LAC,LA Clippers,LAC,2002-03,2004-05,3
jaricma01,Marko Jarić,MIN,Minnesota Timberwolves,MIN,2005-06,2007-08,3
jaricma01,Marko Jarić,MEM,Memphis Grizzlies,MEM,2008-09,2008-09,1
boldema01,Marques Bolden,CLE,Cleveland Cavaliers,CLE,2019-20,2020-21,2
boldema01,Marques Bolden,MIL,Milwaukee Bucks,MIL,2023-24,2023-24,1
boldema01,Marques Bolden,CHA,Charlotte Hornets,CHO,2023-24,2023-24,1
johnsma01,Marques Johnson,MIL,Milwaukee Bucks,MIL,1979-80,1983-84,5
johnsma01,Marques Johnson,LAC,LA Clippers,LAC,1984-85,1986-87,3
johnsma01,Marques Johnson,GSW,Golden State Warriors,GSW,1989-90,1989-90,1
teaguma01,Marquis Teague,CHI,Chicago Bulls,CHI,2012-13,2013-14,2
teaguma01,Marquis Teague,BKN,Brooklyn Nets,BRK,2013-14,2013-14,1
teaguma01,Marquis Teague,MEM,Memphis Grizzlies,MEM,2017-18,2017-18,1
webstma02,Martell Webster,POR,Portland Trail Blazers,POR,2005-06,2009-10,5
webstma02,Martell Webster,MIN,Minnesota Timberwolves,MIN,2010-11,2011-12,2
webstma02,Martell Webster,WAS,Washington Wizards,WAS,2012-13,2014-15,3
byrnema01,Marty Byrnes,LAL,Los Angeles Lakers,LAL,1979-80,1979-80,1
byrnema01,Marty Byrnes,DAL,Dallas Mavericks,DAL,1980-81,1980-81,1
byrnema01,Marty Byrnes,IND,Indiana Pacers,IND,1982-83,1982-83,1
bullama01,Matt Bullard,HOU,Houston Rockets,HOU,1990-91,2000-01,9
bullama01,Matt Bullard,ATL,Atlanta Hawks,ATL,1995-96,1995-96,1
bullama01,Matt Bullard,CHA,Charlotte Hornets,CHH,2001-02,2001-02,1
geigema01,Matt Geiger,MIA,Miami Heat,MIA,1992-93,1994-95,3
geigema01,Matt Geiger,CHA,Charlotte Hornets,CHH,1995-96,1997-98,3
geigema01,Matt Geiger,PHI,Philadelphia 76ers,PHI,1998-99,2001-02,4
malonma01,Matt Maloney,HOU,Houston Rockets,HOU,1996-97,1998-99,3
malonma01,Matt Maloney,CHI,Chicago Bulls,CHI,1999-00,1999-00,1
malonma01,Matt Maloney,ATL,Atlanta Hawks,ATL,2000-01,2002-03,2
thomama02,Matt Thomas,TOR,Toronto Raptors,TOR,2019-20,2020-21,2
thomama02,Matt Thomas,UTA,Utah Jazz,UTA,2020-21,2020-21,1
thomama02,Matt Thomas,CHI,Chicago Bulls,CHI,2021-22,2021-22,1
dellama01,Matthew Dellavedova,CLE,Cleveland Cavaliers,CLE,2013-14,2020-21,6
dellama01,Matthew Dellavedova,MIL,Milwaukee Bucks,MIL,2016-17,2018-19,3
dellama01,Matthew Dellavedova,SAC,Sacramento Kings,SAC,2022-23,2022-23,1
agerma01,Maurice Ager,DAL,Dallas Mavericks,DAL,2006-07,2007-08,2
agerma01,Maurice Ager,BKN,Brooklyn Nets,NJN,2007-08,2008-09,2
agerma01,Maurice Ager,MIN,Minnesota Timberwolves,MIN,2010-11,2010-11,1
strusma01,Max Strus,CHI,Chicago Bulls,CHI,2019-20,2019-20,1
strusma01,Max Strus,MIA,Miami Heat,MIA,2020-21,2022-23,3
strusma01,Max Strus,CLE,Cleveland Cavaliers,CLE,2023-24,2025-26,3
okurme01,Mehmet Okur,DET,Detroit Pistons,DET,2002-03,2003-04,2
okurme01,Mehmet Okur,UTA,Utah Jazz,UTA,2004-05,2010-11,7
okurme01,Mehmet Okur,BKN,Brooklyn Nets,NJN,2011-12,2011-12,1
bookeme01,Melvin Booker,HOU,Houston Rockets,HOU,1995-96,1995-96,1
bookeme01,Melvin Booker,DEN,Denver Nuggets,DEN,1996-97,1996-97,1
bookeme01,Melvin Booker,GSW,Golden State Warriors,GSW,1996-97,1996-97,1
turpime01,Melvin Turpin,CLE,Cleveland Cavaliers,CLE,1984-85,1986-87,3
turpime01,Melvin Turpin,UTA,Utah Jazz,UTA,1987-88,1987-88,1
turpime01,Melvin Turpin,WAS,Washington Wizards,WSB,1989-90,1989-90,1
bateeme01,Mengke Bateer,DEN,Denver Nuggets,DEN,2001-02,2001-02,1
bateeme01,Mengke Bateer,SAS,San Antonio Spurs,SAS,2002-03,2002-03,1
bateeme01,Mengke Bateer,TOR,Toronto Raptors,TOR,2003-04,2003-04,1
leoname01,Meyers Leonard,POR,Portland Trail Blazers,POR,2012-13,2018-19,7
leoname01,Meyers Leonard,MIA,Miami Heat,MIA,2019-20,2020-21,2
leoname01,Meyers Leonard,MIL,Milwaukee Bucks,MIL,2022-23,2022-23,1
kabenmf01,Mfiondu Kabengele,LAC,LA Clippers,LAC,2019-20,2020-21,2
kabenmf01,Mfiondu Kabengele,CLE,Cleveland Cavaliers,CLE,2020-21,2020-21,1
kabenmf01,Mfiondu Kabengele,BOS,Boston Celtics,BOS,2022-23,2022-23,1
pottemi01,Micah Potter,DET,Detroit Pistons,DET,2021-22,2021-22,1
pottemi01,Micah Potter,UTA,Utah Jazz,UTA,2022-23,2024-25,3
pottemi01,Micah Potter,IND,Indiana Pacers,IND,2025-26,2025-26,1
anslemi01,Michael Ansley,ORL,Orlando Magic,ORL,1989-90,1990-91,2
anslemi01,Michael Ansley,PHI,Philadelphia 76ers,PHI,1991-92,1991-92,1
anslemi01,Michael Ansley,CHA,Charlotte Hornets,CHH,1991-92,1991-92,1
brookmi01,Michael Brooks,LAC,LA Clippers,SDC,1980-81,1983-84,4
brookmi01,Michael Brooks,IND,Indiana Pacers,IND,1986-87,1986-87,1
brookmi01,Michael Brooks,DEN,Denver Nuggets,DEN,1987-88,1987-88,1
olowomi01,Michael Olowokandi,LAC,LA Clippers,LAC,1998-99,2002-03,5
olowomi01,Michael Olowokandi,MIN,Minnesota Timberwolves,MIN,2003-04,2005-06,3
olowomi01,Michael Olowokandi,BOS,Boston Celtics,BOS,2005-06,2006-07,2
richami01,Michael Ray Richardson,NYK,New York Knicks,NYK,1979-80,1981-82,3
richami01,Michael Ray Richardson,GSW,Golden State Warriors,GSW,1982-83,1982-83,1
richami01,Michael Ray Richardson,BKN,Brooklyn Nets,NJN,1982-83,1985-86,4
smithmi02,Michael Smith,SAC,Sacramento Kings,SAC,1994-95,1997-98,4
smithmi02,Michael Smith,MEM,Memphis Grizzlies,VAN,1997-98,1998-99,2
smithmi02,Michael Smith,WAS,Washington Wizards,WAS,1999-00,2000-01,2
youngmi01,Michael Young,PHX,Phoenix Suns,PHO,1984-85,1984-85,1
youngmi01,Michael Young,PHI,Philadelphia 76ers,PHI,1985-86,1985-86,1
youngmi01,Michael Young,LAC,LA Clippers,LAC,1989-90,1989-90,1
bridgmi01,Mikal Bridges,PHX,Phoenix Suns,PHO,2018-19,2022-23,5
bridgmi01,Mikal Bridges,BKN,Brooklyn Nets,BRK,2022-23,2023-24,2
bridgmi01,Mikal Bridges,NYK,New York Knicks,NYK,2024-25,2025-26,2
conlemi01,Mike Conley,MEM,Memphis Grizzlies,MEM,2007-08,2018-19,12
conlemi01,Mike Conley,UTA,Utah Jazz,UTA,2019-20,2022-23,4
conlemi01,Mike Conley,MIN,Minnesota Timberwolves,MIN,2022-23,2025-26,4
dunlemi01,Mike Dunleavy,HOU,Houston Rockets,HOU,1979-80,1981-82,3
dunlemi01,Mike Dunleavy,SAS,San Antonio Spurs,SAS,1982-83,1982-83,1
dunlemi01,Mike Dunleavy,MIL,Milwaukee Bucks,MIL,1983-84,1989-90,4
galemi01,Mike Gale,SAS,San Antonio Spurs,SAS,1979-80,1980-81,2
galemi01,Mike Gale,POR,Portland Trail Blazers,POR,1980-81,1980-81,1
galemi01,Mike Gale,GSW,Golden State Warriors,GSW,1981-82,1981-82,1
glennmi01,Mike Glenn,NYK,New York Knicks,NYK,1979-80,1980-81,2
glennmi01,Mike Glenn,ATL,Atlanta Hawks,ATL,1981-82,1984-85,4
glennmi01,Mike Glenn,MIL,Milwaukee Bucks,MIL,1985-86,1986-87,2
harrimi01,Mike Harris,HOU,Houston Rockets,HOU,2007-08,2010-11,3
harrimi01,Mike Harris,WAS,Washington Wizards,WAS,2009-10,2009-10,1
harrimi01,Mike Harris,UTA,Utah Jazz,UTA,2013-14,2013-14,1
higgimi01,Mike Higgins,LAL,Los Angeles Lakers,LAL,1989-90,1989-90,1
higgimi01,Mike Higgins,DEN,Denver Nuggets,DEN,1989-90,1989-90,1
higgimi01,Mike Higgins,SAC,Sacramento Kings,SAC,1990-91,1990-91,1
jamesmi02,Mike James,PHX,Phoenix Suns,PHO,2017-18,2017-18,1
jamesmi02,Mike James,NOP,New Orleans Pelicans,NOP,2017-18,2017-18,1
jamesmi02,Mike James,BKN,Brooklyn Nets,BRK,2020-21,2020-21,1
teletmi01,Mirza Teletović,BKN,Brooklyn Nets,BRK,2012-13,2014-15,3
teletmi01,Mirza Teletović,PHX,Phoenix Suns,PHO,2015-16,2015-16,1
teletmi01,Mirza Teletović,MIL,Milwaukee Bucks,MIL,2016-17,2017-18,2
butlemi02,Mitchell Butler,WAS,Washington Wizards,"WAS,WSB",1993-94,2003-04,4
butlemi02,Mitchell Butler,POR,Portland Trail Blazers,POR,1996-97,2001-02,2
butlemi02,Mitchell Butler,CLE,Cleveland Cavaliers,CLE,1997-98,1998-99,2
wiggimi01,Mitchell Wiggins,CHI,Chicago Bulls,CHI,1983-84,1983-84,1
wiggimi01,Mitchell Wiggins,HOU,Houston Rockets,HOU,1984-85,1989-90,4
wiggimi01,Mitchell Wiggins,PHI,Philadelphia 76ers,PHI,1991-92,1991-92,1
blaylmo01,Mookie Blaylock,BKN,Brooklyn Nets,NJN,1989-90,1991-92,3
blaylmo01,Mookie Blaylock,ATL,Atlanta Hawks,ATL,1992-93,1998-99,7
blaylmo01,Mookie Blaylock,GSW,Golden State Warriors,GSW,1999-00,2001-02,3
petermo01,Morris Peterson,TOR,Toronto Raptors,TOR,2000-01,2006-07,7
petermo01,Morris Peterson,NOP,New Orleans Pelicans,NOH,2007-08,2009-10,3
petermo01,Morris Peterson,OKC,Oklahoma City Thunder,OKC,2010-11,2010-11,1
muldemy01,Mychal Mulder,GSW,Golden State Warriors,GSW,2019-20,2020-21,2
muldemy01,Mychal Mulder,ORL,Orlando Magic,ORL,2021-22,2021-22,1
muldemy01,Mychal Mulder,MIA,Miami Heat,MIA,2021-22,2021-22,1
thompmy01,Mychal Thompson,POR,Portland Trail Blazers,POR,1980-81,1985-86,6
thompmy01,Mychal Thompson,SAS,San Antonio Spurs,SAS,1986-87,1986-87,1
thompmy01,Mychal Thompson,LAL,Los Angeles Lakers,LAL,1986-87,1990-91,5
hintona01,Nate Hinton,DAL,Dallas Mavericks,DAL,2020-21,2020-21,1
hintona01,Nate Hinton,IND,Indiana Pacers,IND,2021-22,2021-22,1
hintona01,Nate Hinton,HOU,Houston Rockets,HOU,2023-24,2023-24,1
willije02,Nate Williams,POR,Portland Trail Blazers,POR,2022-23,2022-23,1
willije02,Nate Williams,HOU,Houston Rockets,HOU,2023-24,2024-25,2
willije02,Nate Williams,GSW,Golden State Warriors,GSW,2025-26,2025-26,1
woltena01,Nate Wolters,MIL,Milwaukee Bucks,MIL,2013-14,2014-15,2
woltena01,Nate Wolters,NOP,New Orleans Pelicans,NOP,2014-15,2014-15,1
woltena01,Nate Wolters,UTA,Utah Jazz,UTA,2017-18,2017-18,1
krstine01,Nenad Krstić,BKN,Brooklyn Nets,NJN,2004-05,2007-08,4
krstine01,Nenad Krstić,OKC,Oklahoma City Thunder,OKC,2008-09,2010-11,3
krstine01,Nenad Krstić,BOS,Boston Celtics,BOS,2010-11,2010-11,1
hilarne01,Nenê,DEN,Denver Nuggets,DEN,2002-03,2011-12,10
hilarne01,Nenê,WAS,Washington Wizards,WAS,2011-12,2015-16,5
hilarne01,Nenê,HOU,Houston Rockets,HOU,2016-17,2018-19,3
anderni01,Nick Anderson,ORL,Orlando Magic,ORL,1989-90,1998-99,10
anderni01,Nick Anderson,SAC,Sacramento Kings,SAC,1999-00,2000-01,2
anderni01,Nick Anderson,MEM,Memphis Grizzlies,MEM,2001-02,2001-02,1
richani01,Nick Richards,CHA,Charlotte Hornets,CHO,2020-21,2024-25,5
richani01,Nick Richards,PHX,Phoenix Suns,PHO,2024-25,2025-26,2
richani01,Nick Richards,CHI,Chicago Bulls,CHI,2025-26,2025-26,1
mirotni01,Nikola Mirotić,CHI,Chicago Bulls,CHI,2014-15,2017-18,4
mirotni01,Nikola Mirotić,NOP,New Orleans Pelicans,NOP,2017-18,2018-19,2
mirotni01,Nikola Mirotić,MIL,Milwaukee Bucks,MIL,2018-19,2018-19,1
coleno01,Norris Cole,MIA,Miami Heat,MIA,2011-12,2014-15,4
coleno01,Norris Cole,NOP,New Orleans Pelicans,NOP,2014-15,2015-16,2
coleno01,Norris Cole,OKC,Oklahoma City Thunder,OKC,2016-17,2016-17,1
mayooj01,O.J. Mayo,MEM,Memphis Grizzlies,MEM,2008-09,2011-12,4
mayooj01,O.J. Mayo,DAL,Dallas Mavericks,DAL,2012-13,2012-13,1
mayooj01,O.J. Mayo,MIL,Milwaukee Bucks,MIL,2013-14,2015-16,3
agbajoc01,Ochai Agbaji,UTA,Utah Jazz,UTA,2022-23,2023-24,2
agbajoc01,Ochai Agbaji,TOR,Toronto Raptors,TOR,2023-24,2025-26,3
agbajoc01,Ochai Agbaji,BKN,Brooklyn Nets,BRK,2025-26,2025-26,1
mackol01,Ollie Mack,LAL,Los Angeles Lakers,LAL,1979-80,1979-80,1
mackol01,Ollie Mack,CHI,Chicago Bulls,CHI,1979-80,1980-81,2
mackol01,Ollie Mack,DAL,Dallas Mavericks,DAL,1980-81,1981-82,2
yurtsom01,Omer Yurtseven,MIA,Miami Heat,MIA,2021-22,2022-23,2
yurtsom01,Omer Yurtseven,UTA,Utah Jazz,UTA,2023-24,2023-24,1
yurtsom01,Omer Yurtseven,GSW,Golden State Warriors,GSW,2025-26,2025-26,1
birdsot01,Otis Birdsong,SAC,Sacramento Kings,KCK,1979-80,1980-81,2
birdsot01,Otis Birdsong,BKN,Brooklyn Nets,NJN,1981-82,1987-88,7
birdsot01,Otis Birdsong,BOS,Boston Celtics,BOS,1988-89,1988-89,1
smithot01,Otis Smith,DEN,Denver Nuggets,DEN,1986-87,1987-88,2
smithot01,Otis Smith,GSW,Golden State Warriors,GSW,1987-88,1988-89,2
smithot01,Otis Smith,ORL,Orlando Magic,ORL,1989-90,1991-92,3
hallpj01,PJ Hall,DEN,Denver Nuggets,DEN,2024-25,2024-25,1
hallpj01,PJ Hall,MEM,Memphis Grizzlies,MEM,2025-26,2025-26,1
hallpj01,PJ Hall,CHA,Charlotte Hornets,CHO,2025-26,2025-26,1
prigipa01,Pablo Prigioni,NYK,New York Knicks,NYK,2012-13,2014-15,3
prigipa01,Pablo Prigioni,HOU,Houston Rockets,HOU,2014-15,2014-15,1
prigipa01,Pablo Prigioni,LAC,LA Clippers,LAC,2015-16,2015-16,1
connapa01,Pat Connaughton,POR,Portland Trail Blazers,POR,2015-16,2017-18,3
connapa01,Pat Connaughton,MIL,Milwaukee Bucks,MIL,2018-19,2024-25,7
connapa01,Pat Connaughton,CHA,Charlotte Hornets,CHO,2025-26,2025-26,1
ewingpa01,Patrick Ewing,NYK,New York Knicks,NYK,1985-86,1999-00,15
ewingpa01,Patrick Ewing,OKC,Oklahoma City Thunder,SEA,2000-01,2000-01,1
ewingpa01,Patrick Ewing,ORL,Orlando Magic,ORL,2001-02,2001-02,1
mccawpa01,Patrick McCaw,GSW,Golden State Warriors,GSW,2016-17,2017-18,2
mccawpa01,Patrick McCaw,CLE,Cleveland Cavaliers,CLE,2018-19,2018-19,1
mccawpa01,Patrick McCaw,TOR,Toronto Raptors,TOR,2018-19,2020-21,3
obryapa01,Patrick O'Bryant,GSW,Golden State Warriors,GSW,2006-07,2007-08,2
obryapa01,Patrick O'Bryant,BOS,Boston Celtics,BOS,2008-09,2008-09,1
obryapa01,Patrick O'Bryant,TOR,Toronto Raptors,TOR,2008-09,2009-10,2
grantpa01,Paul Grant,MIN,Minnesota Timberwolves,MIN,1998-99,1998-99,1
grantpa01,Paul Grant,MIL,Milwaukee Bucks,MIL,1998-99,1998-99,1
grantpa01,Paul Grant,UTA,Utah Jazz,UTA,2003-04,2003-04,1
presspa01,Paul Pressey,MIL,Milwaukee Bucks,MIL,1982-83,1989-90,8
presspa01,Paul Pressey,SAS,San Antonio Spurs,SAS,1990-91,1991-92,2
presspa01,Paul Pressey,GSW,Golden State Warriors,GSW,1992-93,1992-93,1
shirlpa01,Paul Shirley,ATL,Atlanta Hawks,ATL,2002-03,2002-03,1
shirlpa01,Paul Shirley,CHI,Chicago Bulls,CHI,2003-04,2003-04,1
shirlpa01,Paul Shirley,PHX,Phoenix Suns,PHO,2004-05,2004-05,1
thomppa01,Paul Thompson,CLE,Cleveland Cavaliers,CLE,1983-84,1984-85,2
thomppa01,Paul Thompson,MIL,Milwaukee Bucks,MIL,1984-85,1984-85,1
thomppa01,Paul Thompson,PHI,Philadelphia 76ers,PHI,1985-86,1985-86,1
watsopa01,Paul Watson,ATL,Atlanta Hawks,ATL,2019-20,2019-20,1
watsopa01,Paul Watson,TOR,Toronto Raptors,TOR,2019-20,2020-21,2
watsopa01,Paul Watson,OKC,Oklahoma City Thunder,OKC,2021-22,2021-22,1
westppa01,Paul Westphal,PHX,Phoenix Suns,PHO,1979-80,1983-84,2
westppa01,Paul Westphal,OKC,Oklahoma City Thunder,SEA,1980-81,1980-81,1
westppa01,Paul Westphal,NYK,New York Knicks,NYK,1981-82,1982-83,2
sanchpe01,Pepe Sánchez,ATL,Atlanta Hawks,ATL,2000-01,2000-01,1
sanchpe01,Pepe Sánchez,PHI,Philadelphia 76ers,PHI,2000-01,2000-01,1
sanchpe01,Pepe Sánchez,DET,Detroit Pistons,DET,2002-03,2002-03,1
mosspe01,Perry Moss,WAS,Washington Wizards,WSB,1985-86,1985-86,1
mosspe01,Perry Moss,PHI,Philadelphia 76ers,PHI,1985-86,1985-86,1
mosspe01,Perry Moss,GSW,Golden State Warriors,GSW,1986-87,1986-87,1
nancepe01,Pete Nance,CLE,Cleveland Cavaliers,CLE,2023-24,2023-24,1
nancepe01,Pete Nance,PHI,Philadelphia 76ers,PHI,2024-25,2024-25,1
nancepe01,Pete Nance,MIL,Milwaukee Bucks,MIL,2024-25,2025-26,2
cheniph01,Phil Chenier,WAS,Washington Wizards,WSB,1979-80,1979-80,1
cheniph01,Phil Chenier,IND,Indiana Pacers,IND,1979-80,1979-80,1
cheniph01,Phil Chenier,GSW,Golden State Warriors,GSW,1980-81,1980-81,1
pressph01,Phil Pressey,BOS,Boston Celtics,BOS,2013-14,2014-15,2
pressph01,Phil Pressey,PHI,Philadelphia 76ers,PHI,2015-16,2015-16,1
pressph01,Phil Pressey,PHX,Phoenix Suns,PHO,2015-16,2015-16,1
smithph01,Phil Smith,GSW,Golden State Warriors,GSW,1979-80,1979-80,1
smithph01,Phil Smith,LAC,LA Clippers,SDC,1980-81,1981-82,2
smithph01,Phil Smith,OKC,Oklahoma City Thunder,SEA,1981-82,1982-83,2
richapo01,Pooh Richardson,MIN,Minnesota Timberwolves,MIN,1989-90,1991-92,3
richapo01,Pooh Richardson,IND,Indiana Pacers,IND,1992-93,1993-94,2
richapo01,Pooh Richardson,LAC,LA Clippers,LAC,1994-95,1998-99,5
drobnpr01,Predrag Drobnjak,OKC,Oklahoma City Thunder,SEA,2001-02,2002-03,2
drobnpr01,Predrag Drobnjak,LAC,LA Clippers,LAC,2003-04,2003-04,1
drobnpr01,Predrag Drobnjak,ATL,Atlanta Hawks,ATL,2004-05,2004-05,1
shortpu01,Purvis Short,GSW,Golden State Warriors,GSW,1979-80,1986-87,8
shortpu01,Purvis Short,HOU,Houston Rockets,HOU,1987-88,1988-89,2
shortpu01,Purvis Short,BKN,Brooklyn Nets,NJN,1989-90,1989-90,1
gudmupe01,Pétur Guðmundsson,POR,Portland Trail Blazers,POR,1981-82,1981-82,1
gudmupe01,Pétur Guðmundsson,LAL,Los Angeles Lakers,LAL,1985-86,1985-86,1
gudmupe01,Pétur Guðmundsson,SAS,San Antonio Spurs,SAS,1987-88,1988-89,2
millequ01,Quincy Miller,DEN,Denver Nuggets,DEN,2012-13,2013-14,2
millequ01,Quincy Miller,SAC,Sacramento Kings,SAC,2014-15,2014-15,1
millequ01,Quincy Miller,DET,Detroit Pistons,DET,2014-15,2014-15,1
bucknqu01,Quinn Buckner,MIL,Milwaukee Bucks,MIL,1979-80,1981-82,3
bucknqu01,Quinn Buckner,BOS,Boston Celtics,BOS,1982-83,1984-85,3
bucknqu01,Quinn Buckner,IND,Indiana Pacers,IND,1985-86,1985-86,1
dailequ01,Quintin Dailey,CHI,Chicago Bulls,CHI,1982-83,1985-86,4
dailequ01,Quintin Dailey,LAC,LA Clippers,LAC,1986-87,1988-89,3
dailequ01,Quintin Dailey,OKC,Oklahoma City Thunder,SEA,1989-90,1991-92,3
woodsqy01,Qyntel Woods,POR,Portland Trail Blazers,POR,2002-03,2003-04,2
woodsqy01,Qyntel Woods,MIA,Miami Heat,MIA,2004-05,2004-05,1
woodsqy01,Qyntel Woods,NYK,New York Knicks,NYK,2005-06,2005-06,1
hunterj01,R.J. Hunter,BOS,Boston Celtics,BOS,2015-16,2018-19,2
hunterj01,R.J. Hunter,CHI,Chicago Bulls,CHI,2016-17,2016-17,1
hunterj01,R.J. Hunter,HOU,Houston Rockets,HOU,2017-18,2017-18,1
wittmra01,Randy Wittman,ATL,Atlanta Hawks,ATL,1983-84,1987-88,5
wittmra01,Randy Wittman,SAC,Sacramento Kings,SAC,1988-89,1988-89,1
wittmra01,Randy Wittman,IND,Indiana Pacers,IND,1988-89,1991-92,4
vaughra01,Rashad Vaughn,MIL,Milwaukee Bucks,MIL,2015-16,2017-18,3
vaughra01,Rashad Vaughn,BKN,Brooklyn Nets,BRK,2017-18,2017-18,1
vaughra01,Rashad Vaughn,ORL,Orlando Magic,ORL,2017-18,2017-18,1
mccalra01,Ray McCallum,SAC,Sacramento Kings,SAC,2013-14,2014-15,2
mccalra01,Ray McCallum,SAS,San Antonio Spurs,SAS,2015-16,2015-16,1
mccalra01,Ray McCallum,MEM,Memphis Grizzlies,MEM,2015-16,2015-16,1
spaldra01,Ray Spalding,DAL,Dallas Mavericks,DAL,2018-19,2018-19,1
spaldra01,Ray Spalding,PHX,Phoenix Suns,PHO,2018-19,2018-19,1
spaldra01,Ray Spalding,HOU,Houston Rockets,HOU,2020-21,2020-21,1
dennira01,RayJ Dennis,IND,Indiana Pacers,IND,2024-25,2025-26,2
dennira01,RayJ Dennis,LAC,LA Clippers,LAC,2025-26,2025-26,1
dennira01,RayJ Dennis,ATL,Atlanta Hawks,ATL,2025-26,2025-26,1
gainere01,Reece Gaines,ORL,Orlando Magic,ORL,2003-04,2003-04,1
gainere01,Reece Gaines,HOU,Houston Rockets,HOU,2004-05,2004-05,1
gainere01,Reece Gaines,MIL,Milwaukee Bucks,MIL,2004-05,2005-06,2
perryre01,Reggie Perry,BKN,Brooklyn Nets,BRK,2020-21,2020-21,1
perryre01,Reggie Perry,POR,Portland Trail Blazers,POR,2021-22,2021-22,1
perryre01,Reggie Perry,IND,Indiana Pacers,IND,2021-22,2021-22,1
waltere01,Rex Walters,BKN,Brooklyn Nets,NJN,1993-94,1995-96,3
waltere01,Rex Walters,PHI,Philadelphia 76ers,PHI,1995-96,1997-98,3
waltere01,Rex Walters,MIA,Miami Heat,MIA,1997-98,1999-00,3
hamilri01,Richard Hamilton,WAS,Washington Wizards,WAS,1999-00,2001-02,3
hamilri01,Richard Hamilton,DET,Detroit Pistons,DET,2002-03,2010-11,9
hamilri01,Richard Hamilton,CHI,Chicago Bulls,CHI,2011-12,2012-13,2
washiri01,Richard Washington,MIL,Milwaukee Bucks,MIL,1979-80,1979-80,1
washiri01,Richard Washington,DAL,Dallas Mavericks,DAL,1980-81,1980-81,1
washiri01,Richard Washington,CLE,Cleveland Cavaliers,CLE,1980-81,1981-82,2
carliri01,Rick Carlisle,BOS,Boston Celtics,BOS,1984-85,1986-87,3
carliri01,Rick Carlisle,NYK,New York Knicks,NYK,1987-88,1987-88,1
carliri01,Rick Carlisle,BKN,Brooklyn Nets,NJN,1989-90,1989-90,1
soberri01,Ricky Sobers,CHI,Chicago Bulls,CHI,1979-80,1981-82,3
soberri01,Ricky Sobers,WAS,Washington Wizards,WSB,1982-83,1983-84,2
soberri01,Ricky Sobers,OKC,Oklahoma City Thunder,SEA,1984-85,1985-86,2
kurucro01,Rodions Kurucs,BKN,Brooklyn Nets,BRK,2018-19,2020-21,3
kurucro01,Rodions Kurucs,HOU,Houston Rockets,HOU,2020-21,2020-21,1
kurucro01,Rodions Kurucs,MIL,Milwaukee Bucks,MIL,2020-21,2020-21,1
mcgruro01,Rodney McGruder,MIA,Miami Heat,MIA,2016-17,2018-19,3
mcgruro01,Rodney McGruder,LAC,LA Clippers,LAC,2019-20,2019-20,1
mcgruro01,Rodney McGruder,DET,Detroit Pistons,DET,2020-21,2022-23,3
whitero02,Rodney White,DET,Detroit Pistons,DET,2001-02,2001-02,1
whitero02,Rodney White,DEN,Denver Nuggets,DEN,2002-03,2004-05,3
whitero02,Rodney White,GSW,Golden State Warriors,GSW,2004-05,2004-05,1
rhodero01,Rodrick Rhodes,HOU,Houston Rockets,HOU,1997-98,1998-99,2
rhodero01,Rodrick Rhodes,MEM,Memphis Grizzlies,VAN,1998-99,1998-99,1
rhodero01,Rodrick Rhodes,DAL,Dallas Mavericks,DAL,1999-00,1999-00,1
harpero02,Ron Harper Jr.,TOR,Toronto Raptors,TOR,2022-23,2023-24,2
harpero02,Ron Harper Jr.,DET,Detroit Pistons,DET,2024-25,2024-25,1
harpero02,Ron Harper Jr.,BOS,Boston Celtics,BOS,2025-26,2025-26,1
holliro01,Rondae Hollis-Jefferson,BKN,Brooklyn Nets,BRK,2015-16,2018-19,4
holliro01,Rondae Hollis-Jefferson,TOR,Toronto Raptors,TOR,2019-20,2019-20,1
holliro01,Rondae Hollis-Jefferson,POR,Portland Trail Blazers,POR,2020-21,2020-21,1
whitero01,Rory White,PHX,Phoenix Suns,PHO,1982-83,1983-84,2
whitero01,Rory White,MIL,Milwaukee Bucks,MIL,1983-84,1983-84,1
whitero01,Rory White,LAC,LA Clippers,"LAC,SDC",1983-84,1986-87,4
hinsoro01,Roy Hinson,CLE,Cleveland Cavaliers,CLE,1983-84,1985-86,3
hinsoro01,Roy Hinson,PHI,Philadelphia 76ers,PHI,1986-87,1987-88,2
hinsoro01,Roy Hinson,BKN,Brooklyn Nets,NJN,1987-88,1990-91,4
onealro01,Royce O'Neale,UTA,Utah Jazz,UTA,2017-18,2021-22,5
onealro01,Royce O'Neale,BKN,Brooklyn Nets,BRK,2022-23,2023-24,2
onealro01,Royce O'Neale,PHX,Phoenix Suns,PHO,2023-24,2025-26,3
whiteru01,Rudy White,HOU,Houston Rockets,HOU,1979-80,1979-80,1
whiteru01,Rudy White,GSW,Golden State Warriors,GSW,1980-81,1980-81,1
whiteru01,Rudy White,OKC,Oklahoma City Thunder,SEA,1980-81,1980-81,1
schoeru01,Russ Schoene,PHI,Philadelphia 76ers,PHI,1982-83,1982-83,1
schoeru01,Russ Schoene,IND,Indiana Pacers,IND,1982-83,1982-83,1
schoeru01,Russ Schoene,OKC,Oklahoma City Thunder,SEA,1986-87,1988-89,3
larueru01,Rusty LaRue,CHI,Chicago Bulls,CHI,1997-98,1999-00,3
larueru01,Rusty LaRue,UTA,Utah Jazz,UTA,2001-02,2001-02,1
larueru01,Rusty LaRue,GSW,Golden State Warriors,GSW,2003-04,2003-04,1
arcidry01,Ryan Arcidiacono,CHI,Chicago Bulls,CHI,2017-18,2020-21,4
arcidry01,Ryan Arcidiacono,NYK,New York Knicks,NYK,2021-22,2023-24,3
arcidry01,Ryan Arcidiacono,POR,Portland Trail Blazers,POR,2022-23,2022-23,1
rolliry01,Ryan Rollins,GSW,Golden State Warriors,GSW,2022-23,2022-23,1
rolliry01,Ryan Rollins,WAS,Washington Wizards,WAS,2023-24,2023-24,1
rolliry01,Ryan Rollins,MIL,Milwaukee Bucks,MIL,2023-24,2025-26,3
leesa01,Saben Lee,DET,Detroit Pistons,DET,2020-21,2021-22,2
leesa01,Saben Lee,PHI,Philadelphia 76ers,PHI,2022-23,2022-23,1
leesa01,Saben Lee,PHX,Phoenix Suns,PHO,2022-23,2023-24,2
beysa01,Saddiq Bey,DET,Detroit Pistons,DET,2020-21,2022-23,3
beysa01,Saddiq Bey,ATL,Atlanta Hawks,ATL,2022-23,2023-24,2
beysa01,Saddiq Bey,NOP,New Orleans Pelicans,NOP,2025-26,2025-26,1
bowiesa01,Sam Bowie,POR,Portland Trail Blazers,POR,1984-85,1988-89,4
bowiesa01,Sam Bowie,BKN,Brooklyn Nets,NJN,1989-90,1992-93,4
bowiesa01,Sam Bowie,LAL,Los Angeles Lakers,LAL,1993-94,1994-95,2
jacobsa01,Sam Jacobson,LAL,Los Angeles Lakers,LAL,1998-99,1999-00,2
jacobsa01,Sam Jacobson,GSW,Golden State Warriors,GSW,1999-00,1999-00,1
jacobsa01,Sam Jacobson,MIN,Minnesota Timberwolves,MIN,2000-01,2000-01,1
laceysa01,Sam Lacey,SAC,Sacramento Kings,KCK,1979-80,1981-82,3
laceysa01,Sam Lacey,BKN,Brooklyn Nets,NJN,1981-82,1981-82,1
laceysa01,Sam Lacey,CLE,Cleveland Cavaliers,CLE,1982-83,1982-83,1
merrisa01,Sam Merrill,MIL,Milwaukee Bucks,MIL,2020-21,2020-21,1
merrisa01,Sam Merrill,MEM,Memphis Grizzlies,MEM,2021-22,2021-22,1
merrisa01,Sam Merrill,CLE,Cleveland Cavaliers,CLE,2022-23,2025-26,4
youngsa01,Sam Young,MEM,Memphis Grizzlies,MEM,2009-10,2011-12,3
youngsa01,Sam Young,PHI,Philadelphia 76ers,PHI,2011-12,2011-12,1
youngsa01,Sam Young,IND,Indiana Pacers,IND,2012-13,2012-13,1
mamuksa01,Sandro Mamukelashvili,MIL,Milwaukee Bucks,MIL,2021-22,2022-23,2
mamuksa01,Sandro Mamukelashvili,SAS,San Antonio Spurs,SAS,2022-23,2024-25,3
mamuksa01,Sandro Mamukelashvili,TOR,Toronto Raptors,TOR,2025-26,2025-26,1
maysc01,Scott May,CHI,Chicago Bulls,CHI,1979-80,1980-81,2
maysc01,Scott May,MIL,Milwaukee Bucks,MIL,1981-82,1981-82,1
maysc01,Scott May,DET,Detroit Pistons,DET,1982-83,1982-83,1
rothsc01,Scott Roth,UTA,Utah Jazz,UTA,1987-88,1988-89,2
rothsc01,Scott Roth,SAS,San Antonio Spurs,SAS,1988-89,1988-89,1
rothsc01,Scott Roth,MIN,Minnesota Timberwolves,MIN,1989-90,1989-90,1
wedmasc01,Scott Wedman,SAC,Sacramento Kings,KCK,1979-80,1980-81,2
wedmasc01,Scott Wedman,CLE,Cleveland Cavaliers,CLE,1981-82,1982-83,2
wedmasc01,Scott Wedman,BOS,Boston Celtics,BOS,1982-83,1986-87,5
pippesc01,Scottie Pippen,CHI,Chicago Bulls,CHI,1987-88,2003-04,12
pippesc01,Scottie Pippen,HOU,Houston Rockets,HOU,1998-99,1998-99,1
pippesc01,Scottie Pippen,POR,Portland Trail Blazers,POR,1999-00,2002-03,4
hopsosc01,Scotty Hopson,CLE,Cleveland Cavaliers,CLE,2013-14,2013-14,1
hopsosc01,Scotty Hopson,DAL,Dallas Mavericks,DAL,2017-18,2017-18,1
hopsosc01,Scotty Hopson,OKC,Oklahoma City Thunder,OKC,2021-22,2021-22,1
greense01,Sean Green,IND,Indiana Pacers,IND,1991-92,1992-93,2
greense01,Sean Green,PHI,Philadelphia 76ers,PHI,1993-94,1993-94,1
greense01,Sean Green,UTA,Utah Jazz,UTA,1993-94,1993-94,1
willise01,Sean Williams,BKN,Brooklyn Nets,NJN,2007-08,2009-10,3
willise01,Sean Williams,DAL,Dallas Mavericks,DAL,2011-12,2011-12,1
willise01,Sean Williams,BOS,Boston Celtics,BOS,2011-12,2011-12,1
ojelese01,Semi Ojeleye,BOS,Boston Celtics,BOS,2017-18,2020-21,4
ojelese01,Semi Ojeleye,MIL,Milwaukee Bucks,MIL,2021-22,2021-22,1
ojelese01,Semi Ojeleye,LAC,LA Clippers,LAC,2021-22,2021-22,1
battish01,Shane Battier,MEM,Memphis Grizzlies,MEM,2001-02,2010-11,6
battish01,Shane Battier,HOU,Houston Rockets,HOU,2006-07,2010-11,5
battish01,Shane Battier,MIA,Miami Heat,MIA,2011-12,2013-14,3
bradlsh01,Shawn Bradley,PHI,Philadelphia 76ers,PHI,1993-94,1995-96,3
bradlsh01,Shawn Bradley,BKN,Brooklyn Nets,NJN,1995-96,1996-97,2
bradlsh01,Shawn Bradley,DAL,Dallas Mavericks,DAL,1996-97,2004-05,9
scottsh01,Shawnelle Scott,CLE,Cleveland Cavaliers,CLE,1996-97,1997-98,2
scottsh01,Shawnelle Scott,SAS,San Antonio Spurs,SAS,2000-01,2000-01,1
scottsh01,Shawnelle Scott,DEN,Denver Nuggets,DEN,2001-02,2001-02,1
jonessh01,Shelton Jones,SAS,San Antonio Spurs,SAS,1988-89,1988-89,1
jonessh01,Shelton Jones,GSW,Golden State Warriors,GSW,1988-89,1988-89,1
jonessh01,Shelton Jones,PHI,Philadelphia 76ers,PHI,1988-89,1988-89,1
fontesi01,Simone Fontecchio,UTA,Utah Jazz,UTA,2022-23,2023-24,2
fontesi01,Simone Fontecchio,DET,Detroit Pistons,DET,2023-24,2024-25,2
fontesi01,Simone Fontecchio,MIA,Miami Heat,MIA,2025-26,2025-26,1
thornsi01,Sindarius Thornwell,LAC,LA Clippers,LAC,2017-18,2018-19,2
thornsi01,Sindarius Thornwell,NOP,New Orleans Pelicans,NOP,2019-20,2020-21,2
thornsi01,Sindarius Thornwell,ORL,Orlando Magic,ORL,2020-21,2020-21,1
labissk01,Skal Labissière,SAC,Sacramento Kings,SAC,2016-17,2024-25,4
labissk01,Skal Labissière,POR,Portland Trail Blazers,POR,2018-19,2019-20,2
labissk01,Skal Labissière,WAS,Washington Wizards,WAS,2025-26,2025-26,1
mayssk01,Skylar Mays,ATL,Atlanta Hawks,ATL,2020-21,2021-22,2
mayssk01,Skylar Mays,POR,Portland Trail Blazers,POR,2022-23,2023-24,2
mayssk01,Skylar Mays,LAL,Los Angeles Lakers,LAL,2023-24,2023-24,1
willisl01,Sly Williams,NYK,New York Knicks,NYK,1979-80,1982-83,4
willisl01,Sly Williams,ATL,Atlanta Hawks,ATL,1983-84,1984-85,2
willisl01,Sly Williams,BOS,Boston Celtics,BOS,1985-86,1985-86,1
umudest01,Stanley Umude,DET,Detroit Pistons,DET,2022-23,2023-24,2
umudest01,Stanley Umude,MIL,Milwaukee Bucks,MIL,2024-25,2024-25,1
umudest01,Stanley Umude,SAS,San Antonio Spurs,SAS,2025-26,2025-26,1
howarst01,Stephen Howard,UTA,Utah Jazz,UTA,1992-93,1996-97,3
howarst01,Stephen Howard,SAS,San Antonio Spurs,SAS,1996-97,1996-97,1
howarst01,Stephen Howard,OKC,Oklahoma City Thunder,SEA,1997-98,1997-98,1
bardost01,Steve Bardo,SAS,San Antonio Spurs,SAS,1991-92,1991-92,1
bardost01,Steve Bardo,DAL,Dallas Mavericks,DAL,1992-93,1992-93,1
bardost01,Steve Bardo,DET,Detroit Pistons,DET,1995-96,1995-96,1
francst01,Steve Francis,HOU,Houston Rockets,HOU,1999-00,2007-08,6
francst01,Steve Francis,ORL,Orlando Magic,ORL,2004-05,2005-06,2
francst01,Steve Francis,NYK,New York Knicks,NYK,2005-06,2006-07,2
malovst01,Steve Malovic,WAS,Washington Wizards,WSB,1979-80,1979-80,1
malovst01,Steve Malovic,LAC,LA Clippers,SDC,1979-80,1979-80,1
malovst01,Steve Malovic,DET,Detroit Pistons,DET,1979-80,1979-80,1
mixst01,Steve Mix,PHI,Philadelphia 76ers,PHI,1979-80,1981-82,3
mixst01,Steve Mix,MIL,Milwaukee Bucks,MIL,1982-83,1982-83,1
mixst01,Steve Mix,LAL,Los Angeles Lakers,LAL,1982-83,1982-83,1
nashst01,Steve Nash,PHX,Phoenix Suns,PHO,1996-97,2011-12,10
nashst01,Steve Nash,DAL,Dallas Mavericks,DAL,1998-99,2003-04,6
nashst01,Steve Nash,LAL,Los Angeles Lakers,LAL,2012-13,2013-14,2
grangst01,Stewart Granger,CLE,Cleveland Cavaliers,CLE,1983-84,1983-84,1
grangst01,Stewart Granger,ATL,Atlanta Hawks,ATL,1984-85,1984-85,1
grangst01,Stewart Granger,NYK,New York Knicks,NYK,1986-87,1986-87,1
vrankst01,Stojko Vranković,BOS,Boston Celtics,BOS,1990-91,1991-92,2
vrankst01,Stojko Vranković,MIN,Minnesota Timberwolves,MIN,1996-97,1996-97,1
vrankst01,Stojko Vranković,LAC,LA Clippers,LAC,1997-98,1998-99,2
grayst01,Stuart Gray,IND,Indiana Pacers,IND,1984-85,1988-89,5
grayst01,Stuart Gray,CHA,Charlotte Hornets,CHH,1989-90,1989-90,1
grayst01,Stuart Gray,NYK,New York Knicks,NYK,1989-90,1990-91,2
dunntr01,T.R. Dunn,POR,Portland Trail Blazers,POR,1979-80,1979-80,1
dunntr01,T.R. Dunn,DEN,Denver Nuggets,DEN,1980-81,1990-91,10
dunntr01,T.R. Dunn,PHX,Phoenix Suns,PHO,1988-89,1988-89,1
hortota01,Talen Horton-Tucker,LAL,Los Angeles Lakers,LAL,2019-20,2021-22,3
hortota01,Talen Horton-Tucker,UTA,Utah Jazz,UTA,2022-23,2023-24,2
hortota01,Talen Horton-Tucker,CHI,Chicago Bulls,CHI,2024-25,2024-25,1
frankte01,Tellis Frank,GSW,Golden State Warriors,GSW,1987-88,1988-89,2
frankte01,Tellis Frank,MIA,Miami Heat,MIA,1989-90,1989-90,1
frankte01,Tellis Frank,MIN,Minnesota Timberwolves,MIN,1991-92,1993-94,2
mannte01,Terance Mann,LAC,LA Clippers,LAC,2019-20,2024-25,6
mannte01,Terance Mann,ATL,Atlanta Hawks,ATL,2024-25,2024-25,1
mannte01,Terance Mann,BKN,Brooklyn Nets,BRK,2025-26,2025-26,1
brandte01,Terrell Brandon,CLE,Cleveland Cavaliers,CLE,1991-92,1996-97,6
brandte01,Terrell Brandon,MIL,Milwaukee Bucks,MIL,1997-98,1998-99,2
brandte01,Terrell Brandon,MIN,Minnesota Timberwolves,MIN,1998-99,2001-02,4
joneste01,Terrence Jones,HOU,Houston Rockets,HOU,2012-13,2018-19,5
joneste01,Terrence Jones,NOP,New Orleans Pelicans,NOP,2016-17,2016-17,1
joneste01,Terrence Jones,MIL,Milwaukee Bucks,MIL,2016-17,2016-17,1
rosste01,Terrence Ross,TOR,Toronto Raptors,TOR,2012-13,2016-17,5
rosste01,Terrence Ross,ORL,Orlando Magic,ORL,2016-17,2022-23,7
rosste01,Terrence Ross,PHX,Phoenix Suns,PHO,2022-23,2022-23,1
catlete01,Terry Catledge,PHI,Philadelphia 76ers,PHI,1985-86,1985-86,1
catlete01,Terry Catledge,WAS,Washington Wizards,WSB,1986-87,1988-89,3
catlete01,Terry Catledge,ORL,Orlando Magic,ORL,1989-90,1992-93,4
deherte01,Terry Dehere,LAC,LA Clippers,LAC,1993-94,1996-97,4
deherte01,Terry Dehere,SAC,Sacramento Kings,SAC,1997-98,1998-99,2
deherte01,Terry Dehere,MEM,Memphis Grizzlies,VAN,1998-99,1998-99,1
roziete01,Terry Rozier,BOS,Boston Celtics,BOS,2015-16,2018-19,4
roziete01,Terry Rozier,CHA,Charlotte Hornets,CHO,2019-20,2023-24,5
roziete01,Terry Rozier,MIA,Miami Heat,MIA,2023-24,2024-25,2
taylote01,Terry Taylor,IND,Indiana Pacers,IND,2021-22,2022-23,2
taylote01,Terry Taylor,CHI,Chicago Bulls,CHI,2022-23,2023-24,2
taylote01,Terry Taylor,SAC,Sacramento Kings,SAC,2024-25,2024-25,1
tylerte01,Terry Tyler,DET,Detroit Pistons,DET,1979-80,1984-85,6
tylerte01,Terry Tyler,SAC,Sacramento Kings,SAC,1985-86,1987-88,3
tylerte01,Terry Tyler,DAL,Dallas Mavericks,DAL,1988-89,1988-89,1
pinsoth01,Theo Pinson,BKN,Brooklyn Nets,BRK,2018-19,2019-20,2
pinsoth01,Theo Pinson,NYK,New York Knicks,NYK,2020-21,2020-21,1
pinsoth01,Theo Pinson,DAL,Dallas Mavericks,DAL,2021-22,2022-23,2
makerth01,Thon Maker,MIL,Milwaukee Bucks,MIL,2016-17,2018-19,3
makerth01,Thon Maker,DET,Detroit Pistons,DET,2018-19,2019-20,2
makerth01,Thon Maker,CLE,Cleveland Cavaliers,CLE,2020-21,2020-21,1
maledth01,Théo Maledon,OKC,Oklahoma City Thunder,OKC,2020-21,2021-22,2
maledth01,Théo Maledon,CHA,Charlotte Hornets,CHO,2022-23,2023-24,2
maledth01,Théo Maledon,PHX,Phoenix Suns,PHO,2023-24,2023-24,1
splitti01,Tiago Splitter,SAS,San Antonio Spurs,SAS,2010-11,2014-15,5
splitti01,Tiago Splitter,ATL,Atlanta Hawks,ATL,2015-16,2015-16,1
splitti01,Tiago Splitter,PHI,Philadelphia 76ers,PHI,2016-17,2016-17,1
jamesti01,Tim James,MIA,Miami Heat,MIA,1999-00,1999-00,1
jamesti01,Tim James,CHA,Charlotte Hornets,CHH,2000-01,2000-01,1
jamesti01,Tim James,PHI,Philadelphia 76ers,PHI,2001-02,2001-02,1
perryti01,Tim Perry,PHX,Phoenix Suns,PHO,1988-89,1991-92,4
perryti01,Tim Perry,PHI,Philadelphia 76ers,PHI,1992-93,1995-96,4
perryti01,Tim Perry,BKN,Brooklyn Nets,NJN,1995-96,1995-96,1
lagarto01,Tom LaGarde,OKC,Oklahoma City Thunder,SEA,1979-80,1979-80,1
lagarto01,Tom LaGarde,DAL,Dallas Mavericks,DAL,1980-81,1981-82,2
lagarto01,Tom LaGarde,BKN,Brooklyn Nets,NJN,1984-85,1984-85,1
owensto01,Tom Owens,POR,Portland Trail Blazers,POR,1979-80,1980-81,2
owensto01,Tom Owens,IND,Indiana Pacers,IND,1981-82,1981-82,1
owensto01,Tom Owens,DET,Detroit Pistons,DET,1982-83,1982-83,1
allento01,Tony Allen,BOS,Boston Celtics,BOS,2004-05,2009-10,6
allento01,Tony Allen,MEM,Memphis Grizzlies,MEM,2010-11,2016-17,7
allento01,Tony Allen,NOP,New Orleans Pelicans,NOP,2017-18,2017-18,1
dumasto01,Tony Dumas,DAL,Dallas Mavericks,DAL,1994-95,1996-97,3
dumasto01,Tony Dumas,PHX,Phoenix Suns,PHO,1996-97,1996-97,1
dumasto01,Tony Dumas,CLE,Cleveland Cavaliers,CLE,1997-98,1997-98,1
whiteto01,Tony White,CHI,Chicago Bulls,CHI,1987-88,1987-88,1
whiteto01,Tony White,NYK,New York Knicks,NYK,1987-88,1987-88,1
whiteto01,Tony White,GSW,Golden State Warriors,GSW,1987-88,1987-88,1
murryto01,Toure' Murry,NYK,New York Knicks,NYK,2013-14,2013-14,1
murryto01,Toure' Murry,UTA,Utah Jazz,UTA,2014-15,2014-15,1
murryto01,Toure' Murry,WAS,Washington Wizards,WAS,2014-15,2014-15,1
jackstr01,Tracy Jackson,BOS,Boston Celtics,BOS,1981-82,1981-82,1
jackstr01,Tracy Jackson,CHI,Chicago Bulls,CHI,1981-82,1982-83,2
jackstr01,Tracy Jackson,IND,Indiana Pacers,IND,1983-84,1983-84,1
mooretr01,Tracy Moore,DAL,Dallas Mavericks,DAL,1991-92,1992-93,2
mooretr01,Tracy Moore,DET,Detroit Pistons,DET,1993-94,1993-94,1
mooretr01,Tracy Moore,HOU,Houston Rockets,HOU,1995-96,1996-97,2
dienetr01,Travis Diener,ORL,Orlando Magic,ORL,2005-06,2006-07,2
dienetr01,Travis Diener,IND,Indiana Pacers,IND,2007-08,2009-10,3
dienetr01,Travis Diener,POR,Portland Trail Blazers,POR,2009-10,2009-10,1
knightr01,Travis Knight,LAL,Los Angeles Lakers,LAL,1996-97,1999-00,3
knightr01,Travis Knight,BOS,Boston Celtics,BOS,1997-98,1997-98,1
knightr01,Travis Knight,NYK,New York Knicks,NYK,2000-01,2002-03,3
fowlktr01,Tremaine Fowlkes,LAC,LA Clippers,LAC,2001-02,2002-03,2
fowlktr01,Tremaine Fowlkes,DET,Detroit Pistons,DET,2003-04,2003-04,1
fowlktr01,Tremaine Fowlkes,IND,Indiana Pacers,IND,2004-05,2004-05,1
watertr01,Tremont Waters,BOS,Boston Celtics,BOS,2019-20,2020-21,2
watertr01,Tremont Waters,TOR,Toronto Raptors,TOR,2021-22,2021-22,1
watertr01,Tremont Waters,WAS,Washington Wizards,WAS,2021-22,2021-22,1
watfotr01,Trendon Watford,POR,Portland Trail Blazers,POR,2021-22,2022-23,2
watfotr01,Trendon Watford,BKN,Brooklyn Nets,BRK,2023-24,2024-25,2
watfotr01,Trendon Watford,PHI,Philadelphia 76ers,PHI,2025-26,2025-26,1
tucketr01,Trent Tucker,NYK,New York Knicks,NYK,1982-83,1990-91,9
tucketr01,Trent Tucker,SAS,San Antonio Spurs,SAS,1991-92,1991-92,1
tucketr01,Trent Tucker,CHI,Chicago Bulls,CHI,1992-93,1992-93,1
queentr01,Trevelin Queen,HOU,Houston Rockets,HOU,2021-22,2021-22,1
queentr01,Trevelin Queen,IND,Indiana Pacers,IND,2022-23,2022-23,1
queentr01,Trevelin Queen,ORL,Orlando Magic,ORL,2023-24,2024-25,2
newtotr01,Tristen Newton,IND,Indiana Pacers,IND,2024-25,2024-25,1
newtotr01,Tristen Newton,MIN,Minnesota Timberwolves,MIN,2024-25,2024-25,1
newtotr01,Tristen Newton,HOU,Houston Rockets,HOU,2025-26,2025-26,1
dorsety01,Tyler Dorsey,ATL,Atlanta Hawks,ATL,2017-18,2018-19,2
dorsety01,Tyler Dorsey,MEM,Memphis Grizzlies,MEM,2018-19,2018-19,1
dorsety01,Tyler Dorsey,DAL,Dallas Mavericks,DAL,2022-23,2022-23,1
hansbty01,Tyler Hansbrough,IND,Indiana Pacers,IND,2009-10,2012-13,4
hansbty01,Tyler Hansbrough,TOR,Toronto Raptors,TOR,2013-14,2014-15,2
hansbty01,Tyler Hansbrough,CHA,Charlotte Hornets,CHO,2015-16,2015-16,1
martity01,Tyrese Martin,ATL,Atlanta Hawks,ATL,2022-23,2022-23,1
martity01,Tyrese Martin,BKN,Brooklyn Nets,BRK,2024-25,2025-26,2
martity01,Tyrese Martin,PHI,Philadelphia 76ers,PHI,2025-26,2025-26,1
wallaty01,Tyrone Wallace,LAC,LA Clippers,LAC,2017-18,2018-19,2
wallaty01,Tyrone Wallace,ATL,Atlanta Hawks,ATL,2019-20,2019-20,1
wallaty01,Tyrone Wallace,NOP,New Orleans Pelicans,NOP,2021-22,2021-22,1
thomaty01,Tyrus Thomas,CHI,Chicago Bulls,CHI,2006-07,2009-10,4
thomaty01,Tyrus Thomas,CHA,Charlotte Hornets,CHA,2009-10,2012-13,4
thomaty01,Tyrus Thomas,MEM,Memphis Grizzlies,MEM,2014-15,2014-15,1
edneyty01,Tyus Edney,SAC,Sacramento Kings,SAC,1995-96,1996-97,2
edneyty01,Tyus Edney,BOS,Boston Celtics,BOS,1997-98,1997-98,1
edneyty01,Tyus Edney,IND,Indiana Pacers,IND,2000-01,2000-01,1
blabuw01,Uwe Blab,DAL,Dallas Mavericks,DAL,1985-86,1988-89,4
blabuw01,Uwe Blab,GSW,Golden State Warriors,GSW,1989-90,1989-90,1
blabuw01,Uwe Blab,SAS,San Antonio Spurs,SAS,1989-90,1989-90,1
micicva01,Vasilije Micić,OKC,Oklahoma City Thunder,OKC,2023-24,2023-24,1
micicva01,Vasilije Micić,CHA,Charlotte Hornets,CHO,2023-24,2024-25,2
micicva01,Vasilije Micić,PHX,Phoenix Suns,PHO,2024-25,2024-25,1
johnsvi01,Vinnie Johnson,OKC,Oklahoma City Thunder,SEA,1979-80,1981-82,3
johnsvi01,Vinnie Johnson,DET,Detroit Pistons,DET,1981-82,1990-91,10
johnsvi01,Vinnie Johnson,SAS,San Antonio Spurs,SAS,1991-92,1991-92,1
divacvl01,Vlade Divac,LAL,Los Angeles Lakers,LAL,1989-90,2004-05,8
divacvl01,Vlade Divac,CHA,Charlotte Hornets,CHH,1996-97,1997-98,2
divacvl01,Vlade Divac,SAC,Sacramento Kings,SAC,1998-99,2003-04,6
krejcvi01,Vít Krejčí,OKC,Oklahoma City Thunder,OKC,2021-22,2021-22,1
krejcvi01,Vít Krejčí,ATL,Atlanta Hawks,ATL,2022-23,2025-26,4
krejcvi01,Vít Krejčí,POR,Portland Trail Blazers,POR,2025-26,2025-26,1
russewa01,Walker Russell,DET,Detroit Pistons,DET,1982-83,1987-88,4
russewa01,Walker Russell,ATL,Atlanta Hawks,ATL,1984-85,1984-85,1
russewa01,Walker Russell,IND,Indiana Pacers,IND,1986-87,1986-87,1
bryanwa01,Wallace Bryant,CHI,Chicago Bulls,CHI,1983-84,1983-84,1
bryanwa01,Wallace Bryant,DAL,Dallas Mavericks,DAL,1984-85,1985-86,2
bryanwa01,Wallace Bryant,LAC,LA Clippers,LAC,1985-86,1985-86,1
bondwa01,Walter Bond,DAL,Dallas Mavericks,DAL,1992-93,1992-93,1
bondwa01,Walter Bond,UTA,Utah Jazz,UTA,1993-94,1994-95,2
bondwa01,Walter Bond,DET,Detroit Pistons,DET,1994-95,1994-95,1
daviswa03,Walter Davis,PHX,Phoenix Suns,PHO,1979-80,1987-88,9
daviswa03,Walter Davis,DEN,Denver Nuggets,DEN,1988-89,1991-92,4
daviswa03,Walter Davis,POR,Portland Trail Blazers,POR,1990-91,1990-91,1
zhizhwa01,Wang Zhizhi,DAL,Dallas Mavericks,DAL,2000-01,2001-02,2
zhizhwa01,Wang Zhizhi,LAC,LA Clippers,LAC,2002-03,2003-04,2
zhizhwa01,Wang Zhizhi,MIA,Miami Heat,MIA,2003-04,2004-05,2
tisdawa01,Wayman Tisdale,IND,Indiana Pacers,IND,1985-86,1988-89,4
tisdawa01,Wayman Tisdale,SAC,Sacramento Kings,SAC,1988-89,1993-94,6
tisdawa01,Wayman Tisdale,PHX,Phoenix Suns,PHO,1994-95,1996-97,3
moorewe01,Wendell Moore Jr.,MIN,Minnesota Timberwolves,MIN,2022-23,2023-24,2
moorewe01,Wendell Moore Jr.,DET,Detroit Pistons,DET,2024-25,2025-26,2
moorewe01,Wendell Moore Jr.,CHA,Charlotte Hornets,CHO,2024-25,2024-25,1
bynumwi01,Will Bynum,GSW,Golden State Warriors,GSW,2005-06,2005-06,1
bynumwi01,Will Bynum,DET,Detroit Pistons,DET,2008-09,2013-14,6
bynumwi01,Will Bynum,WAS,Washington Wizards,WAS,2014-15,2014-15,1
perduwi01,Will Perdue,CHI,Chicago Bulls,CHI,1988-89,1999-00,8
perduwi01,Will Perdue,SAS,San Antonio Spurs,SAS,1995-96,1998-99,4
perduwi01,Will Perdue,POR,Portland Trail Blazers,POR,2000-01,2000-01,1
solomwi01,Will Solomon,MEM,Memphis Grizzlies,MEM,2001-02,2001-02,1
solomwi01,Will Solomon,TOR,Toronto Raptors,TOR,2008-09,2008-09,1
solomwi01,Will Solomon,SAC,Sacramento Kings,SAC,2008-09,2008-09,1
bedfowi01,William Bedford,PHX,Phoenix Suns,PHO,1986-87,1986-87,1
bedfowi01,William Bedford,DET,Detroit Pistons,DET,1987-88,1991-92,4
bedfowi01,William Bedford,SAS,San Antonio Spurs,SAS,1992-93,1992-93,1
hernawi01,Willy Hernangómez,NYK,New York Knicks,NYK,2016-17,2017-18,2
hernawi01,Willy Hernangómez,CHA,Charlotte Hornets,CHO,2017-18,2019-20,3
hernawi01,Willy Hernangómez,NOP,New Orleans Pelicans,NOP,2020-21,2022-23,3
henryxa01,Xavier Henry,MEM,Memphis Grizzlies,MEM,2010-11,2010-11,1
henryxa01,Xavier Henry,NOP,New Orleans Pelicans,NOH,2011-12,2012-13,2
henryxa01,Xavier Henry,LAL,Los Angeles Lakers,LAL,2013-14,2014-15,2
sneedxa01,Xavier Sneed,MEM,Memphis Grizzlies,MEM,2021-22,2021-22,1
sneedxa01,Xavier Sneed,UTA,Utah Jazz,UTA,2021-22,2021-22,1
sneedxa01,Xavier Sneed,CHA,Charlotte Hornets,CHO,2022-23,2022-23,1
tillmxa01,Xavier Tillman Sr.,MEM,Memphis Grizzlies,MEM,2020-21,2023-24,4
tillmxa01,Xavier Tillman Sr.,BOS,Boston Celtics,BOS,2023-24,2025-26,3
tillmxa01,Xavier Tillman Sr.,CHA,Charlotte Hornets,CHO,2025-26,2025-26,1
colliza01,Zach Collins,POR,Portland Trail Blazers,POR,2017-18,2019-20,3
colliza01,Zach Collins,SAS,San Antonio Spurs,SAS,2021-22,2024-25,4
colliza01,Zach Collins,CHI,Chicago Bulls,CHI,2024-25,2025-26,2
lavinza01,Zach LaVine,MIN,Minnesota Timberwolves,MIN,2014-15,2016-17,3
lavinza01,Zach LaVine,CHI,Chicago Bulls,CHI,2017-18,2024-25,8
lavinza01,Zach LaVine,SAC,Sacramento Kings,SAC,2024-25,2025-26,2
asikom01,Ömer Aşık,CHI,Chicago Bulls,CHI,2010-11,2017-18,3
asikom01,Ömer Aşık,HOU,Houston Rockets,HOU,2012-13,2013-14,2
asikom01,Ömer Aşık,NOP,New Orleans Pelicans,NOP,2014-15,2017-18,4
rebraze01,Željko Rebrača,DET,Detroit Pistons,DET,2001-02,2003-04,3
rebraze01,Željko Rebrača,ATL,Atlanta Hawks,ATL,2003-04,2003-04,1
rebraze01,Željko Rebrača,LAC,LA Clippers,LAC,2004-05,2005-06,2
